game_id,season,week,home,away,home won,market_wp,result,spread_line,model_wp,basis,home_moneyline,away_moneyline,home_score,away_score,gameday,bet_side,bet_team,bet_price,bet_band,bet_q,bet_result,units,null_ev,market_ml_wp,fav_units,model_spread
2021_01_ARI_TEN,2021,1,TEN,ARI,0.0,0.5782326921098653,-25.0,2.5,0.4776625377088212,backtest (recipe chosen on these seasons),-146.0,131.0,13.0,38.0,2021-09-12,away,ARI,131.0,+130 to +174,0.4217673078901348,W,1.31,-0.025717518773788695,0.5782326921098653,-1.0,-0.692979807754027
2021_01_BAL_LV,2021,1,LV,BAL,1.0,0.39101972672553925,6.0,-3.0,0.12473303837760039,backtest (recipe chosen on these seasons),149.0,-167.0,33.0,27.0,2021-09-13,away,BAL,-167.0,−174 to −130,0.6089802732744606,L,-1.0,-0.026360880453407343,0.39101972672553925,-1.0,-14.245875880565947
2021_01_CHI_LA,2021,1,LA,CHI,1.0,0.7711337105475873,20.0,9.5,0.7921620559016787,backtest (recipe chosen on these seasons),-387.0,324.0,34.0,14.0,2021-09-12,home,LA,-387.0,≤ −250,0.7711337105475873,W,0.25839793281653745,-0.029606932721770035,0.7711337105475873,0.25839793281653745,10.0685119908088
2021_01_CLE_KC,2021,1,KC,CLE,1.0,0.6873022714142923,4.0,5.5,0.7923190851291759,backtest (recipe chosen on these seasons),-241.0,211.0,33.0,29.0,2021-09-12,home,KC,-241.0,−249 to −175,0.6873022714142923,W,0.4149377593360996,-0.027510064098449416,0.6873022714142923,0.4149377593360996,10.075294632291499
2021_01_DAL_TB,2021,1,TB,DAL,1.0,0.7849902733695097,2.0,10.0,0.8226963639168371,backtest (recipe chosen on these seasons),-425.0,351.0,31.0,29.0,2021-09-09,home,TB,-425.0,≤ −250,0.7849902733695097,W,0.23529411764705882,-0.030306132896488064,0.7849902733695097,0.23529411764705882,11.450781351067413
2021_01_DEN_NYG,2021,1,NYG,DEN,0.0,0.43316719528772085,-14.0,-3.0,0.6882433167434304,backtest (recipe chosen on these seasons),125.0,-139.0,13.0,27.0,2021-09-12,home,NYG,125.0,+100 to +129,0.43316719528772085,L,-1.0,-0.02537381060262811,0.43316719528772085,0.7194244604316546,6.072149868562329
2021_01_GB_NO,2021,1,NO,GB,1.0,0.37207701067238685,35.0,-4.0,0.22630606021924723,backtest (recipe chosen on these seasons),162.0,-181.0,38.0,3.0,2021-09-12,away,GB,-181.0,−249 to −175,0.6279229893276131,L,-1.0,-0.02515823203834644,0.37207701067238685,-1.0,-9.29070319333693
2021_01_JAX_HOU,2021,1,HOU,JAX,1.0,0.3837038708949329,16.0,-3.5,0.6512512338145032,backtest (recipe chosen on these seasons),154.0,-172.0,37.0,21.0,2021-09-12,home,HOU,154.0,+130 to +174,0.3837038708949329,W,1.54,-0.02539216792687038,0.3837038708949329,-1.0,4.80822819592854
2021_01_LAC_WAS,2021,1,WAS,LAC,0.0,0.5500363507751557,-4.0,2.5,0.5825290911000797,backtest (recipe chosen on these seasons),-129.0,117.0,16.0,20.0,2021-09-12,home,WAS,-129.0,−129 to −100,0.5500363507751557,L,-1.0,-0.023578881182087952,0.5500363507751557,-1.0,2.5775093469884243
2021_01_MIA_NE,2021,1,NE,MIA,0.0,0.617727368199958,-1.0,3.5,0.5922055755646037,backtest (recipe chosen on these seasons),-173.0,155.0,16.0,17.0,2021-09-12,home,NE,-173.0,−174 to −130,0.617727368199958,L,-1.0,-0.02520478890989286,0.617727368199958,-1.0,2.8849589188250455
2021_01_MIN_CIN,2021,1,CIN,MIN,1.0,0.43949878436506445,3.0,-3.0,0.4076381486933005,backtest (recipe chosen on these seasons),122.0,-135.0,27.0,24.0,2021-09-12,away,MIN,-135.0,−174 to −130,0.5605012156349355,L,-1.0,-0.024312698709556768,0.43949878436506445,-1.0,-2.8899383852207348
2021_01_NYJ_CAR,2021,1,CAR,NYJ,1.0,0.6310538349615464,5.0,3.5,0.33300627108763453,backtest (recipe chosen on these seasons),-184.0,164.0,19.0,14.0,2021-09-12,away,NYJ,164.0,+130 to +174,0.3689461650384535,L,-1.0,-0.02598212429848268,0.6310538349615464,0.5434782608695652,-5.339225809415201
2021_01_PHI_ATL,2021,1,ATL,PHI,0.0,0.6265670845558816,-26.0,3.5,0.5426785883888545,backtest (recipe chosen on these seasons),-180.0,161.0,6.0,32.0,2021-09-12,home,ATL,-180.0,−249 to −175,0.6265670845558816,L,-1.0,-0.025340090690850803,0.6265670845558816,-1.0,1.3258689682449878
2021_01_PIT_BUF,2021,1,BUF,PIT,0.0,0.7072057697217258,-7.0,6.5,0.80428894637575,backtest (recipe chosen on these seasons),-267.0,232.0,16.0,23.0,2021-09-12,home,BUF,-267.0,≤ −250,0.7072057697217258,L,-1.0,-0.027923155476129724,0.7072057697217258,-1.0,10.601599828993253
2021_01_SEA_IND,2021,1,IND,SEA,0.0,0.4207141879874127,-12.0,-3.0,0.3152905522651828,backtest (recipe chosen on these seasons),132.0,-146.0,16.0,28.0,2021-09-12,away,SEA,-146.0,−174 to −130,0.5792858120125872,W,0.684931506849315,-0.023943083869202353,0.4207141879874127,0.684931506849315,-5.94884557340064
2021_01_SF_DET,2021,1,DET,SF,0.0,0.2184424838819138,-8.0,-9.5,0.4035507133169455,backtest (recipe chosen on these seasons),344.0,-415.0,33.0,41.0,2021-09-12,away,SF,-415.0,≤ −250,0.7815575161180862,W,0.24096385542168675,-0.030115371564302662,0.2184424838819138,0.24096385542168675,-3.0203467041281153
2021_02_ATL_TB,2021,2,TB,ATL,1.0,0.8579119575560857,23.0,13.5,0.8766221997643121,backtest (recipe chosen on these seasons),-772.0,582.0,48.0,25.0,2021-09-19,home,TB,-772.0,≤ −250,0.8579119575560857,W,0.12953367875647667,-0.03095955053250421,0.8579119575560857,0.12953367875647667,14.327747428839961
2021_02_BUF_MIA,2021,2,MIA,BUF,0.0,0.3747984954325632,-35.0,-3.5,0.2621606242699634,backtest (recipe chosen on these seasons),160.0,-179.0,0.0,35.0,2021-09-19,away,BUF,-179.0,−249 to −175,0.6252015045674368,W,0.5586592178770949,-0.025523911875335925,0.3747984954325632,0.5586592178770949,-7.875960488330777
2021_02_CIN_CHI,2021,2,CHI,CIN,1.0,0.5440238883060285,3.0,2.0,0.6267384135820229,backtest (recipe chosen on these seasons),-126.0,114.0,20.0,17.0,2021-09-19,home,CHI,-126.0,−129 to −100,0.5440238883060285,W,0.7936507936507936,-0.02421112097490119,0.5440238883060285,0.7936507936507936,3.998320629128825
2021_02_DAL_LAC,2021,2,LAC,DAL,0.0,0.5850622406639003,-3.0,3.0,0.5721137446499188,backtest (recipe chosen on these seasons),-150.0,135.0,17.0,20.0,2021-09-19,home,LAC,-150.0,−174 to −130,0.5850622406639003,L,-1.0,-0.02489626556016611,0.5850622406639003,-1.0,2.2483486013377156
2021_02_DEN_JAX,2021,2,JAX,DEN,0.0,0.31269772858570755,-10.0,-6.0,0.24572166672645865,backtest (recipe chosen on these seasons),211.0,-241.0,13.0,23.0,2021-09-19,away,DEN,-241.0,−249 to −175,0.6873022714142923,W,0.4149377593360996,-0.027510064098449416,0.31269772858570755,0.4149377593360996,-8.510745589417468
2021_02_DET_GB,2021,2,GB,DET,1.0,0.8061357702349868,18.0,11.5,0.9386054379800733,backtest (recipe chosen on these seasons),-494.0,400.0,35.0,17.0,2021-09-20,home,GB,-494.0,≤ −250,0.8061357702349868,W,0.20242914979757085,-0.03067885117493485,0.8061357702349868,0.20242914979757085,19.089033814366896
2021_02_HOU_CLE,2021,2,CLE,HOU,1.0,0.8439623496250064,10.0,13.5,0.8695231650618265,backtest (recipe chosen on these seasons),-675.0,521.0,31.0,21.0,2021-09-19,home,CLE,-675.0,≤ −250,0.8439623496250064,W,0.14814814814814814,-0.03100619117128897,0.8439623496250064,0.14814814814814814,13.905610882286005
2021_02_KC_BAL,2021,2,BAL,KC,1.0,0.38514560209200854,1.0,-3.5,0.27772771075610236,backtest (recipe chosen on these seasons),153.0,-171.0,36.0,35.0,2021-09-19,away,KC,-171.0,−174 to −130,0.6148543979079913,L,-1.0,-0.02558162670721842,0.38514560209200854,-1.0,-7.293415275479321
2021_02_LA_IND,2021,2,IND,LA,0.0,0.3453742498018345,-3.0,-4.0,0.19461989582489714,backtest (recipe chosen on these seasons),182.0,-205.0,24.0,27.0,2021-09-19,away,LA,-205.0,−249 to −175,0.6546257501981656,W,0.4878048780487805,-0.02604461555882681,0.3453742498018345,0.4878048780487805,-10.650530727225739
2021_02_LV_PIT,2021,2,PIT,LV,0.0,0.6766178964388532,-9.0,5.5,0.8216814652230966,backtest (recipe chosen on these seasons),-228.0,201.0,17.0,26.0,2021-09-19,home,PIT,-228.0,−249 to −175,0.6766178964388532,L,-1.0,-0.02661986828094809,0.6766178964388532,-1.0,11.402567314622635
2021_02_MIN_ARI,2021,2,ARI,MIN,1.0,0.6392711044998141,1.0,4.0,0.5993132421462009,backtest (recipe chosen on these seasons),-191.0,170.0,34.0,33.0,2021-09-19,home,ARI,-191.0,−249 to −175,0.6392711044998141,W,0.5235602094240838,-0.02603198214949798,0.6392711044998141,0.5235602094240838,3.1119198403814585
2021_02_NE_NYJ,2021,2,NYJ,NE,0.0,0.31709972076293247,-19.0,-5.5,0.15786655319069384,backtest (recipe chosen on these seasons),207.0,-235.0,6.0,25.0,2021-09-19,away,NE,-235.0,−249 to −175,0.6829002792370676,W,0.425531914893617,-0.026503857257797192,0.31709972076293247,0.425531914893617,-12.410385796043816
2021_02_NO_CAR,2021,2,CAR,NO,1.0,0.4224502112251056,19.0,-3.0,0.2814401975480885,backtest (recipe chosen on these seasons),131.0,-145.0,26.0,7.0,2021-09-19,away,NO,-145.0,−174 to −130,0.5775497887748944,L,-1.0,-0.024140012070006045,0.4224502112251056,-1.0,-7.156891784345353
2021_02_NYG_WAS,2021,2,WAS,NYG,1.0,0.6471201212580523,1.0,4.0,0.5581395755001297,backtest (recipe chosen on these seasons),-198.0,176.0,30.0,29.0,2021-09-16,home,WAS,-198.0,−249 to −175,0.6471201212580523,W,0.5050505050505051,-0.02605153467222432,0.6471201212580523,0.5050505050505051,1.8091624340936037
2021_02_SF_PHI,2021,2,PHI,SF,0.0,0.4242002781641169,-6.0,-3.0,0.36926880241992066,backtest (recipe chosen on these seasons),130.0,-144.0,11.0,17.0,2021-09-19,away,SF,-144.0,−174 to −130,0.5757997218358832,W,0.6944444444444444,-0.024339360222531192,0.4242002781641169,0.6944444444444444,-4.128989267883632
2021_02_TEN_SEA,2021,2,SEA,TEN,0.0,0.7199692401445134,-3.0,6.5,0.8027107804218834,backtest (recipe chosen on these seasons),-286.0,247.0,30.0,33.0,2021-09-19,home,SEA,-286.0,≤ −250,0.7199692401445134,L,-1.0,-0.02829326330146098,0.7199692401445134,-1.0,10.531121951946483
2021_03_ARI_JAX,2021,3,JAX,ARI,0.0,0.2402841621395737,-12.0,-8.0,0.18020984696010917,backtest (recipe chosen on these seasons),304.0,-360.0,19.0,31.0,2021-09-26,away,ARI,-360.0,≤ −250,0.7597158378604262,W,0.2777777777777778,-0.029251984956122107,0.2402841621395737,0.2777777777777778,-11.313177198545368
2021_03_ATL_NYG,2021,3,NYG,ATL,0.0,0.5740354444580784,-3.0,3.0,0.6815556955379124,backtest (recipe chosen on these seasons),-143.0,129.0,14.0,17.0,2021-09-26,home,NYG,-143.0,−174 to −130,0.5740354444580784,L,-1.0,-0.02454116780899962,0.5740354444580784,-1.0,5.8393016741487305
2021_03_BAL_DET,2021,3,DET,BAL,0.0,0.24770150852450237,-2.0,-7.5,0.11925205324103126,backtest (recipe chosen on these seasons),292.0,-344.0,17.0,19.0,2021-09-26,away,BAL,-344.0,≤ −250,0.7522984914754975,W,0.29069767441860467,-0.029010086583950823,0.24770150852450237,0.29069767441860467,-14.580939766320368
2021_03_CAR_HOU,2021,3,HOU,CAR,0.0,0.21652231845436373,-15.0,-8.0,0.1175157292479746,backtest (recipe chosen on these seasons),348.0,-420.0,9.0,24.0,2021-09-23,away,CAR,-420.0,≤ −250,0.7834776815456361,W,0.23809523809523808,-0.029980013324450522,0.21652231845436373,0.23809523809523808,-14.689343560978159
2021_03_CHI_CLE,2021,3,CLE,CHI,1.0,0.7661538461538461,20.0,7.5,0.8138361521415811,backtest (recipe chosen on these seasons),-375.0,315.0,26.0,6.0,2021-09-26,home,CLE,-375.0,≤ −250,0.7661538461538461,W,0.26666666666666666,-0.029538461538461652,0.7661538461538461,0.26666666666666666,11.035545640523706
2021_03_CIN_PIT,2021,3,PIT,CIN,0.0,0.5686556434219986,-14.0,2.5,0.5052859792530107,backtest (recipe chosen on these seasons),-140.0,126.0,10.0,24.0,2021-09-26,home,PIT,-140.0,−174 to −130,0.5686556434219986,L,-1.0,-0.025161754133716685,0.5686556434219986,-1.0,0.16390711126068044
2021_03_GB_SF,2021,3,SF,GB,0.0,0.6252015045674368,-2.0,3.5,0.6398156698072682,backtest (recipe chosen on these seasons),-179.0,160.0,28.0,30.0,2021-09-26,home,SF,-179.0,−249 to −175,0.6252015045674368,L,-1.0,-0.025523911875335925,0.6252015045674368,-1.0,4.428041031629791
2021_03_IND_TEN,2021,3,TEN,IND,1.0,0.6455089820359281,9.0,4.5,0.5869354718274792,backtest (recipe chosen on these seasons),-196.0,175.0,25.0,16.0,2021-09-26,home,TEN,-196.0,−249 to −175,0.6455089820359281,W,0.5102040816326531,-0.02514970059880245,0.6455089820359281,0.5102040816326531,2.7173038310655953
2021_03_LAC_KC,2021,3,KC,LAC,0.0,0.7115258195992297,-6.0,6.5,0.6851179507298242,backtest (recipe chosen on these seasons),-273.0,237.0,24.0,30.0,2021-09-26,home,KC,-273.0,≤ −250,0.7115258195992297,L,-1.0,-0.027842012049404175,0.7115258195992297,-1.0,5.963068712501183
2021_03_MIA_LV,2021,3,LV,MIA,1.0,0.6430392656807752,3.0,4.0,0.695002988506931,backtest (recipe chosen on these seasons),-194.0,173.0,31.0,28.0,2021-09-26,home,LV,-194.0,−249 to −175,0.6430392656807752,W,0.5154639175257731,-0.02549719530851602,0.6430392656807752,0.5154639175257731,6.30971420124949
2021_03_NO_NE,2021,3,NE,NO,0.0,0.5757997218358832,-15.0,3.0,0.5672322010203398,backtest (recipe chosen on these seasons),-144.0,130.0,13.0,28.0,2021-09-26,home,NE,-144.0,−174 to −130,0.5757997218358832,L,-1.0,-0.024339360222531192,0.5757997218358832,-1.0,2.094635410147305
2021_03_NYJ_DEN,2021,3,DEN,NYJ,1.0,0.8299958535574039,26.0,10.5,0.8183253326870374,backtest (recipe chosen on these seasons),-597.0,470.0,26.0,0.0,2021-09-26,home,DEN,-597.0,≤ −250,0.8299958535574039,W,0.16750418760469013,-0.030976365277201795,0.8299958535574039,0.16750418760469013,11.244348540927046
2021_03_PHI_DAL,2021,3,DAL,PHI,1.0,0.6367156074014482,20.0,3.5,0.4161802272284682,backtest (recipe chosen on these seasons),-189.0,168.0,41.0,21.0,2021-09-27,away,PHI,168.0,+130 to +174,0.36328439259855194,L,-1.0,-0.02639782783588085,0.6367156074014482,0.5291005291005291,-2.6184219505702204
2021_03_SEA_MIN,2021,3,MIN,SEA,1.0,0.4672897196261682,13.0,-2.0,0.4403518533185078,backtest (recipe chosen on these seasons),109.0,-120.0,30.0,17.0,2021-09-26,away,SEA,-120.0,−129 to −100,0.5327102803738317,L,-1.0,-0.02336448598130847,0.4672897196261682,-1.0,-1.8564549854257937
2021_03_TB_LA,2021,3,LA,TB,1.0,0.497677011707861,10.0,-1.0,0.07335659957709238,backtest (recipe chosen on these seasons),-104.0,-106.0,34.0,24.0,2021-09-26,away,TB,-106.0,−129 to −100,0.5023229882921391,L,-1.0,-0.02378740011150332,0.497677011707861,-1.0,-17.95183182424978
2021_03_WAS_BUF,2021,3,BUF,WAS,1.0,0.7451549813311207,22.0,7.5,0.6882327815524129,backtest (recipe chosen on these seasons),-330.0,281.0,43.0,21.0,2021-09-26,home,BUF,-330.0,≤ −250,0.7451549813311207,W,0.30303030303030304,-0.02904047887157002,0.7451549813311207,0.30303030303030304,6.071781381074582
2021_04_ARI_LA,2021,4,LA,ARI,0.0,0.6495327102803738,-17.0,3.5,0.6502773524104037,backtest (recipe chosen on these seasons),-200.0,178.0,20.0,37.0,2021-10-03,home,LA,-200.0,−249 to −175,0.6495327102803738,L,-1.0,-0.025700934579439227,0.6495327102803738,-1.0,4.7756780838774215
2021_04_BAL_DEN,2021,4,DEN,BAL,0.0,0.5284039285250725,-16.0,1.0,0.5000168861574935,backtest (recipe chosen on these seasons),-118.0,107.0,7.0,23.0,2021-10-03,home,DEN,-118.0,−129 to −100,0.5284039285250725,L,-1.0,-0.023796132046900065,0.5284039285250725,-1.0,0.0005235889463682051
2021_04_CAR_DAL,2021,4,DAL,CAR,1.0,0.6595651218976498,8.0,4.5,0.5619751120651787,backtest (recipe chosen on these seasons),-210.0,186.0,36.0,28.0,2021-10-03,home,DAL,-210.0,−249 to −175,0.6595651218976498,W,0.47619047619047616,-0.026356248627278867,0.6595651218976498,0.47619047619047616,1.9294570647998304
2021_04_CLE_MIN,2021,4,MIN,CLE,0.0,0.5011531365313653,-7.0,-1.0,0.4492317536823883,backtest (recipe chosen on these seasons),-106.0,-105.0,7.0,14.0,2021-10-03,away,CLE,-105.0,−129 to −100,0.4988468634686347,W,0.9523809523809523,-0.026060885608856055,0.5011531365313653,-1.0,-1.5784436319507058
2021_04_DET_CHI,2021,4,CHI,DET,1.0,0.582716381747207,10.0,3.0,0.007389554299042937,backtest (recipe chosen on these seasons),-148.0,134.0,24.0,14.0,2021-10-03,away,DET,134.0,+130 to +174,0.4172836182527931,L,-1.0,-0.023556333288464182,0.582716381747207,0.6756756756756757,-30.15493191620048
2021_04_HOU_BUF,2021,4,BUF,HOU,1.0,0.9107142857142858,40.0,19.0,0.9598911053044863,backtest (recipe chosen on these seasons),-1500.0,988.0,40.0,0.0,2021-10-03,home,BUF,-1500.0,≤ −250,0.9107142857142858,W,0.06666666666666667,-0.02857142857142847,0.9107142857142858,0.06666666666666667,21.640372438818684
2021_04_IND_MIA,2021,4,MIA,IND,0.0,0.5757997218358832,-10.0,2.5,0.5371709620322693,backtest (recipe chosen on these seasons),-144.0,130.0,17.0,27.0,2021-10-03,home,MIA,-144.0,−174 to −130,0.5757997218358832,L,-1.0,-0.024339360222531192,0.5757997218358832,-1.0,1.154232429305114
2021_04_JAX_CIN,2021,4,CIN,JAX,1.0,0.7650845050136826,3.0,7.5,0.6467848262943965,backtest (recipe chosen on these seasons),-373.0,313.0,24.0,21.0,2021-09-30,home,CIN,-373.0,≤ −250,0.7650845050136826,W,0.2680965147453083,-0.029799005706509674,0.7650845050136826,0.2680965147453083,4.659216713131353
2021_04_KC_PHI,2021,4,PHI,KC,0.0,0.24521583362460678,-12.0,-7.5,0.13668784577431933,backtest (recipe chosen on these seasons),296.0,-349.0,30.0,42.0,2021-10-03,away,KC,-349.0,≤ −250,0.7547841663753931,W,0.28653295128939826,-0.028945298846557277,0.24521583362460678,0.28653295128939826,-13.549130343859728
2021_04_LV_LAC,2021,4,LAC,LV,1.0,0.6008197724213874,14.0,3.0,0.5276970229275503,backtest (recipe chosen on these seasons),-161.0,144.0,28.0,14.0,2021-10-04,home,LAC,-161.0,−174 to −130,0.6008197724213874,W,0.6211180124223602,-0.026000244708185682,0.6008197724213874,0.6211180124223602,0.8594924300940191
2021_04_NYG_NO,2021,4,NO,NYG,0.0,0.748535521515462,-6.0,7.5,0.8377579776935602,backtest (recipe chosen on these seasons),-337.0,286.0,21.0,27.0,2021-10-03,home,NO,-337.0,≤ −250,0.748535521515462,L,-1.0,-0.02934711304968285,0.748535521515462,-1.0,12.187976810116627
2021_04_PIT_GB,2021,4,GB,PIT,1.0,0.71333597633497,10.0,6.5,0.703011545922499,backtest (recipe chosen on these seasons),-276.0,239.0,27.0,17.0,2021-10-03,home,GB,-276.0,≤ −250,0.71333597633497,W,0.36231884057971014,-0.028208959775548048,0.71333597633497,0.36231884057971014,6.594222739994163
2021_04_SEA_SF,2021,4,SF,SEA,0.0,0.556697108066971,-7.0,2.5,0.5500918784545877,backtest (recipe chosen on these seasons),-133.0,120.0,21.0,28.0,2021-10-03,home,SF,-133.0,−174 to −130,0.556697108066971,L,-1.0,-0.0247336377473365,0.556697108066971,-1.0,1.5573023589841082
2021_04_TB_NE,2021,4,NE,TB,0.0,0.3011920417426717,-2.0,-6.0,0.36346645452394055,backtest (recipe chosen on these seasons),223.0,-255.0,17.0,19.0,2021-10-03,away,TB,-255.0,≤ −250,0.6988079582573283,W,0.39215686274509803,-0.02714970517117038,0.3011920417426717,0.39215686274509803,-4.319707106526938
2021_04_TEN_NYJ,2021,4,NYJ,TEN,1.0,0.31808312064302313,3.0,-5.5,0.20464329033289605,backtest (recipe chosen on these seasons),206.0,-234.0,27.0,24.0,2021-10-03,away,TEN,-234.0,−249 to −175,0.6819168793569769,L,-1.0,-0.026665650832349286,0.31808312064302313,-1.0,-10.207102347525604
2021_04_WAS_ATL,2021,4,ATL,WAS,0.0,0.47377843762281124,-4.0,-1.0,0.3639067060622315,backtest (recipe chosen on these seasons),106.0,-117.0,30.0,34.0,2021-10-03,away,WAS,-117.0,−129 to −100,0.5262215623771888,W,0.8547008547008547,-0.024016418497008918,0.47377843762281124,0.8547008547008547,-4.305200961147479
2021_05_BUF_KC,2021,5,KC,BUF,0.0,0.5586071603727317,-18.0,2.5,0.15957157521508586,backtest (recipe chosen on these seasons),-134.0,121.0,20.0,38.0,2021-10-10,away,BUF,121.0,+100 to +129,0.44139283962726833,W,1.21,-0.02452182442373696,0.5586071603727317,-1.0,-12.323244289640563
2021_05_CHI_LV,2021,5,LV,CHI,0.0,0.6910678307588987,-11.0,5.5,0.5740490190146907,backtest (recipe chosen on these seasons),-245.0,215.0,9.0,20.0,2021-10-10,home,LV,-245.0,−249 to −175,0.6910678307588987,L,-1.0,-0.026863666890530435,0.6910678307588987,-1.0,2.3093826734481526
2021_05_CLE_LAC,2021,5,LAC,CLE,1.0,0.5500363507751557,5.0,2.5,0.5007335133021938,backtest (recipe chosen on these seasons),-129.0,117.0,47.0,42.0,2021-10-10,home,LAC,-129.0,−129 to −100,0.5500363507751557,W,0.7751937984496124,-0.023578881182087952,0.5500363507751557,0.7751937984496124,0.022744053729737448
2021_05_DEN_PIT,2021,5,PIT,DEN,1.0,0.45890354830779323,8.0,-2.0,0.3881427259250395,backtest (recipe chosen on these seasons),113.0,-124.0,27.0,19.0,2021-10-10,away,DEN,-124.0,−129 to −100,0.5410964516922069,L,-1.0,-0.022535442104400505,0.45890354830779323,-1.0,-3.5150965846824325
2021_05_DET_MIN,2021,5,MIN,DET,1.0,0.7825612438504289,2.0,10.0,0.7771172722371278,backtest (recipe chosen on these seasons),-418.0,346.0,19.0,17.0,2021-10-10,home,MIN,-418.0,≤ −250,0.7825612438504289,W,0.23923444976076555,-0.030223147572913445,0.7825612438504289,0.23923444976076555,9.432045954800577
2021_05_GB_CIN,2021,5,CIN,GB,0.0,0.46214743124779806,-3.0,-2.0,0.40115697553209945,backtest (recipe chosen on these seasons),111.0,-123.0,22.0,25.0,2021-10-10,away,GB,-123.0,−129 to −100,0.537852568752202,W,0.8130081300813008,-0.024868920067145972,0.46214743124779806,0.8130081300813008,-3.096873359638733
2021_05_IND_BAL,2021,5,BAL,IND,1.0,0.7579052432627578,6.0,7.5,0.8070718315169123,backtest (recipe chosen on these seasons),-356.0,301.0,31.0,25.0,2021-10-11,home,BAL,-356.0,≤ −250,0.7579052432627578,W,0.2808988764044944,-0.029200025483658576,0.7579052432627578,0.2808988764044944,10.726724322449567
2021_05_LA_SEA,2021,5,SEA,LA,0.0,0.43949878436506445,-9.0,-2.5,0.3227793037217044,backtest (recipe chosen on these seasons),122.0,-135.0,17.0,26.0,2021-10-07,away,LA,-135.0,−174 to −130,0.5605012156349355,W,0.7407407407407407,-0.024312698709556768,0.43949878436506445,0.7407407407407407,-5.689469526964896
2021_05_MIA_TB,2021,5,TB,MIA,1.0,0.8231559210806665,28.0,11.0,0.815661616786029,backtest (recipe chosen on these seasons),-564.0,448.0,45.0,17.0,2021-10-10,home,TB,-564.0,≤ −250,0.8231559210806665,W,0.1773049645390071,-0.030894447522052226,0.8231559210806665,0.1773049645390071,11.120070190175525
2021_05_NE_HOU,2021,5,HOU,NE,0.0,0.25023940900177843,-3.0,-8.0,0.1365783714563342,backtest (recipe chosen on these seasons),288.0,-339.0,22.0,25.0,2021-10-10,away,NE,-339.0,≤ −250,0.7497605909982216,W,0.2949852507374631,-0.02907109307309952,0.25023940900177843,0.2949852507374631,-13.55531632868323
2021_05_NO_WAS,2021,5,WAS,NO,0.0,0.4491310290958797,-11.0,-2.5,0.3209650803075217,backtest (recipe chosen on these seasons),117.0,-130.0,22.0,33.0,2021-10-10,away,NO,-130.0,−174 to −130,0.5508689709041202,W,0.7692307692307693,-0.025385666861941103,0.4491310290958797,0.7692307692307693,-5.752072386206964
2021_05_NYG_DAL,2021,5,DAL,NYG,1.0,0.7477895347151761,24.0,7.5,0.7346522617099376,backtest (recipe chosen on these seasons),-335.0,285.0,44.0,20.0,2021-10-10,home,DAL,-335.0,≤ −250,0.7477895347151761,W,0.29850746268656714,-0.02898970865342812,0.7477895347151761,0.29850746268656714,7.7553060974583
2021_05_NYJ_ATL,2021,5,ATL,NYJ,1.0,0.590044398353696,7.0,3.0,0.5814496654375616,backtest (recipe chosen on these seasons),-153.0,138.0,27.0,20.0,2021-10-10,home,ATL,-153.0,−174 to −130,0.590044398353696,W,0.6535947712418301,-0.02430566808179674,0.590044398353696,0.6535947712418301,2.5433148866179254
2021_05_PHI_CAR,2021,5,CAR,PHI,0.0,0.5679213219076544,-3.0,2.5,0.5137340851512966,backtest (recipe chosen on these seasons),-139.0,126.0,18.0,21.0,2021-10-10,home,CAR,-139.0,−174 to −130,0.5679213219076544,L,-1.0,-0.023502187511299233,0.5679213219076544,-1.0,0.4259368177027814
2021_05_SF_ARI,2021,5,ARI,SF,1.0,0.7063684354090785,7.0,6.0,0.6568374780318296,backtest (recipe chosen on these seasons),-266.0,231.0,17.0,10.0,2021-10-10,home,ARI,-266.0,≤ −250,0.7063684354090785,W,0.37593984962406013,-0.02807952120404994,0.7063684354090785,0.37593984962406013,4.995590557658155
2021_05_TEN_JAX,2021,5,JAX,TEN,0.0,0.36072889550018594,-18.0,-4.0,0.30631757136592835,backtest (recipe chosen on these seasons),170.0,-191.0,19.0,37.0,2021-10-10,away,TEN,-191.0,−249 to −175,0.6392711044998141,W,0.5235602094240838,-0.02603198214949798,0.36072889550018594,0.5235602094240838,-6.263123454793786
2021_06_ARI_CLE,2021,6,CLE,ARI,0.0,0.5740354444580784,-23.0,3.0,0.6171724761586085,backtest (recipe chosen on these seasons),-143.0,129.0,14.0,37.0,2021-10-17,home,CLE,-143.0,−174 to −130,0.5740354444580784,L,-1.0,-0.02454116780899962,0.5740354444580784,-1.0,3.6870398413179473
2021_06_BUF_TEN,2021,6,TEN,BUF,1.0,0.3139179553662376,3.0,-6.0,0.16525595774043828,backtest (recipe chosen on these seasons),210.0,-239.0,34.0,31.0,2021-10-18,away,BUF,-239.0,−249 to −175,0.6860820446337623,L,-1.0,-0.0268543383646635,0.3139179553662376,-1.0,-12.037040117490127
2021_06_CIN_DET,2021,6,DET,CIN,0.0,0.35946425054165854,-23.0,-3.5,0.2533597081310151,backtest (recipe chosen on these seasons),171.0,-192.0,11.0,34.0,2021-10-17,away,CIN,-192.0,−249 to −175,0.6405357494583416,W,0.5208333333333334,-0.025851881032105506,0.35946425054165854,0.5208333333333334,-8.213117486873971
2021_06_DAL_NE,2021,6,NE,DAL,0.0,0.36242334558131956,-6.0,-3.5,0.29377014616508923,backtest (recipe chosen on these seasons),169.0,-189.0,29.0,35.0,2021-10-17,away,DAL,-189.0,−249 to −175,0.6375766544186806,W,0.5291005291005291,-0.02508120038625028,0.36242334558131956,0.5291005291005291,-6.709536265522668
2021_06_GB_CHI,2021,6,CHI,GB,0.0,0.3233821035611469,-10.0,-5.5,0.3161010733093531,backtest (recipe chosen on these seasons),201.0,-228.0,14.0,24.0,2021-10-17,away,GB,-228.0,−249 to −175,0.6766178964388532,W,0.43859649122807015,-0.02661986828094809,0.3233821035611469,0.43859649122807015,-5.920648329737248
2021_06_HOU_IND,2021,6,IND,HOU,1.0,0.7906090880291756,28.0,10.5,0.8418933531940818,backtest (recipe chosen on these seasons),-442.0,363.0,31.0,3.0,2021-10-17,home,IND,-442.0,≤ −250,0.7906090880291756,W,0.22624434389140272,-0.030520077575083293,0.7906090880291756,0.22624434389140272,12.398077697055832
2021_06_KC_WAS,2021,6,WAS,KC,0.0,0.3011920417426717,-18.0,-6.0,0.18455421242145337,backtest (recipe chosen on these seasons),223.0,-255.0,13.0,31.0,2021-10-17,away,KC,-255.0,≤ −250,0.6988079582573283,W,0.39215686274509803,-0.02714970517117038,0.3011920417426717,0.39215686274509803,-11.110049613718994
2021_06_LAC_BAL,2021,6,BAL,LAC,1.0,0.6084434892689964,28.0,3.0,0.6038166639587483,backtest (recipe chosen on these seasons),-166.0,149.0,34.0,6.0,2021-10-17,home,BAL,-166.0,−174 to −130,0.6084434892689964,W,0.6024096385542169,-0.025024288279800966,0.6084434892689964,0.6024096385542169,3.2562616269245237
2021_06_LA_NYG,2021,6,NYG,LA,0.0,0.2556139512661252,-27.0,-7.5,0.16177786072584202,backtest (recipe chosen on these seasons),280.0,-328.0,11.0,38.0,2021-10-17,away,LA,-328.0,≤ −250,0.7443860487338748,W,0.3048780487804878,-0.02866698518872432,0.2556139512661252,0.3048780487804878,-12.211383366531644
2021_06_LV_DEN,2021,6,DEN,LV,0.0,0.6546257501981656,-10.0,5.0,0.6964802696996556,backtest (recipe chosen on these seasons),-205.0,182.0,24.0,34.0,2021-10-17,home,DEN,-205.0,−249 to −175,0.6546257501981656,L,-1.0,-0.02604461555882681,0.6546257501981656,-1.0,6.3619405674748455
2021_06_MIA_JAX,2021,6,JAX,MIA,1.0,0.46424090338770385,3.0,-2.5,0.536247425257702,backtest (recipe chosen on these seasons),110.0,-122.0,23.0,20.0,2021-10-17,home,JAX,110.0,+100 to +129,0.46424090338770385,W,1.1,-0.025094102885821923,0.46424090338770385,-1.0,1.1254744927939395
2021_06_MIN_CAR,2021,6,CAR,MIN,0.0,0.44139283962726833,-6.0,-2.5,0.3971235141529065,backtest (recipe chosen on these seasons),121.0,-134.0,28.0,34.0,2021-10-17,away,MIN,-134.0,−174 to −130,0.5586071603727317,W,0.746268656716418,-0.024521824423737126,0.44139283962726833,0.746268656716418,-3.2260914469238147
2021_06_SEA_PIT,2021,6,PIT,SEA,1.0,0.6629225583423975,3.0,5.5,0.6298082644004057,backtest (recipe chosen on these seasons),-213.0,189.0,23.0,20.0,2021-10-17,home,PIT,-213.0,−249 to −175,0.6629225583423975,W,0.4694835680751174,-0.0258461936095285,0.6629225583423975,0.4694835680751174,4.0987447403742765
2021_06_TB_PHI,2021,6,PHI,TB,0.0,0.28766575393040644,-6.0,-7.0,0.2243470976600603,backtest (recipe chosen on these seasons),238.0,-274.0,22.0,28.0,2021-10-14,away,TB,-274.0,≤ −250,0.7123342460695936,W,0.36496350364963503,-0.027689751715226252,0.28766575393040644,0.36496350364963503,-9.371435257357556
2021_07_ATL_MIA,2021,7,MIA,ATL,0.0,0.4499636492248442,-2.0,-1.5,0.33919704538745554,backtest (recipe chosen on these seasons),117.0,-129.0,28.0,30.0,2021-10-24,away,ATL,-129.0,−129 to −100,0.5500363507751557,W,0.7751937984496124,-0.023578881182087952,0.4499636492248442,0.7751937984496124,-5.129288911007049
2021_07_CAR_NYG,2021,7,NYG,CAR,1.0,0.40832074076455643,22.0,-3.0,0.3572527866010174,backtest (recipe chosen on these seasons),139.0,-154.0,25.0,3.0,2021-10-24,away,CAR,-154.0,−174 to −130,0.5916792592354435,L,-1.0,-0.024113429572710066,0.40832074076455643,-1.0,-4.525090987324047
2021_07_CHI_TB,2021,7,TB,CHI,1.0,0.8387670009795338,35.0,12.5,0.8565394085315017,backtest (recipe chosen on these seasons),-644.0,501.0,38.0,3.0,2021-10-24,home,TB,-644.0,≤ −250,0.8387670009795338,W,0.15527950310559005,-0.03098967588699819,0.8387670009795338,0.15527950310559005,13.172813057591554
2021_07_CIN_BAL,2021,7,BAL,CIN,0.0,0.7107129525942516,-24.0,6.5,0.7936114179365537,backtest (recipe chosen on these seasons),-272.0,236.0,17.0,41.0,2021-10-24,home,BAL,-272.0,≤ −250,0.7107129525942516,L,-1.0,-0.027995520716685318,0.7107129525942516,-1.0,10.131230540834144
2021_07_DEN_CLE,2021,7,CLE,DEN,1.0,0.534834771627026,3.0,2.0,0.5532094576767899,backtest (recipe chosen on these seasons),-121.0,110.0,17.0,14.0,2021-10-21,home,CLE,-121.0,−129 to −100,0.534834771627026,W,0.8264462809917356,-0.02315302041675421,0.534834771627026,0.8264462809917356,1.6547875511088879
2021_07_DET_LA,2021,7,LA,DET,1.0,0.8989085704061549,9.0,17.0,0.9724522481961967,backtest (recipe chosen on these seasons),-1256.0,860.0,28.0,19.0,2021-10-24,home,LA,-1256.0,≤ −250,0.8989085704061549,W,0.07961783439490445,-0.02952227589908754,0.8989085704061549,0.07961783439490445,23.72717303257627
2021_07_HOU_ARI,2021,7,ARI,HOU,1.0,0.9202343894938516,26.0,20.5,0.9387441271825565,backtest (recipe chosen on these seasons),-1766.0,1119.0,31.0,5.0,2021-10-24,home,ARI,-1766.0,≤ −250,0.9202343894938516,W,0.056625141562853906,-0.0276572079300526,0.9202343894938516,0.056625141562853906,19.10319161196708
2021_07_IND_SF,2021,7,SF,IND,0.0,0.6128827999078977,-12.0,3.5,0.6503060094221136,backtest (recipe chosen on these seasons),-169.0,152.0,18.0,30.0,2021-10-24,home,SF,-169.0,−174 to −130,0.6128827999078977,L,-1.0,-0.02446465576790241,0.6128827999078977,-1.0,4.77663541620254
2021_07_KC_TEN,2021,7,TEN,KC,1.0,0.3415685624274581,24.0,-4.0,0.21042920497516962,backtest (recipe chosen on these seasons),185.0,-209.0,27.0,3.0,2021-10-24,away,KC,-209.0,−249 to −175,0.6584314375725417,L,-1.0,-0.026529597081744516,0.3415685624274581,-1.0,-9.957019797427863
2021_07_NO_SEA,2021,7,SEA,NO,0.0,0.31585064107370475,-3.0,-6.0,0.17092592576517496,backtest (recipe chosen on these seasons),208.0,-237.0,10.0,13.0,2021-10-25,away,NO,-237.0,−249 to −175,0.6841493589262952,W,0.4219409282700422,-0.027180025492989424,0.31585064107370475,0.4219409282700422,-11.75784093900243
2021_07_NYJ_NE,2021,7,NE,NYJ,1.0,0.7307643486568282,41.0,7.0,0.7933238614581822,backtest (recipe chosen on these seasons),-303.0,261.0,54.0,13.0,2021-10-24,home,NE,-303.0,≤ −250,0.7307643486568282,W,0.33003300330033003,-0.028059298651149367,0.7307643486568282,0.33003300330033003,10.118766372171109
2021_07_PHI_LV,2021,7,LV,PHI,1.0,0.5069715560513107,11.0,1.0,0.437411429680456,backtest (recipe chosen on these seasons),-108.0,-102.0,33.0,22.0,2021-10-24,away,PHI,-102.0,−129 to −100,0.4930284439486894,L,-1.0,-0.023610336493772033,0.5069715560513107,0.9259259259259259,-1.9487137089313038
2021_07_WAS_GB,2021,7,GB,WAS,1.0,0.7749165560874428,14.0,8.5,0.7801647826737191,backtest (recipe chosen on these seasons),-397.0,331.0,24.0,10.0,2021-10-24,home,GB,-397.0,≤ −250,0.7749165560874428,W,0.2518891687657431,-0.029890356736878898,0.7749165560874428,0.2518891687657431,9.558915720001089
2021_08_CAR_ATL,2021,8,ATL,CAR,0.0,0.5500363507751557,-6.0,2.5,0.5392932972998348,backtest (recipe chosen on these seasons),-129.0,117.0,13.0,19.0,2021-10-31,home,ATL,-129.0,−129 to −100,0.5500363507751557,L,-1.0,-0.023578881182087952,0.5500363507751557,-1.0,1.2203435598503845
2021_08_CIN_NYJ,2021,8,NYJ,CIN,1.0,0.1896707191940549,3.0,-11.5,0.08618953811615065,backtest (recipe chosen on these seasons),411.0,-510.0,34.0,31.0,2021-10-31,away,CIN,-510.0,≤ −250,0.8103292808059451,L,-1.0,-0.030782624918379353,0.1896707191940549,-1.0,-16.880091322311934
2021_08_DAL_MIN,2021,8,MIN,DAL,0.0,0.6679400834834022,-4.0,4.5,0.5991554649569677,backtest (recipe chosen on these seasons),-219.0,193.0,16.0,20.0,2021-10-31,home,MIN,-219.0,−249 to −175,0.6679400834834022,L,-1.0,-0.027064444606368532,0.6679400834834022,-1.0,3.1068706208725123
2021_08_GB_ARI,2021,8,ARI,GB,0.0,0.7157173074903613,-3.0,6.5,0.6483788912739041,backtest (recipe chosen on these seasons),-279.0,242.0,21.0,24.0,2021-10-28,home,ARI,-279.0,≤ −250,0.7157173074903613,L,-1.0,-0.027753191617036044,0.7157173074903613,-1.0,4.712320371727609
2021_08_JAX_SEA,2021,8,SEA,JAX,1.0,0.6405357494583416,24.0,4.0,0.5424865360363463,backtest (recipe chosen on these seasons),-192.0,171.0,31.0,7.0,2021-10-31,home,SEA,-192.0,−249 to −175,0.6405357494583416,W,0.5208333333333334,-0.025851881032105506,0.6405357494583416,0.5208333333333334,1.3198798525781572
2021_08_LA_HOU,2021,8,HOU,LA,0.0,0.11767948772316696,-16.0,-17.0,0.04252934595555712,backtest (recipe chosen on these seasons),724.0,-1010.0,22.0,38.0,2021-10-31,away,LA,-1010.0,≤ −250,0.8823205122768331,W,0.09900990099009901,-0.03032102116110426,0.11767948772316696,0.09900990099009901,-21.30187934415865
2021_08_MIA_BUF,2021,8,BUF,MIA,1.0,0.880139051980694,15.0,15.0,0.9252310934034089,backtest (recipe chosen on these seasons),-983.0,709.0,26.0,11.0,2021-10-31,home,BUF,-983.0,≤ −250,0.880139051980694,W,0.1017293997965412,-0.030324930523813243,0.880139051980694,0.1017293997965412,17.827222460910527
2021_08_NE_LAC,2021,8,LAC,NE,0.0,0.6297217024951262,-3.0,3.5,0.5968482564655844,backtest (recipe chosen on these seasons),-183.0,163.0,24.0,27.0,2021-10-31,home,LAC,-183.0,−249 to −175,0.6297217024951262,L,-1.0,-0.026168077562181924,0.6297217024951262,-1.0,3.0330934737683526
2021_08_NYG_KC,2021,8,KC,NYG,1.0,0.8153846153846155,3.0,10.5,0.8290705511936781,backtest (recipe chosen on these seasons),-530.0,425.0,20.0,17.0,2021-11-01,home,KC,-530.0,≤ −250,0.8153846153846155,W,0.18867924528301888,-0.030769230769230632,0.8153846153846155,0.18867924528301888,11.75766932156267
2021_08_PHI_DET,2021,8,DET,PHI,0.0,0.3885860109036074,-38.0,-3.0,0.319736888820029,backtest (recipe chosen on these seasons),151.0,-168.0,6.0,44.0,2021-10-31,away,PHI,-168.0,−174 to −130,0.6114139890963924,W,0.5952380952380952,-0.024649112631945413,0.3885860109036074,0.5952380952380952,-5.794536902397925
2021_08_PIT_CLE,2021,8,CLE,PIT,0.0,0.6711332625214478,-5.0,5.5,0.7082443582621372,backtest (recipe chosen on these seasons),-222.0,196.0,10.0,15.0,2021-10-31,home,CLE,-222.0,−249 to −175,0.6711332625214478,L,-1.0,-0.026554457063485637,0.6711332625214478,-1.0,6.782014133969817
2021_08_SF_CHI,2021,8,CHI,SF,0.0,0.34043487810235007,-11.0,-4.5,0.3349805394085972,backtest (recipe chosen on these seasons),186.0,-210.0,22.0,33.0,2021-10-31,away,SF,-210.0,−249 to −175,0.6595651218976498,W,0.47619047619047616,-0.026356248627278867,0.34043487810235007,0.47619047619047616,-5.272111634139314
2021_08_TB_NO,2021,8,NO,TB,1.0,0.36370984037179227,9.0,-4.0,0.3315644141249137,backtest (recipe chosen on these seasons),168.0,-188.0,36.0,27.0,2021-10-31,away,TB,-188.0,−249 to −175,0.6362901596282077,L,-1.0,-0.02525762780359675,0.36370984037179227,-1.0,-5.388340337013617
2021_08_TEN_IND,2021,8,IND,TEN,0.0,0.6002460024600246,-3.0,3.0,0.5443055320630023,backtest (recipe chosen on these seasons),-160.0,144.0,31.0,34.0,2021-10-31,home,IND,-160.0,−174 to −130,0.6002460024600246,L,-1.0,-0.02460024600246008,0.6002460024600246,-1.0,1.3766175067129935
2021_08_WAS_DEN,2021,8,DEN,WAS,1.0,0.6392711044998141,7.0,4.0,0.5574815949516108,backtest (recipe chosen on these seasons),-191.0,170.0,17.0,10.0,2021-10-31,home,DEN,-191.0,−249 to −175,0.6392711044998141,W,0.5235602094240838,-0.02603198214949798,0.6392711044998141,0.5235602094240838,1.788543567703074
2021_09_ARI_SF,2021,9,SF,ARI,0.0,0.6829002792370676,-14.0,5.5,0.6697454066851202,backtest (recipe chosen on these seasons),-235.0,207.0,17.0,31.0,2021-11-07,home,SF,-235.0,−249 to −175,0.6829002792370676,L,-1.0,-0.026503857257797192,0.6829002792370676,-1.0,5.4330309985922405
2021_09_ATL_NO,2021,9,NO,ATL,0.0,0.7141340612678193,-2.0,7.0,0.7900798237358636,backtest (recipe chosen on these seasons),-277.0,240.0,25.0,27.0,2021-11-07,home,NO,-277.0,≤ −250,0.7141340612678193,L,-1.0,-0.02805580831058524,0.7141340612678193,-1.0,9.97885735414424
2021_09_BUF_JAX,2021,9,JAX,BUF,1.0,0.11073451745198123,3.0,-14.5,0.08951430473812959,backtest (recipe chosen on these seasons),776.0,-1101.0,9.0,6.0,2021-11-07,away,BUF,-1101.0,≤ −250,0.8892654825480188,L,-1.0,-0.029965627120644295,0.11073451745198123,-1.0,-16.622211721913654
2021_09_CHI_PIT,2021,9,PIT,CHI,1.0,0.73232769419428,2.0,7.0,0.7092053313428849,backtest (recipe chosen on these seasons),-306.0,263.0,29.0,27.0,2021-11-08,home,PIT,-306.0,≤ −250,0.73232769419428,W,0.32679738562091504,-0.028349529925236316,0.73232769419428,0.32679738562091504,6.816670077876154
2021_09_CLE_CIN,2021,9,CIN,CLE,0.0,0.5500363507751557,-25.0,2.5,0.44116048066109115,backtest (recipe chosen on these seasons),-129.0,117.0,16.0,41.0,2021-11-07,away,CLE,117.0,+100 to +129,0.4499636492248442,W,1.17,-0.023578881182088063,0.5500363507751557,-1.0,-1.8311018072347096
2021_09_DEN_DAL,2021,9,DAL,DEN,0.0,0.7971382780577254,-14.0,10.5,0.7837253931829511,backtest (recipe chosen on these seasons),-462.0,378.0,16.0,30.0,2021-11-07,home,DAL,-462.0,≤ −250,0.7971382780577254,L,-1.0,-0.030320969115927104,0.7971382780577254,-1.0,9.708432210576897
2021_09_GB_KC,2021,9,KC,GB,1.0,0.7410248542497699,6.0,7.0,0.7515625469180454,backtest (recipe chosen on these seasons),-322.0,275.0,13.0,7.0,2021-11-07,home,KC,-322.0,≤ −250,0.7410248542497699,W,0.3105590062111801,-0.028843203436636933,0.7410248542497699,0.3105590062111801,8.40436437232327
2021_09_HOU_MIA,2021,9,MIA,HOU,1.0,0.6332518337408314,8.0,4.0,0.6172157326785634,backtest (recipe chosen on these seasons),-185.0,166.0,17.0,9.0,2021-11-07,home,MIA,-185.0,−249 to −175,0.6332518337408314,W,0.5405405405405406,-0.024449877750611082,0.6332518337408314,0.5405405405405406,3.688442042251252
2021_09_LAC_PHI,2021,9,PHI,LAC,0.0,0.497677011707861,-3.0,-1.0,0.4239073846687001,backtest (recipe chosen on these seasons),-104.0,-106.0,24.0,27.0,2021-11-07,away,LAC,-106.0,−129 to −100,0.5023229882921391,W,0.9433962264150944,-0.02378740011150332,0.497677011707861,0.9433962264150944,-2.3738940876958257
2021_09_LV_NYG,2021,9,NYG,LV,1.0,0.4116032928263426,7.0,-3.0,0.35256213626540445,backtest (recipe chosen on these seasons),137.0,-152.0,23.0,16.0,2021-11-07,away,LV,-152.0,−174 to −130,0.5883967071736573,L,-1.0,-0.02450019600156811,0.4116032928263426,-1.0,-4.68096114615738
2021_09_MIN_BAL,2021,9,BAL,MIN,1.0,0.7316281227221523,3.0,7.5,0.7432754782342503,backtest (recipe chosen on these seasons),-305.0,262.0,34.0,31.0,2021-11-07,home,BAL,-305.0,≤ −250,0.7316281227221523,W,0.32786885245901637,-0.028493804254191263,0.7316281227221523,0.32786885245901637,8.083506053903655
2021_09_NE_CAR,2021,9,CAR,NE,0.0,0.37895430579964856,-18.0,-3.5,0.3232380573476735,backtest (recipe chosen on these seasons),157.0,-176.0,6.0,24.0,2021-11-07,away,NE,-176.0,−249 to −175,0.6210456942003515,W,0.5681818181818182,-0.026087434094903328,0.37895430579964856,0.5681818181818182,-5.673662572917618
2021_09_NYJ_IND,2021,9,IND,NYJ,1.0,0.8099784704670973,15.0,10.5,0.8313827283244208,backtest (recipe chosen on these seasons),-509.0,410.0,45.0,30.0,2021-11-04,home,IND,-509.0,≤ −250,0.8099784704670973,W,0.19646365422396855,-0.030890199382196032,0.8099784704670973,0.19646365422396855,11.870793158875264
2021_09_TEN_LA,2021,9,LA,TEN,0.0,0.7549019607843137,-12.0,7.0,0.6994634639203734,backtest (recipe chosen on these seasons),-350.0,296.0,16.0,28.0,2021-11-07,home,LA,-350.0,≤ −250,0.7549019607843137,L,-1.0,-0.029411764705882387,0.7549019607843137,-1.0,6.46775349395628
2021_10_ATL_DAL,2021,10,DAL,ATL,1.0,0.7732468107071749,40.0,8.0,0.777320204970165,backtest (recipe chosen on these seasons),-392.0,328.0,43.0,3.0,2021-11-14,home,DAL,-392.0,≤ −250,0.7732468107071749,W,0.25510204081632654,-0.029496349826709012,0.7732468107071749,0.25510204081632654,9.440463260110722
2021_10_BAL_MIA,2021,10,MIA,BAL,1.0,0.2277586687738217,12.0,-8.5,0.12681685455611083,backtest (recipe chosen on these seasons),326.0,-390.0,22.0,10.0,2021-11-11,away,BAL,-390.0,≤ −250,0.7722413312261782,L,-1.0,-0.0297480710235197,0.2277586687738217,-1.0,-14.121193856414068
2021_10_BUF_NYJ,2021,10,NYJ,BUF,0.0,0.15452908001063,-28.0,-13.0,0.08205921028350452,backtest (recipe chosen on these seasons),527.0,-685.0,17.0,45.0,2021-11-14,away,BUF,-685.0,≤ −250,0.8454709199893699,W,0.145985401459854,-0.03110266833334989,0.15452908001063,0.145985401459854,-17.21103615558923
2021_10_CAR_ARI,2021,10,ARI,CAR,0.0,0.7445212005717008,-24.0,7.0,0.6630065793673198,backtest (recipe chosen on these seasons),-329.0,280.0,10.0,34.0,2021-11-14,home,ARI,-329.0,≤ −250,0.7445212005717008,L,-1.0,-0.02918056217246312,0.7445212005717008,-1.0,5.203844225128855
2021_10_CLE_NE,2021,10,NE,CLE,1.0,0.5547708605204575,38.0,2.5,0.4092134669848479,backtest (recipe chosen on these seasons),-132.0,119.0,45.0,7.0,2021-11-14,away,CLE,119.0,+100 to +129,0.4452291394795425,L,-1.0,-0.024948184539801965,0.5547708605204575,0.7575757575757576,-2.8397647731124644
2021_10_DET_PIT,2021,10,PIT,DET,0.5,0.7591524685560168,0.0,9.0,0.7403751452552494,backtest (recipe chosen on these seasons),-359.0,303.0,16.0,16.0,2021-11-14,home,PIT,-359.0,≤ −250,0.7591524685560168,P,0.0,-0.029384448280747294,0.7591524685560168,0.0,7.972494541882473
2021_10_JAX_IND,2021,10,IND,JAX,1.0,0.7882397728534491,6.0,10.5,0.7373564061933234,backtest (recipe chosen on these seasons),-434.0,358.0,23.0,17.0,2021-11-14,home,IND,-434.0,≤ −250,0.7882397728534491,W,0.2304147465437788,-0.0301381596687976,0.7882397728534491,0.2304147465437788,7.857628783499039
2021_10_KC_LV,2021,10,LV,KC,0.0,0.41899204424013164,-27.0,-2.5,0.22097339684072445,backtest (recipe chosen on these seasons),133.0,-147.0,14.0,41.0,2021-11-14,away,KC,-147.0,−174 to −130,0.5810079557598683,W,0.6802721088435374,-0.02374853692049339,0.41899204424013164,0.6802721088435374,-9.51141559264361
2021_10_LA_SF,2021,10,SF,LA,1.0,0.3775590873156503,21.0,-3.5,0.27306965548299844,backtest (recipe chosen on these seasons),158.0,-177.0,31.0,10.0,2021-11-15,away,LA,-177.0,−249 to −175,0.6224409126843496,L,-1.0,-0.025897554725622274,0.3775590873156503,-1.0,-7.465979583077307
2021_10_MIN_LAC,2021,10,LAC,MIN,0.0,0.6252015045674368,-7.0,3.0,0.5250073577869349,backtest (recipe chosen on these seasons),-179.0,160.0,20.0,27.0,2021-11-14,home,LAC,-179.0,−249 to −175,0.6252015045674368,L,-1.0,-0.025523911875335925,0.6252015045674368,-1.0,0.7759114351148686
2021_10_NO_TEN,2021,10,TEN,NO,1.0,0.5810079557598683,2.0,3.0,0.48047979342677705,backtest (recipe chosen on these seasons),-147.0,133.0,23.0,21.0,2021-11-14,away,NO,133.0,+130 to +174,0.41899204424013164,L,-1.0,-0.02374853692049328,0.5810079557598683,0.6802721088435374,-0.6055046004374147
2021_10_PHI_DEN,2021,10,DEN,PHI,0.0,0.513948077676165,-17.0,1.0,0.443272875700003,backtest (recipe chosen on these seasons),-111.0,101.0,13.0,30.0,2021-11-14,away,PHI,101.0,+100 to +129,0.486051922323835,W,1.01,-0.023035636129091652,0.513948077676165,-1.0,-1.7649071412433248
2021_10_SEA_GB,2021,10,GB,SEA,1.0,0.6114139890963924,17.0,3.0,0.5564818573917097,backtest (recipe chosen on these seasons),-168.0,151.0,17.0,0.0,2021-11-14,home,GB,-168.0,−174 to −130,0.6114139890963924,W,0.5952380952380952,-0.024649112631945413,0.6114139890963924,0.5952380952380952,1.7572246911628413
2021_10_TB_WAS,2021,10,WAS,TB,1.0,0.21132463018189718,10.0,-10.0,0.13681589105915537,backtest (recipe chosen on these seasons),359.0,-435.0,29.0,19.0,2021-11-14,away,TB,-435.0,≤ −250,0.7886753698181028,L,-1.0,-0.03001994746509193,0.21132463018189718,-1.0,-13.541899279637118
2021_11_ARI_SEA,2021,11,SEA,ARI,0.0,0.5850622406639003,-10.0,2.5,0.4909341156564623,backtest (recipe chosen on these seasons),-150.0,135.0,13.0,23.0,2021-11-21,away,ARI,135.0,+130 to +174,0.41493775933609955,W,1.35,-0.024896265560165998,0.5850622406639003,-1.0,-0.2811300001040105
2021_11_BAL_CHI,2021,11,CHI,BAL,0.0,0.32543374528320723,-3.0,-5.0,0.33322433252159533,backtest (recipe chosen on these seasons),199.0,-226.0,13.0,16.0,2021-11-21,away,BAL,-226.0,−249 to −175,0.6745662547167928,W,0.4424778761061947,-0.026953101603210405,0.32543374528320723,0.4424778761061947,-5.3318052400195795
2021_11_CIN_LV,2021,11,LV,CIN,0.0,0.46097238299983456,-19.0,-1.0,0.4076302585571621,backtest (recipe chosen on these seasons),112.0,-123.0,13.0,32.0,2021-11-21,away,CIN,-123.0,−129 to −100,0.5390276170001653,W,0.8130081300813008,-0.022738548040350692,0.46097238299983456,0.8130081300813008,-2.890189803687542
2021_11_DAL_KC,2021,11,KC,DAL,1.0,0.5597200270941521,10.0,2.5,0.5166570314180167,backtest (recipe chosen on these seasons),-134.0,122.0,19.0,9.0,2021-11-21,home,KC,-134.0,−174 to −130,0.5597200270941521,W,0.746268656716418,-0.022578460149017876,0.5597200270941521,0.746268656716418,0.5166345930819988
2021_11_DET_CLE,2021,11,CLE,DET,1.0,0.8285075183298123,3.0,13.0,0.8519182432441059,backtest (recipe chosen on these seasons),-590.0,465.0,13.0,10.0,2021-11-21,home,CLE,-590.0,≤ −250,0.8285075183298123,W,0.1694915254237288,-0.031067478563439888,0.8285075183298123,0.1694915254237288,12.922889001658504
2021_11_GB_MIN,2021,11,MIN,GB,1.0,0.486051922323835,3.0,-1.0,0.3977298946661963,backtest (recipe chosen on these seasons),101.0,-111.0,34.0,31.0,2021-11-21,away,GB,-111.0,−129 to −100,0.513948077676165,L,-1.0,-0.023035636129091708,0.486051922323835,-1.0,-3.206642970189895
2021_11_HOU_TEN,2021,11,TEN,HOU,0.0,0.7967994099228416,-9.0,10.5,0.7717791236344498,backtest (recipe chosen on these seasons),-462.0,377.0,13.0,22.0,2021-11-21,home,TEN,-462.0,≤ −250,0.7967994099228416,L,-1.0,-0.0307331853319546,0.7967994099228416,-1.0,9.21217112262582
2021_11_IND_BUF,2021,11,BUF,IND,0.0,0.7402276100940128,-26.0,7.5,0.7540117116484845,backtest (recipe chosen on these seasons),-320.0,274.0,15.0,41.0,2021-11-21,home,BUF,-320.0,≤ −250,0.7402276100940128,L,-1.0,-0.02845126175160817,0.7402276100940128,-1.0,8.500273860205072
2021_11_MIA_NYJ,2021,11,NYJ,MIA,0.0,0.37207701067238685,-7.0,-3.5,0.2909995710623456,backtest (recipe chosen on these seasons),162.0,-181.0,17.0,24.0,2021-11-21,away,MIA,-181.0,−249 to −175,0.6279229893276131,W,0.5524861878453039,-0.02515823203834644,0.37207701067238685,0.5524861878453039,-6.809276123169277
2021_11_NE_ATL,2021,11,ATL,NE,0.0,0.25547879942829915,-25.0,-7.0,0.17302512172104192,backtest (recipe chosen on these seasons),280.0,-329.0,0.0,25.0,2021-11-18,away,NE,-329.0,≤ −250,0.7445212005717008,W,0.303951367781155,-0.02918056217246312,0.25547879942829915,0.303951367781155,-11.655980918649496
2021_11_NO_PHI,2021,11,PHI,NO,1.0,0.5757997218358832,11.0,2.5,0.48236695574942146,backtest (recipe chosen on these seasons),-144.0,130.0,40.0,29.0,2021-11-21,away,NO,130.0,+130 to +174,0.4242002781641169,L,-1.0,-0.024339360222531137,0.5757997218358832,0.6944444444444444,-0.5469258001098388
2021_11_NYG_TB,2021,11,TB,NYG,1.0,0.8146730471948239,20.0,11.5,0.8270261468268965,backtest (recipe chosen on these seasons),-527.0,423.0,30.0,10.0,2021-11-22,home,TB,-527.0,≤ −250,0.8146730471948239,W,0.18975332068311196,-0.030740036828928646,0.8146730471948239,0.18975332068311196,11.658459219966002
2021_11_PIT_LAC,2021,11,LAC,PIT,1.0,0.6958932594004505,4.0,5.5,0.672397498280674,backtest (recipe chosen on these seasons),-251.0,220.0,41.0,37.0,2021-11-21,home,LAC,-251.0,≤ −250,0.6958932594004505,W,0.398406374501992,-0.026858430081441675,0.6958932594004505,0.398406374501992,5.5237378600050855
2021_11_SF_JAX,2021,11,JAX,SF,0.0,0.2833071838076188,-20.0,-6.5,0.23735415189529616,backtest (recipe chosen on these seasons),243.0,-281.0,10.0,30.0,2021-11-21,away,SF,-281.0,≤ −250,0.7166928161923811,W,0.35587188612099646,-0.028256359539867548,0.2833071838076188,0.35587188612099646,-8.842563025447802
2021_11_WAS_CAR,2021,11,CAR,WAS,0.0,0.6162961291050671,-6.0,3.5,0.5992221701684066,backtest (recipe chosen on these seasons),-172.0,154.0,21.0,27.0,2021-11-21,home,CAR,-172.0,−174 to −130,0.6162961291050671,L,-1.0,-0.025392167926870546,0.6162961291050671,-1.0,3.1090052721701693
2021_12_ATL_JAX,2021,12,JAX,ATL,0.0,0.47698280643372154,-7.0,-1.5,0.4754599902181444,backtest (recipe chosen on these seasons),105.0,-115.0,14.0,21.0,2021-11-28,away,ATL,-115.0,−129 to −100,0.5230171935662784,W,0.8695652173913043,-0.022185246810870807,0.47698280643372154,0.8695652173913043,-0.7613923752353963
2021_12_BUF_NO,2021,12,NO,BUF,0.0,0.290309925460965,-25.0,-7.0,0.19303465688372234,backtest (recipe chosen on these seasons),235.0,-270.0,6.0,31.0,2021-11-25,away,BUF,-270.0,≤ −250,0.7096900745390349,W,0.37037037037037035,-0.027461749705767036,0.290309925460965,0.37037037037037035,-10.721916207597346
2021_12_CAR_MIA,2021,12,MIA,CAR,1.0,0.46943325045014145,23.0,-1.0,0.4023431101230534,backtest (recipe chosen on these seasons),108.0,-119.0,33.0,10.0,2021-11-28,away,CAR,-119.0,−129 to −100,0.5305667495498585,L,-1.0,-0.02357883906370578,0.46943325045014145,-1.0,-3.058938570426146
2021_12_CHI_DET,2021,12,DET,CHI,0.0,0.45225634442579243,-2.0,-2.0,0.3618035253124684,backtest (recipe chosen on these seasons),115.0,-129.0,14.0,16.0,2021-11-25,away,CHI,-129.0,−129 to −100,0.5477436555742076,W,0.7751937984496124,-0.027648859484546207,0.45225634442579243,0.7751937984496124,-4.374553911129735
2021_12_CLE_BAL,2021,12,BAL,CLE,1.0,0.5939086294416244,6.0,3.0,0.42698790495359235,backtest (recipe chosen on these seasons),-156.0,140.0,16.0,10.0,2021-11-28,away,CLE,140.0,+130 to +174,0.40609137055837563,L,-1.0,-0.025380710659898553,0.5939086294416244,0.6410256410256411,-2.2766735957272317
2021_12_LAC_DEN,2021,12,DEN,LAC,1.0,0.4295364214803857,15.0,-2.5,0.39673499960420144,backtest (recipe chosen on these seasons),127.0,-141.0,28.0,13.0,2021-11-28,away,LAC,-141.0,−174 to −130,0.5704635785196144,L,-1.0,-0.024952323239524343,0.4295364214803857,-1.0,-3.238556485979196
2021_12_LA_GB,2021,12,GB,LA,1.0,0.4684838160136286,8.0,-2.0,0.4544325179040083,backtest (recipe chosen on these seasons),108.0,-120.0,36.0,28.0,2021-11-28,away,LA,-120.0,−129 to −100,0.5315161839863713,L,-1.0,-0.02555366269165249,0.4684838160136286,-1.0,-1.4159968771236082
2021_12_LV_DAL,2021,12,DAL,LV,0.0,0.7367517454503835,-3.0,7.0,0.7243957733725999,backtest (recipe chosen on these seasons),-314.0,269.0,33.0,36.0,2021-11-25,home,DAL,-314.0,≤ −250,0.7367517454503835,L,-1.0,-0.02861394071191481,0.7367517454503835,-1.0,7.371904763000754
2021_12_MIN_SF,2021,12,SF,MIN,1.0,0.6306061713569676,8.0,3.5,0.5853705640692264,backtest (recipe chosen on these seasons),-183.0,164.0,34.0,26.0,2021-11-28,home,SF,-183.0,−249 to −175,0.6306061713569676,W,0.546448087431694,-0.024800292382394284,0.6306061713569676,0.546448087431694,2.6676175781228335
2021_12_NYJ_HOU,2021,12,HOU,NYJ,0.0,0.5660893345487694,-7.0,3.0,0.6417636395579488,backtest (recipe chosen on these seasons),-138.0,125.0,14.0,21.0,2021-11-28,home,HOU,-138.0,−174 to −130,0.5660893345487694,L,-1.0,-0.023701002734731025,0.5660893345487694,-1.0,4.492498609148733
2021_12_PHI_NYG,2021,12,NYG,PHI,1.0,0.35946425054165854,6.0,-4.0,0.2520815760699408,backtest (recipe chosen on these seasons),171.0,-192.0,13.0,7.0,2021-11-28,away,PHI,-192.0,−249 to −175,0.6405357494583416,L,-1.0,-0.025851881032105506,0.35946425054165854,-1.0,-8.262587179563289
2021_12_PIT_CIN,2021,12,CIN,PIT,1.0,0.6162961291050671,31.0,3.5,0.6298060606634188,backtest (recipe chosen on these seasons),-172.0,154.0,41.0,10.0,2021-11-28,home,CIN,-172.0,−174 to −130,0.6162961291050671,W,0.5813953488372093,-0.025392167926870546,0.6162961291050671,0.5813953488372093,4.098672553282405
2021_12_SEA_WAS,2021,12,WAS,SEA,1.0,0.4519505233111322,2.0,-1.0,0.5041511856713634,backtest (recipe chosen on these seasons),116.0,-128.0,17.0,15.0,2021-11-29,home,WAS,116.0,+100 to +129,0.4519505233111322,W,1.16,-0.0237868696479544,0.4519505233111322,-1.0,0.12871810274462062
2021_12_TB_IND,2021,12,IND,TB,0.0,0.4155887507302011,-7.0,-3.0,0.35328084279333366,backtest (recipe chosen on these seasons),135.0,-149.0,31.0,38.0,2021-11-28,away,TB,-149.0,−174 to −130,0.5844112492697988,W,0.6711409395973155,-0.023366435784027473,0.4155887507302011,0.6711409395973155,-4.657030902410575
2021_12_TEN_NE,2021,12,NE,TEN,1.0,0.7316281227221523,23.0,7.5,0.8103454082089375,backtest (recipe chosen on these seasons),-305.0,262.0,36.0,13.0,2021-11-28,home,NE,-305.0,≤ −250,0.7316281227221523,W,0.32786885245901637,-0.028493804254191263,0.7316281227221523,0.32786885245901637,10.875331174053418
2021_13_ARI_CHI,2021,13,CHI,ARI,0.0,0.23448111757765636,-11.0,-7.5,0.2792303022482991,backtest (recipe chosen on these seasons),314.0,-373.0,22.0,33.0,2021-12-05,away,ARI,-373.0,≤ −250,0.7655188824223437,W,0.2680965147453083,-0.02924817322850251,0.23448111757765636,0.2680965147453083,-7.238052649785015
2021_13_BAL_PIT,2021,13,PIT,BAL,1.0,0.3557216929940914,1.0,-4.0,0.27862230131161925,backtest (recipe chosen on these seasons),174.0,-195.0,20.0,19.0,2021-12-05,away,BAL,-195.0,−249 to −175,0.6442783070059086,L,-1.0,-0.025322561196189586,0.3557216929940914,-1.0,-7.260436776371909
2021_13_DAL_NO,2021,13,NO,DAL,0.0,0.30207871113083246,-10.0,-6.0,0.28094436493968405,backtest (recipe chosen on these seasons),222.0,-254.0,17.0,27.0,2021-12-02,away,DAL,-254.0,≤ −250,0.6979212888691675,W,0.3937007874015748,-0.0273065501587193,0.30207871113083246,0.3937007874015748,-7.1750748756766
2021_13_DEN_KC,2021,13,KC,DEN,1.0,0.7707167103733034,13.0,8.5,0.7822443435920386,backtest (recipe chosen on these seasons),-387.0,323.0,22.0,9.0,2021-12-05,home,KC,-387.0,≤ −250,0.7707167103733034,W,0.25839793281653745,-0.030131684879073056,0.7707167103733034,0.25839793281653745,9.646069131261664
2021_13_IND_HOU,2021,13,HOU,IND,0.0,0.2209541041789902,-31.0,-10.0,0.13289111151928343,backtest (recipe chosen on these seasons),339.0,-408.0,0.0,31.0,2021-12-05,away,IND,-408.0,≤ −250,0.7790458958210097,W,0.24509803921568626,-0.030011482654233035,0.2209541041789902,0.24509803921568626,-13.765684790302863
2021_13_JAX_LA,2021,13,LA,JAX,1.0,0.8609585172219015,30.0,14.0,0.8296883727651672,backtest (recipe chosen on these seasons),-796.0,597.0,37.0,7.0,2021-12-05,home,LA,-796.0,≤ −250,0.8609585172219015,W,0.12562814070351758,-0.030880865036653563,0.8609585172219015,0.12562814070351758,11.78779986601691
2021_13_LAC_CIN,2021,13,CIN,LAC,0.0,0.5704635785196144,-19.0,2.5,0.5129028060338403,backtest (recipe chosen on these seasons),-141.0,127.0,22.0,41.0,2021-12-05,home,CIN,-141.0,−174 to −130,0.5704635785196144,L,-1.0,-0.024952323239524343,0.5704635785196144,-1.0,0.4001469753288659
2021_13_MIN_DET,2021,13,DET,MIN,1.0,0.27370749239701414,2.0,-7.0,0.25758865267292425,backtest (recipe chosen on these seasons),255.0,-296.0,29.0,27.0,2021-12-05,away,MIN,-296.0,≤ −250,0.7262925076029859,L,-1.0,-0.02833840199059992,0.27370749239701414,-1.0,-8.0503633295423
2021_13_NE_BUF,2021,13,BUF,NE,0.0,0.5792858120125872,-4.0,3.0,0.584680625325239,backtest (recipe chosen on these seasons),-146.0,132.0,10.0,14.0,2021-12-06,home,BUF,-146.0,−174 to −130,0.5792858120125872,L,-1.0,-0.023943083869202353,0.5792858120125872,-1.0,2.6457255429586044
2021_13_NYG_MIA,2021,13,MIA,NYG,1.0,0.7246530137533368,11.0,6.5,0.7233070683293336,backtest (recipe chosen on these seasons),-293.0,253.0,20.0,9.0,2021-12-05,home,MIA,-293.0,≤ −250,0.7246530137533368,W,0.3412969283276451,-0.028025138549278628,0.7246530137533368,0.3412969283276451,7.331626521835919
2021_13_PHI_NYJ,2021,13,NYJ,PHI,0.0,0.35166954823988805,-15.0,-5.0,0.2255600027001329,backtest (recipe chosen on these seasons),177.0,-199.0,18.0,33.0,2021-12-05,away,PHI,-199.0,−249 to −175,0.648330451760112,W,0.5025125628140703,-0.025875351375510225,0.35166954823988805,0.5025125628140703,-9.32140262357388
2021_13_SF_SEA,2021,13,SEA,SF,1.0,0.43391066545123064,7.0,-3.0,0.33591441577333425,backtest (recipe chosen on these seasons),125.0,-138.0,30.0,23.0,2021-12-05,away,SF,-138.0,−174 to −130,0.5660893345487694,L,-1.0,-0.023701002734731025,0.43391066545123064,-1.0,-5.240419123465035
2021_13_TB_ATL,2021,13,ATL,TB,0.0,0.19908248939669348,-13.0,-11.0,0.14696242785735938,backtest (recipe chosen on these seasons),387.0,-475.0,17.0,30.0,2021-12-05,away,TB,-475.0,≤ −250,0.8009175106033065,W,0.21052631578947367,-0.030468276638102643,0.19908248939669348,0.21052631578947367,-12.982938874258517
2021_13_WAS_LV,2021,13,LV,WAS,0.0,0.5480494766888677,-2.0,1.0,0.3556375415074627,backtest (recipe chosen on these seasons),-128.0,116.0,15.0,17.0,2021-12-05,away,WAS,116.0,+100 to +129,0.4519505233111322,W,1.16,-0.0237868696479544,0.5480494766888677,-1.0,-4.578683211343097
2021_14_ATL_CAR,2021,14,CAR,ATL,0.0,0.562379468921525,-8.0,2.5,0.552609934695053,backtest (recipe chosen on these seasons),-136.0,123.0,21.0,29.0,2021-12-12,home,CAR,-136.0,−174 to −130,0.562379468921525,L,-1.0,-0.024106215695000655,0.562379468921525,-1.0,1.6360329615950722
2021_14_BAL_CLE,2021,14,CLE,BAL,1.0,0.5850622406639003,2.0,3.0,0.5243694449763928,backtest (recipe chosen on these seasons),-150.0,135.0,24.0,22.0,2021-12-12,home,CLE,-150.0,−174 to −130,0.5850622406639003,W,0.6666666666666666,-0.02489626556016611,0.5850622406639003,0.6666666666666666,0.7560937155510907
2021_14_BUF_TB,2021,14,TB,BUF,1.0,0.6270291076571854,6.0,3.5,0.5654545505026638,backtest (recipe chosen on these seasons),-181.0,161.0,33.0,27.0,2021-12-12,home,TB,-181.0,−249 to −175,0.6270291076571854,W,0.5524861878453039,-0.02654597098525352,0.6270291076571854,0.5524861878453039,2.038741091850947
2021_14_CHI_GB,2021,14,GB,CHI,1.0,0.8379464148659493,15.0,11.5,0.8234809665658109,backtest (recipe chosen on these seasons),-639.0,498.0,45.0,30.0,2021-12-12,home,GB,-639.0,≤ −250,0.8379464148659493,W,0.1564945226917058,-0.03091956089837783,0.8379464148659493,0.1564945226917058,11.488174438731535
2021_14_DAL_WAS,2021,14,WAS,DAL,0.0,0.2809810923139964,-7.0,-6.5,0.3161478408769516,backtest (recipe chosen on these seasons),246.0,-284.0,20.0,27.0,2021-12-12,away,DAL,-284.0,≤ −250,0.7190189076860036,W,0.352112676056338,-0.027805420593572605,0.2809810923139964,0.352112676056338,-5.919022271053221
2021_14_DET_DEN,2021,14,DEN,DET,1.0,0.83714618069019,28.0,13.0,0.8680827309853489,backtest (recipe chosen on these seasons),-635.0,495.0,38.0,10.0,2021-12-12,home,DEN,-635.0,≤ −250,0.83714618069019,W,0.15748031496062992,-0.03101977510663051,0.83714618069019,0.15748031496062992,13.82191375066872
2021_14_JAX_TEN,2021,14,TEN,JAX,1.0,0.7695940284865566,20.0,8.5,0.6787248993573762,backtest (recipe chosen on these seasons),-384.0,321.0,20.0,0.0,2021-12-12,home,TEN,-384.0,≤ −250,0.7695940284865566,W,0.2604166666666667,-0.02999085992840267,0.7695940284865566,0.2604166666666667,5.741364210582899
2021_14_LA_ARI,2021,14,ARI,LA,0.0,0.6162961291050671,-7.0,3.0,0.6151622210082679,backtest (recipe chosen on these seasons),-172.0,154.0,23.0,30.0,2021-12-13,home,ARI,-172.0,−174 to −130,0.6162961291050671,L,-1.0,-0.025392167926870546,0.6162961291050671,-1.0,3.6219274276382505
2021_14_LV_KC,2021,14,KC,LV,1.0,0.7914590201640727,39.0,10.0,0.8552405642186885,backtest (recipe chosen on these seasons),-444.0,365.0,48.0,9.0,2021-12-12,home,KC,-444.0,≤ −250,0.7914590201640727,W,0.22522522522522523,-0.030284443762938013,0.7914590201640727,0.22522522522522523,13.102027805783745
2021_14_NO_NYJ,2021,14,NYJ,NO,0.0,0.3569607343192249,-21.0,-4.5,0.2549125339210925,backtest (recipe chosen on these seasons),173.0,-194.0,9.0,30.0,2021-12-12,away,NO,-194.0,−249 to −175,0.6430392656807752,W,0.5154639175257731,-0.02549719530851602,0.3569607343192249,0.5154639175257731,-8.15319198634252
2021_14_NYG_LAC,2021,14,LAC,NYG,1.0,0.7739261492087415,16.0,9.5,0.7506941922848627,backtest (recipe chosen on these seasons),-395.0,329.0,37.0,21.0,2021-12-12,home,LAC,-395.0,≤ −250,0.7739261492087415,W,0.25316455696202533,-0.030143180105501183,0.7739261492087415,0.25316455696202533,8.370480788625116
2021_14_PIT_MIN,2021,14,MIN,PIT,1.0,0.6205588133839255,8.0,3.5,0.587233668658051,backtest (recipe chosen on these seasons),-175.0,157.0,36.0,28.0,2021-12-09,home,MIN,-175.0,−249 to −175,0.6205588133839255,W,0.5714285714285714,-0.024836150396688517,0.6205588133839255,0.5714285714285714,2.7267766129844144
2021_14_SEA_HOU,2021,14,HOU,SEA,0.0,0.22352699724272085,-20.0,-10.0,0.18486468459660407,backtest (recipe chosen on these seasons),334.0,-401.0,13.0,33.0,2021-12-12,away,SEA,-401.0,≤ −250,0.776473002757279,W,0.24937655860349128,-0.02989283196659151,0.22352699724272085,0.24937655860349128,-11.095647701434936
2021_14_SF_CIN,2021,14,CIN,SF,0.0,0.4491310290958797,-3.0,-2.5,0.33175167626628455,backtest (recipe chosen on these seasons),117.0,-130.0,23.0,26.0,2021-12-12,away,SF,-130.0,−174 to −130,0.5508689709041202,W,0.7692307692307693,-0.025385666861941103,0.4491310290958797,0.7692307692307693,-5.381956769496048
2021_15_ARI_DET,2021,15,DET,ARI,1.0,0.16288307480638217,18.0,-13.0,0.13007309417603066,backtest (recipe chosen on these seasons),495.0,-634.0,30.0,12.0,2021-12-19,away,ARI,-634.0,≤ −250,0.8371169251936178,L,-1.0,-0.030845704902026094,0.16288307480638217,-1.0,-13.92918495034999
2021_15_ATL_SF,2021,15,SF,ATL,1.0,0.7683621272077985,18.0,9.5,0.7420365235389752,backtest (recipe chosen on these seasons),-380.0,319.0,31.0,13.0,2021-12-19,home,SF,-380.0,≤ −250,0.7683621272077985,W,0.2631578947368421,-0.02943731300067559,0.7683621272077985,0.2631578947368421,8.036005368471724
2021_15_CAR_BUF,2021,15,BUF,CAR,1.0,0.853607808514128,17.0,14.0,0.7442433760293063,backtest (recipe chosen on these seasons),-739.0,562.0,31.0,14.0,2021-12-19,home,BUF,-739.0,≤ −250,0.853607808514128,W,0.13531799729364005,-0.030883692363527226,0.853607808514128,0.13531799729364005,8.120697675687525
2021_15_CIN_DEN,2021,15,DEN,CIN,0.0,0.5933014354066986,-5.0,3.0,0.556249408745916,backtest (recipe chosen on these seasons),-155.0,140.0,10.0,15.0,2021-12-19,home,DEN,-155.0,−174 to −130,0.5933014354066986,L,-1.0,-0.02392344497607657,0.5933014354066986,-1.0,1.7499443707159765
2021_15_DAL_NYG,2021,15,NYG,DAL,0.0,0.18358081030369017,-15.0,-11.5,0.19669901260481784,backtest (recipe chosen on these seasons),428.0,-534.0,6.0,21.0,2021-12-19,away,DAL,-534.0,≤ −250,0.8164191896963099,W,0.18726591760299627,-0.03069332159651597,0.18358081030369017,0.18726591760299627,-10.55743934449031
2021_15_GB_BAL,2021,15,BAL,GB,0.0,0.24324121599177054,-1.0,-9.5,0.17082334212330605,backtest (recipe chosen on these seasons),299.0,-354.0,30.0,31.0,2021-12-19,away,GB,-354.0,≤ −250,0.7567587840082296,W,0.2824858757062147,-0.02946754819283548,0.24324121599177054,0.2824858757062147,-11.76283907519668
2021_15_HOU_JAX,2021,15,JAX,HOU,0.0,0.6999193060318741,-14.0,6.0,0.7929061303450186,backtest (recipe chosen on these seasons),-257.0,224.0,16.0,30.0,2021-12-19,home,JAX,-257.0,≤ −250,0.6999193060318741,L,-1.0,-0.027738551543272094,0.6999193060318741,-1.0,10.100678048101429
2021_15_KC_LAC,2021,15,LAC,KC,0.0,0.38227263180004206,-6.0,-3.0,0.2963415842734502,backtest (recipe chosen on these seasons),155.0,-173.0,28.0,34.0,2021-12-16,away,KC,-173.0,−174 to −130,0.617727368199958,W,0.5780346820809249,-0.02520478890989286,0.38227263180004206,0.5780346820809249,-6.617354107252122
2021_15_LV_CLE,2021,15,CLE,LV,0.0,0.4210921117684164,-2.0,-3.0,0.32123222451414407,backtest (recipe chosen on these seasons),131.0,-147.0,14.0,16.0,2021-12-20,away,LV,-147.0,−174 to −130,0.5789078882315836,W,0.6802721088435374,-0.02727722181495823,0.4210921117684164,0.6802721088435374,-5.742844905670192
2021_15_MIN_CHI,2021,15,CHI,MIN,0.0,0.25977238990598717,-8.0,-7.0,0.22997344477474438,backtest (recipe chosen on these seasons),274.0,-320.0,9.0,17.0,2021-12-20,away,MIN,-320.0,≤ −250,0.7402276100940128,W,0.3125,-0.02845126175160817,0.25977238990598717,0.3125,-9.140617364772526
2021_15_NE_IND,2021,15,IND,NE,1.0,0.5080764260660882,10.0,-1.0,0.5040639033177378,backtest (recipe chosen on these seasons),-109.0,-102.0,27.0,17.0,2021-12-18,home,IND,-109.0,−129 to −100,0.5080764260660882,W,0.9174311926605505,-0.025798412405390547,0.5080764260660882,0.9174311926605505,0.12601159606094586
2021_15_NO_TB,2021,15,TB,NO,0.0,0.8125034131660225,-9.0,11.5,0.8033947481920944,backtest (recipe chosen on these seasons),-518.0,417.0,0.0,9.0,2021-12-19,home,TB,-518.0,≤ −250,0.8125034131660225,L,-1.0,-0.03064264606833611,0.8125034131660225,-1.0,10.56162454764848
2021_15_NYJ_MIA,2021,15,MIA,NYJ,1.0,0.7918814679039217,7.0,10.5,0.8243732761177304,backtest (recipe chosen on these seasons),-445.0,366.0,31.0,24.0,2021-12-19,home,MIA,-445.0,≤ −250,0.7918814679039217,W,0.2247191011235955,-0.03016764043227571,0.7918814679039217,0.2247191011235955,11.530828683975596
2021_15_SEA_LA,2021,15,LA,SEA,1.0,0.7560659701234782,10.0,7.5,0.6906944385947497,backtest (recipe chosen on these seasons),-352.0,298.0,20.0,10.0,2021-12-21,home,LA,-352.0,≤ −250,0.7560659701234782,W,0.2840909090909091,-0.029142561091442754,0.7560659701234782,0.2840909090909091,6.158029804822935
2021_15_TEN_PIT,2021,15,PIT,TEN,1.0,0.533647048893203,6.0,1.0,0.4593154402367542,backtest (recipe chosen on these seasons),-121.0,109.0,19.0,13.0,2021-12-19,away,TEN,109.0,+100 to +129,0.46635295110679686,L,-1.0,-0.02532233218679447,0.533647048893203,0.8264462809917356,-1.263700443758727
2021_15_WAS_PHI,2021,15,PHI,WAS,1.0,0.7979978548444763,10.0,10.0,0.8019492337232736,backtest (recipe chosen on these seasons),-465.0,380.0,27.0,17.0,2021-12-21,home,PHI,-465.0,≤ −250,0.7979978548444763,W,0.21505376344086022,-0.030389703253485806,0.7979978548444763,0.21505376344086022,10.497234766879483
2021_16_BAL_CIN,2021,16,CIN,BAL,1.0,0.7615828054942709,20.0,7.5,0.7837065595152285,backtest (recipe chosen on these seasons),-369.0,306.0,41.0,21.0,2021-12-26,home,CIN,-369.0,≤ −250,0.7615828054942709,W,0.27100271002710025,-0.03202619030673967,0.7615828054942709,0.27100271002710025,9.707637627073536
2021_16_BUF_NE,2021,16,NE,BUF,0.0,0.5183217790582515,-12.0,1.0,0.5153696779202019,backtest (recipe chosen on these seasons),-114.0,102.0,21.0,33.0,2021-12-26,home,NE,-114.0,−129 to −100,0.5183217790582515,L,-1.0,-0.027009993697668266,0.5183217790582515,-1.0,0.4766854293809559
2021_16_CHI_SEA,2021,16,SEA,CHI,0.0,0.7360752537000588,-1.0,7.0,0.7361234510189788,backtest (recipe chosen on these seasons),-313.0,268.0,24.0,25.0,2021-12-26,home,SEA,-313.0,≤ −250,0.7360752537000588,L,-1.0,-0.028756933616216396,0.7360752537000588,-1.0,7.810908463554215
2021_16_CLE_GB,2021,16,GB,CLE,1.0,0.7823319232822703,2.0,7.5,0.7919030666994621,backtest (recipe chosen on these seasons),-430.0,343.0,24.0,22.0,2021-12-25,home,GB,-430.0,≤ −250,0.7823319232822703,W,0.23255813953488372,-0.03573042014045755,0.7823319232822703,0.23255813953488372,10.057331949697046
2021_16_DEN_LV,2021,16,LV,DEN,1.0,0.4919235739339118,4.0,-1.0,0.41678196360435765,backtest (recipe chosen on these seasons),-102.0,-109.0,17.0,13.0,2021-12-26,away,DEN,-109.0,−129 to −100,0.5080764260660882,L,-1.0,-0.025798412405390547,0.4919235739339118,-1.0,-2.5993443055731946
2021_16_DET_ATL,2021,16,ATL,DET,1.0,0.7633307815087788,4.0,7.5,0.756111941406177,backtest (recipe chosen on these seasons),-373.0,309.0,20.0,16.0,2021-12-26,home,ATL,-373.0,≤ −250,0.7633307815087788,W,0.2680965147453083,-0.03202289637090522,0.7633307815087788,0.2680965147453083,8.582927761829753
2021_16_IND_ARI,2021,16,ARI,IND,0.0,0.5998344142403753,-6.0,3.0,0.43103969743095183,backtest (recipe chosen on these seasons),-161.0,143.0,16.0,22.0,2021-12-25,away,IND,143.0,+130 to +174,0.4001655857596247,W,1.43,-0.027597626604112024,0.5998344142403753,-1.0,-2.1490127858230723
2021_16_JAX_NYJ,2021,16,NYJ,JAX,1.0,0.5431472081218274,5.0,2.5,0.36808648780412917,backtest (recipe chosen on these seasons),-125.0,114.0,26.0,21.0,2021-12-26,away,JAX,114.0,+100 to +129,0.45685279187817257,L,-1.0,-0.022335025380710638,0.5431472081218274,0.8,-4.1677698500966125
2021_16_LAC_HOU,2021,16,HOU,LAC,1.0,0.1609900571186799,12.0,-13.5,0.12275164228289343,backtest (recipe chosen on these seasons),500.0,-661.0,41.0,29.0,2021-12-26,away,LAC,-661.0,≤ −250,0.83900994288132,L,-1.0,-0.034059657287920514,0.1609900571186799,-1.0,-14.365787186143379
2021_16_LA_MIN,2021,16,MIN,LA,0.0,0.3775590873156503,-7.0,-3.5,0.3414765221914649,backtest (recipe chosen on these seasons),158.0,-177.0,23.0,30.0,2021-12-26,away,LA,-177.0,−249 to −175,0.6224409126843496,W,0.5649717514124294,-0.025897554725622274,0.3775590873156503,0.5649717514124294,-5.052362818817978
2021_16_MIA_NO,2021,16,NO,MIA,0.0,0.40073982737361286,-17.0,-3.0,0.29415537664260444,backtest (recipe chosen on these seasons),143.0,-160.0,3.0,20.0,2021-12-27,away,MIA,-160.0,−174 to −130,0.5992601726263872,W,0.625,-0.026202219482120814,0.40073982737361286,0.625,-6.695702710847962
2021_16_NYG_PHI,2021,16,PHI,NYG,1.0,0.812721815973132,24.0,11.0,0.8341189647300657,backtest (recipe chosen on these seasons),-529.0,416.0,34.0,10.0,2021-12-26,home,PHI,-529.0,≤ −250,0.812721815973132,W,0.1890359168241966,-0.03364457042136104,0.812721815973132,0.1890359168241966,12.005960350678862
2021_16_PIT_KC,2021,16,KC,PIT,1.0,0.7739602169981917,26.0,10.5,0.8314925270055963,backtest (recipe chosen on these seasons),-400.0,328.0,36.0,10.0,2021-12-26,home,KC,-400.0,≤ −250,0.7739602169981917,W,0.25,-0.03254972875226034,0.7739602169981917,0.25,11.876189781805161
2021_16_SF_TEN,2021,16,TEN,SF,1.0,0.38421186945302976,3.0,-3.5,0.3096507199772126,backtest (recipe chosen on these seasons),154.0,-171.0,20.0,17.0,2021-12-23,away,SF,-171.0,−174 to −130,0.6157881305469702,L,-1.0,-0.0241018515893045,0.38421186945302976,-1.0,-6.145918611897087
2021_16_TB_CAR,2021,16,CAR,TB,0.0,0.19370568942199892,-26.0,-11.5,0.289698032560766,backtest (recipe chosen on these seasons),399.0,-503.0,6.0,32.0,2021-12-26,away,TB,-503.0,≤ −250,0.806294310578001,W,0.1988071570576541,-0.033408609784225385,0.19370568942199892,0.1988071570576541,-6.856283983477085
2021_16_WAS_DAL,2021,16,DAL,WAS,1.0,0.7930283629175197,42.0,10.5,0.78274208727891,backtest (recipe chosen on these seasons),-457.0,367.0,56.0,14.0,2021-12-26,home,DAL,-457.0,≤ −250,0.7930283629175197,W,0.2188183807439825,-0.03344245482481739,0.7930283629175197,0.2188183807439825,9.667000381830801
2021_17_ARI_DAL,2021,17,DAL,ARI,0.0,0.7016893283889576,-3.0,6.5,0.6608795237734868,backtest (recipe chosen on these seasons),-262.0,225.0,22.0,25.0,2022-01-02,home,DAL,-262.0,≤ −250,0.7016893283889576,L,-1.0,-0.030490317264112,0.7016893283889576,-1.0,5.131876340258427
2021_17_ATL_BUF,2021,17,BUF,ATL,1.0,0.8667261434992967,14.0,14.0,0.8595773497304032,backtest (recipe chosen on these seasons),-871.0,625.0,29.0,15.0,2022-01-02,home,BUF,-871.0,≤ −250,0.8667261434992967,W,0.1148105625717566,-0.03376454036990004,0.8667261434992967,0.1148105625717566,13.340084934987674
2021_17_CAR_NO,2021,17,NO,CAR,1.0,0.7133174989788355,8.0,7.0,0.6275534037650813,backtest (recipe chosen on these seasons),-279.0,238.0,18.0,10.0,2022-01-02,home,NO,-279.0,≤ −250,0.7133174989788355,W,0.35842293906810035,-0.031013146548463655,0.7133174989788355,0.35842293906810035,4.024955469837194
2021_17_CLE_PIT,2021,17,PIT,CLE,1.0,0.47499179161650434,12.0,-1.0,0.4107344760388247,backtest (recipe chosen on these seasons),105.0,-117.0,26.0,14.0,2022-01-03,away,CLE,-117.0,−129 to −100,0.5250082083834957,L,-1.0,-0.026266827186166075,0.47499179161650434,-1.0,-2.7913652004075047
2021_17_DEN_LAC,2021,17,LAC,DEN,1.0,0.7484276729559749,21.0,8.0,0.7480060253202031,backtest (recipe chosen on these seasons),-340.0,285.0,34.0,13.0,2022-01-02,home,LAC,-340.0,≤ −250,0.7484276729559749,W,0.29411764705882354,-0.031446540880503054,0.7484276729559749,0.29411764705882354,8.265982598186982
2021_17_DET_SEA,2021,17,SEA,DET,1.0,0.7734629300912957,22.0,8.5,0.7921003180657411,backtest (recipe chosen on these seasons),-399.0,327.0,51.0,29.0,2022-01-02,home,SEA,-399.0,≤ −250,0.7734629300912957,W,0.2506265664160401,-0.03268671148983315,0.7734629300912957,0.2506265664160401,10.065846146685708
2021_17_HOU_SF,2021,17,SF,HOU,1.0,0.8284147182041719,16.0,14.0,0.8091777127096876,backtest (recipe chosen on these seasons),-602.0,463.0,23.0,7.0,2022-01-02,home,SF,-602.0,≤ −250,0.8284147182041719,W,0.16611295681063123,-0.03397486348948725,0.8284147182041719,0.16611295681063123,10.82214347865324
2021_17_JAX_NE,2021,17,NE,JAX,1.0,0.8831038555503422,40.0,17.5,0.8130392305693722,backtest (recipe chosen on these seasons),-1056.0,727.0,50.0,10.0,2022-01-02,home,NE,-1056.0,≤ −250,0.8831038555503422,W,0.0946969696969697,-0.033268885401329926,0.8831038555503422,0.0946969696969697,10.998806941273807
2021_17_KC_CIN,2021,17,CIN,KC,1.0,0.3779947243901776,3.0,-3.5,0.2646825716043984,backtest (recipe chosen on these seasons),157.0,-178.0,34.0,31.0,2022-01-02,away,KC,-178.0,−249 to −175,0.6220052756098224,L,-1.0,-0.0285535583172436,0.3779947243901776,-1.0,-7.7804260420041595
2021_17_LA_BAL,2021,17,BAL,LA,0.0,0.26605339105339104,-1.0,-7.0,0.2143315747985157,backtest (recipe chosen on these seasons),264.0,-313.0,19.0,20.0,2022-01-02,away,LA,-313.0,≤ −250,0.7339466089466089,W,0.3194888178913738,-0.03156565656565663,0.26605339105339104,0.3194888178913738,-9.790624415318783
2021_17_LV_IND,2021,17,IND,LV,0.0,0.7724619434588531,-3.0,8.5,0.7868970597387673,backtest (recipe chosen on these seasons),-397.0,325.0,20.0,23.0,2022-01-02,home,IND,-397.0,≤ −250,0.7724619434588531,L,-1.0,-0.03296325970012595,0.7724619434588531,-1.0,9.842820624490491
2021_17_MIA_TEN,2021,17,TEN,MIA,1.0,0.6124587340318646,31.0,3.0,0.6027992648184788,backtest (recipe chosen on these seasons),-170.0,151.0,34.0,3.0,2022-01-02,home,TEN,-170.0,−174 to −130,0.6124587340318646,W,0.5882352941176471,-0.027271422419979763,0.6124587340318646,0.5882352941176471,3.22361429032595
2021_17_MIN_GB,2021,17,GB,MIN,1.0,0.8454571731380673,27.0,13.0,0.8803552893763317,backtest (recipe chosen on these seasons),-702.0,525.0,37.0,10.0,2022-01-02,home,GB,-702.0,≤ −250,0.8454571731380673,W,0.14245014245014245,-0.03410733211292022,0.8454571731380673,0.14245014245014245,14.556579786713158
2021_17_NYG_CHI,2021,17,CHI,NYG,1.0,0.718984860037033,26.0,7.0,0.7076199602433024,backtest (recipe chosen on these seasons),-287.0,245.0,29.0,3.0,2022-01-02,home,CHI,-287.0,≤ −250,0.718984860037033,W,0.34843205574912894,-0.030497767127763864,0.718984860037033,0.34843205574912894,6.759524741017455
2021_17_PHI_WAS,2021,17,WAS,PHI,0.0,0.3169899088419552,-4.0,-6.5,0.2863582530533046,backtest (recipe chosen on these seasons),206.0,-238.0,16.0,20.0,2022-01-02,away,PHI,-238.0,−249 to −175,0.6830100911580448,W,0.42016806722689076,-0.030010878943617092,0.3169899088419552,0.42016806722689076,-6.977363909350769
2021_17_TB_NYJ,2021,17,NYJ,TB,0.0,0.1336344710670326,-4.0,-14.5,0.27583818203052446,backtest (recipe chosen on these seasons),623.0,-868.0,24.0,28.0,2022-01-02,away,TB,-868.0,≤ −250,0.8663655289329675,W,0.1152073732718894,-0.033822774185354246,0.1336344710670326,0.1152073732718894,-7.363242658314313
2021_18_CAR_TB,2021,18,TB,CAR,1.0,0.798845836768343,24.0,11.0,0.44550471759439403,backtest (recipe chosen on these seasons),-510.0,375.0,41.0,17.0,2022-01-09,away,CAR,375.0,≥ +250,0.20115416323165702,L,-1.0,-0.04451772464962911,0.798845836768343,0.19607843137254902,-1.6950242764302204
2021_18_CHI_MIN,2021,18,MIN,CHI,1.0,0.6301020408163266,14.0,3.5,0.5123825532089952,backtest (recipe chosen on these seasons),-190.0,160.0,31.0,17.0,2022-01-09,home,MIN,-190.0,−249 to −175,0.6301020408163266,W,0.5263157894736842,-0.03826530612244888,0.6301020408163266,0.5263157894736842,0.38400739406101875
2021_18_CIN_CLE,2021,18,CLE,CIN,1.0,0.6957699520733487,5.0,6.5,0.7362493784631254,backtest (recipe chosen on these seasons),-265.0,215.0,21.0,16.0,2022-01-09,home,CLE,-265.0,≤ −250,0.6957699520733487,W,0.37735849056603776,-0.041675349031048026,0.6957699520733487,0.37735849056603776,7.815675110153155
2021_18_DAL_PHI,2021,18,PHI,DAL,0.0,0.2846975088967971,-25.0,-6.5,0.2552022086968061,backtest (recipe chosen on these seasons),235.0,-300.0,26.0,51.0,2022-01-08,away,DAL,-300.0,≤ −250,0.7153024911032029,W,0.3333333333333333,-0.0462633451957295,0.2846975088967971,0.3333333333333333,-8.142034260055958
2021_18_GB_DET,2021,18,DET,GB,1.0,0.36341238065906994,7.0,-4.0,0.3053148400095456,backtest (recipe chosen on these seasons),165.0,-195.0,37.0,30.0,2022-01-09,away,GB,-195.0,−249 to −175,0.6365876193409301,L,-1.0,-0.03695719125346475,0.36341238065906994,-1.0,-6.298492718920118
2021_18_IND_JAX,2021,18,JAX,IND,1.0,0.12790697674418605,15.0,-14.0,0.10783249603266763,backtest (recipe chosen on these seasons),650.0,-1000.0,26.0,11.0,2022-01-09,away,IND,-1000.0,≤ −250,0.8720930232558138,L,-1.0,-0.04069767441860478,0.12790697674418605,-1.0,-15.315763850191066
2021_18_KC_DEN,2021,18,DEN,KC,0.0,0.1790281329923274,-4.0,-11.5,0.1128860491156404,backtest (recipe chosen on these seasons),435.0,-600.0,24.0,28.0,2022-01-08,away,KC,-600.0,≤ −250,0.8209718670076727,W,0.16666666666666666,-0.04219948849104857,0.1790281329923274,0.16666666666666666,-14.98405062358893
2021_18_LAC_LV,2021,18,LV,LAC,1.0,0.37889039242219213,3.0,-3.5,0.35543530729511474,backtest (recipe chosen on these seasons),155.0,-180.0,35.0,32.0,2022-01-09,away,LAC,-180.0,−249 to −175,0.6211096075778079,L,-1.0,-0.03382949932340995,0.37889039242219213,-1.0,-4.585399178232283
2021_18_NE_MIA,2021,18,MIA,NE,1.0,0.3181818181818181,9.0,-6.0,0.34290695469756005,backtest (recipe chosen on these seasons),200.0,-250.0,33.0,24.0,2022-01-09,away,NE,-250.0,≤ −250,0.6818181818181818,L,-1.0,-0.045454545454545525,0.3181818181818181,-1.0,-5.004189419503253
2021_18_NO_ATL,2021,18,ATL,NO,0.0,0.33941312975774796,-10.0,-4.5,0.41359121247068514,backtest (recipe chosen on these seasons),186.0,-213.0,20.0,30.0,2022-01-09,away,NO,-213.0,−249 to −175,0.660586870242252,W,0.4694835680751174,-0.02927844889284087,0.33941312975774796,0.4694835680751174,-2.700576604285049
2021_18_NYJ_BUF,2021,18,BUF,NYJ,1.0,0.8872651356993738,17.0,16.0,0.6985589754573176,backtest (recipe chosen on these seasons),-1250.0,750.0,27.0,10.0,2022-01-09,home,BUF,-1250.0,≤ −250,0.8872651356993738,W,0.08,-0.04175365344467627,0.8872651356993738,0.08,6.435621918314884
2021_18_PIT_BAL,2021,18,BAL,PIT,0.0,0.5882115462252725,-3.0,3.0,0.6095137909445114,backtest (recipe chosen on these seasons),-155.0,135.0,13.0,16.0,2022-01-09,home,BAL,-155.0,−174 to −130,0.5882115462252725,L,-1.0,-0.03229713362939041,0.5882115462252725,-1.0,3.4395036204388956
2021_18_SEA_ARI,2021,18,ARI,SEA,0.0,0.6704377766847024,-8.0,5.5,0.5738086955202502,backtest (recipe chosen on these seasons),-235.0,190.0,30.0,38.0,2022-01-09,home,ARI,-235.0,−249 to −175,0.6704377766847024,L,-1.0,-0.04426955238563701,0.6704377766847024,-1.0,2.30180039921047
2021_18_SF_LA,2021,18,LA,SF,0.0,0.6115107913669064,-3.0,3.0,0.6858970960930834,backtest (recipe chosen on these seasons),-170.0,150.0,24.0,27.0,2022-01-09,home,LA,-170.0,−174 to −130,0.6115107913669064,L,-1.0,-0.02877697841726623,0.6115107913669064,-1.0,5.990218663471354
2021_18_TEN_HOU,2021,18,HOU,TEN,0.0,0.18711018711018712,-3.0,-10.5,0.14696679082964262,backtest (recipe chosen on these seasons),410.0,-575.0,25.0,28.0,2022-01-09,away,TEN,-575.0,≤ −250,0.8128898128898129,W,0.17391304347826086,-0.04573804573804574,0.18711018711018712,0.17391304347826086,-12.982704215031642
2021_18_WAS_NYG,2021,18,NYG,WAS,0.0,0.3169899088419552,-15.0,-6.0,0.33514819673483515,backtest (recipe chosen on these seasons),206.0,-238.0,7.0,22.0,2022-01-09,away,WAS,-238.0,−249 to −175,0.6830100911580448,W,0.42016806722689076,-0.030010878943617092,0.3169899088419552,0.42016806722689076,-5.266419385213625
2022_01_BAL_NYJ,2022,1,NYJ,BAL,0.0,0.29384534879040375,-15.0,-6.5,0.3228309157365092,backtest (recipe chosen on these seasons),231.0,-265.0,9.0,24.0,2022-09-11,away,BAL,-265.0,≤ −250,0.7061546512095963,W,0.37735849056603776,-0.027371895503763566,0.29384534879040375,0.37735849056603776,-5.687690704334071
2022_01_BUF_LA,2022,1,LA,BUF,0.0,0.47377843762281124,-21.0,-1.0,0.39884692179211334,backtest (recipe chosen on these seasons),106.0,-117.0,10.0,31.0,2022-09-08,away,BUF,-117.0,−129 to −100,0.5262215623771888,W,0.8547008547008547,-0.024016418497008918,0.47377843762281124,0.8547008547008547,-3.170837196915946
2022_01_CLE_CAR,2022,1,CAR,CLE,0.0,0.5431472081218274,-2.0,2.5,0.6408663780393431,backtest (recipe chosen on these seasons),-125.0,114.0,24.0,26.0,2022-09-11,home,CAR,-125.0,−129 to −100,0.5431472081218274,L,-1.0,-0.022335025380710694,0.5431472081218274,-1.0,4.462793519033294
2022_01_DEN_SEA,2022,1,SEA,DEN,1.0,0.3029704839803284,1.0,-6.0,0.31995158850960664,backtest (recipe chosen on these seasons),221.0,-253.0,17.0,16.0,2022-09-12,away,DEN,-253.0,≤ −250,0.6970295160196717,L,-1.0,-0.027464746423145836,0.3029704839803284,-1.0,-5.787108783637642
2022_01_GB_MIN,2022,1,MIN,GB,1.0,0.5419847328244275,16.0,2.5,0.5001286831386325,backtest (recipe chosen on these seasons),-125.0,113.0,23.0,7.0,2022-09-11,home,MIN,-125.0,−129 to −100,0.5419847328244275,W,0.8,-0.024427480916030475,0.5419847328244275,0.8,0.003990077088056928
2022_01_IND_HOU,2022,1,HOU,IND,0.5,0.2775800711743772,0.0,-7.0,0.2566132279573476,backtest (recipe chosen on these seasons),250.0,-290.0,20.0,20.0,2022-09-11,away,IND,-290.0,≤ −250,0.7224199288256229,P,0.0,-0.02846975088967954,0.2775800711743772,0.0,-8.087778813121506
2022_01_JAX_WAS,2022,1,WAS,JAX,1.0,0.5986798270759409,6.0,3.0,0.6083743083142515,backtest (recipe chosen on these seasons),-159.0,143.0,28.0,22.0,2022-09-11,home,WAS,-159.0,−174 to −130,0.5986798270759409,W,0.6289308176100629,-0.02479197979453651,0.5986798270759409,0.6289308176100629,3.4027942379512295
2022_01_KC_ARI,2022,1,ARI,KC,0.0,0.30320780070978187,-23.0,-6.0,0.22446583621590224,backtest (recipe chosen on these seasons),221.0,-252.0,21.0,44.0,2022-09-11,away,KC,-252.0,≤ −250,0.6967921992902182,W,0.3968253968253968,-0.026702959721600028,0.30320780070978187,0.3968253968253968,-9.366530500532447
2022_01_LV_LAC,2022,1,LAC,LV,1.0,0.6265670845558816,5.0,3.5,0.5634657630347967,backtest (recipe chosen on these seasons),-180.0,161.0,24.0,19.0,2022-09-11,home,LAC,-180.0,−249 to −175,0.6265670845558816,W,0.5555555555555556,-0.025340090690850803,0.6265670845558816,0.5555555555555556,1.9762572777807443
2022_01_NE_MIA,2022,1,MIA,NE,1.0,0.5933014354066986,13.0,3.0,0.47720770676712493,backtest (recipe chosen on these seasons),-155.0,140.0,20.0,7.0,2022-09-11,away,NE,140.0,+130 to +174,0.4066985645933015,L,-1.0,-0.023923444976076458,0.5933014354066986,0.6451612903225806,-0.7071053492613787
2022_01_NO_ATL,2022,1,ATL,NO,0.0,0.3233821035611469,-1.0,-6.0,0.33561507307529054,backtest (recipe chosen on these seasons),201.0,-228.0,26.0,27.0,2022-09-11,away,NO,-228.0,−249 to −175,0.6766178964388532,W,0.43859649122807015,-0.02661986828094809,0.3233821035611469,0.43859649122807015,-5.2505740165139745
2022_01_NYG_TEN,2022,1,TEN,NYG,0.0,0.685385750480274,-1.0,5.5,0.5340170360676552,backtest (recipe chosen on these seasons),-239.0,209.0,20.0,21.0,2022-09-11,home,TEN,-239.0,−249 to −175,0.685385750480274,L,-1.0,-0.027841968984046617,0.685385750480274,-1.0,1.0560473574672813
2022_01_PHI_DET,2022,1,DET,PHI,0.0,0.312960235640648,-3.0,-6.0,0.31092546316600106,backtest (recipe chosen on these seasons),211.0,-240.0,35.0,38.0,2022-09-11,away,PHI,-240.0,−249 to −175,0.687039764359352,W,0.4166666666666667,-0.026693667157584644,0.312960235640648,0.4166666666666667,-6.101240328475206
2022_01_PIT_CIN,2022,1,CIN,PIT,0.0,0.7331798681594643,-3.0,7.5,0.749735640315665,backtest (recipe chosen on these seasons),-308.0,264.0,20.0,23.0,2022-09-11,home,CIN,-308.0,≤ −250,0.7331798681594643,L,-1.0,-0.028774720100449847,0.7331798681594643,-1.0,8.33315043907165
2022_01_SF_CHI,2022,1,CHI,SF,1.0,0.30683501446004086,9.0,-6.5,0.2368139113202877,backtest (recipe chosen on these seasons),217.0,-248.0,19.0,10.0,2022-09-11,away,SF,-248.0,−249 to −175,0.6931649855399591,L,-1.0,-0.027333004161670338,0.30683501446004086,-1.0,-8.864204149562674
2022_01_TB_DAL,2022,1,DAL,TB,0.0,0.4433028919330289,-16.0,-2.5,0.4472385204588805,backtest (recipe chosen on these seasons),120.0,-133.0,3.0,19.0,2022-09-11,away,TB,-133.0,−174 to −130,0.556697108066971,W,0.7518796992481203,-0.0247336377473365,0.4433028919330289,0.7518796992481203,-1.640773309386098
2022_02_ARI_LV,2022,2,LV,ARI,0.0,0.6721843886695558,-6.0,5.5,0.6532103020698428,backtest (recipe chosen on these seasons),-223.0,197.0,23.0,29.0,2022-09-18,home,LV,-223.0,−249 to −175,0.6721843886695558,L,-1.0,-0.026387634348580657,0.6721843886695558,-1.0,4.873807534391134
2022_02_ATL_LA,2022,2,LA,ATL,1.0,0.8001430041331682,4.0,10.5,0.7291542462175284,backtest (recipe chosen on these seasons),-473.0,385.0,31.0,27.0,2022-09-18,home,LA,-473.0,≤ −250,0.8001430041331682,W,0.21141649048625794,-0.03069357004586601,0.8001430041331682,0.21141649048625794,7.548880378709615
2022_02_CAR_NYG,2022,2,NYG,CAR,1.0,0.48044542229805576,3.0,-1.0,0.4849544555933586,backtest (recipe chosen on these seasons),103.0,-114.0,19.0,16.0,2022-09-18,away,CAR,-114.0,−129 to −100,0.5195545777019441,L,-1.0,-0.024695792734946986,0.48044542229805576,-1.0,-0.46662771549579324
2022_02_CHI_GB,2022,2,GB,CHI,1.0,0.7834776815456361,17.0,10.5,0.8111628771045915,backtest (recipe chosen on these seasons),-420.0,348.0,27.0,10.0,2022-09-18,home,GB,-420.0,≤ −250,0.7834776815456361,W,0.23809523809523808,-0.029980013324450522,0.7834776815456361,0.23809523809523808,10.91268625003266
2022_02_CIN_DAL,2022,2,DAL,CIN,1.0,0.26978176462712544,3.0,-7.5,0.21199893892332175,backtest (recipe chosen on these seasons),260.0,-303.0,20.0,17.0,2022-09-18,away,CIN,-303.0,≤ −250,0.7302182353728746,L,-1.0,-0.02878564734234837,0.26978176462712544,-1.0,-9.889871957137622
2022_02_HOU_DEN,2022,2,DEN,HOU,1.0,0.8025629436811645,7.0,10.5,0.7886507060013851,backtest (recipe chosen on these seasons),-481.0,391.0,16.0,9.0,2022-09-18,home,DEN,-481.0,≤ −250,0.8025629436811645,W,0.2079002079002079,-0.030584053474518508,0.8025629436811645,0.2079002079002079,9.917626091235308
2022_02_IND_JAX,2022,2,JAX,IND,1.0,0.4034916946651176,24.0,-3.0,0.37753431036576635,backtest (recipe chosen on these seasons),142.0,-157.0,24.0,0.0,2022-09-18,away,IND,-157.0,−174 to −130,0.5965083053348824,L,-1.0,-0.02355009891041543,0.4034916946651176,-1.0,-3.8589826683948196
2022_02_LAC_KC,2022,2,KC,LAC,1.0,0.6354245784596689,3.0,4.0,0.5285645063448348,backtest (recipe chosen on these seasons),-188.0,167.0,27.0,24.0,2022-09-15,home,KC,-188.0,−249 to −175,0.6354245784596689,W,0.5319148936170213,-0.02658362448731566,0.6354245784596689,0.5319148936170213,0.8864575515676033
2022_02_MIA_BAL,2022,2,BAL,MIA,0.0,0.6063931297709924,-4.0,3.0,0.5522143291001291,backtest (recipe chosen on these seasons),-164.0,148.0,38.0,42.0,2022-09-18,home,BAL,-164.0,−174 to −130,0.6063931297709924,L,-1.0,-0.023854961832061095,0.6063931297709924,-1.0,1.6236594836459892
2022_02_MIN_PHI,2022,2,PHI,MIN,1.0,0.5704635785196144,17.0,2.5,0.4947559083484786,backtest (recipe chosen on these seasons),-141.0,127.0,24.0,7.0,2022-09-19,away,MIN,127.0,+100 to +129,0.4295364214803857,L,-1.0,-0.024952323239524565,0.5704635785196144,0.7092198581560284,-0.16260818962537063
2022_02_NE_PIT,2022,2,PIT,NE,0.0,0.41493775933609955,-3.0,-3.0,0.42320041160918664,backtest (recipe chosen on these seasons),135.0,-150.0,14.0,17.0,2022-09-18,away,NE,-150.0,−174 to −130,0.5850622406639003,W,0.6666666666666666,-0.02489626556016611,0.41493775933609955,0.6666666666666666,-2.396226475402042
2022_02_NYJ_CLE,2022,2,CLE,NYJ,0.0,0.6829002792370676,-1.0,6.5,0.6335831066475338,backtest (recipe chosen on these seasons),-235.0,207.0,30.0,31.0,2022-09-18,home,CLE,-235.0,−249 to −175,0.6829002792370676,L,-1.0,-0.026503857257797192,0.6829002792370676,-1.0,4.222603433861831
2022_02_SEA_SF,2022,2,SF,SEA,1.0,0.7678386211843623,20.0,8.5,0.7576660895054584,backtest (recipe chosen on these seasons),-379.0,318.0,27.0,7.0,2022-09-18,home,SF,-379.0,≤ −250,0.7678386211843623,W,0.2638522427440633,-0.029565436550634455,0.7678386211843623,0.2638522427440633,8.644338227516526
2022_02_TB_NO,2022,2,NO,TB,0.0,0.43500511770726713,-10.0,-2.5,0.4928158147815275,backtest (recipe chosen on these seasons),124.0,-138.0,10.0,20.0,2022-09-18,away,TB,-138.0,−174 to −130,0.5649948822927329,W,0.7246376811594203,-0.025588536335721557,0.43500511770726713,0.7246376811594203,-0.22277201306071992
2022_02_TEN_BUF,2022,2,BUF,TEN,1.0,0.7739261492087415,34.0,10.0,0.8318276806435603,backtest (recipe chosen on these seasons),-395.0,329.0,41.0,7.0,2022-09-19,home,BUF,-395.0,≤ −250,0.7739261492087415,W,0.25316455696202533,-0.030143180105501183,0.7739261492087415,0.25316455696202533,11.892676635788392
2022_02_WAS_DET,2022,2,DET,WAS,1.0,0.48044542229805576,9.0,-1.0,0.41314456590012133,backtest (recipe chosen on these seasons),103.0,-114.0,36.0,27.0,2022-09-18,away,WAS,-114.0,−129 to −100,0.5195545777019441,L,-1.0,-0.024695792734946986,0.48044542229805576,-1.0,-2.714761553909411
2022_03_ATL_SEA,2022,3,SEA,ATL,0.0,0.5023229882921391,-4.0,1.0,0.4305428340948957,backtest (recipe chosen on these seasons),-106.0,-104.0,23.0,27.0,2022-09-25,away,ATL,-104.0,−129 to −100,0.497677011707861,W,0.9615384615384616,-0.023787400111503376,0.5023229882921391,-1.0,-2.1646549989645583
2022_03_BAL_NE,2022,3,NE,BAL,0.0,0.4259645555419216,-11.0,-2.5,0.4681391429351605,backtest (recipe chosen on these seasons),129.0,-143.0,26.0,37.0,2022-09-25,away,BAL,-143.0,−174 to −130,0.5740354444580784,W,0.6993006993006993,-0.02454116780899962,0.4259645555419216,0.6993006993006993,-0.9889618556551233
2022_03_BUF_MIA,2022,3,MIA,BUF,1.0,0.35449101796407184,2.0,-4.0,0.2969137354868284,backtest (recipe chosen on these seasons),175.0,-196.0,21.0,19.0,2022-09-25,away,BUF,-196.0,−249 to −175,0.6455089820359281,L,-1.0,-0.02514970059880245,0.35449101796407184,-1.0,-6.596893417176532
2022_03_CIN_NYJ,2022,3,NYJ,CIN,0.0,0.3050817654299279,-15.0,-6.5,0.3744539542083095,backtest (recipe chosen on these seasons),220.0,-247.0,12.0,27.0,2022-09-25,away,CIN,-247.0,−249 to −175,0.6949182345700721,W,0.4048582995951417,-0.023738350624230742,0.3050817654299279,0.4048582995951417,-3.959385977794303
2022_03_DAL_NYG,2022,3,NYG,DAL,0.0,0.5327102803738317,-7.0,1.0,0.5965056334439236,backtest (recipe chosen on these seasons),-120.0,109.0,16.0,23.0,2022-09-26,home,NYG,-120.0,−129 to −100,0.5327102803738317,L,-1.0,-0.02336448598130847,0.5327102803738317,-1.0,3.022146743874065
2022_03_DET_MIN,2022,3,MIN,DET,1.0,0.7069937235814012,4.0,6.5,0.6134041454238772,backtest (recipe chosen on these seasons),-266.0,232.0,28.0,24.0,2022-09-25,home,MIN,-266.0,≤ −250,0.7069937235814012,W,0.37593984962406013,-0.027219162290252452,0.7069937235814012,0.37593984962406013,3.5650653462510777
2022_03_GB_TB,2022,3,TB,GB,0.0,0.5390276170001653,-2.0,1.0,0.4824907966793662,backtest (recipe chosen on these seasons),-123.0,112.0,12.0,14.0,2022-09-25,away,GB,112.0,+100 to +129,0.46097238299983456,W,1.12,-0.022738548040350692,0.5390276170001653,-1.0,-0.5430821366394072
2022_03_HOU_CHI,2022,3,CHI,HOU,1.0,0.5949110703209063,3.0,3.0,0.5785855106348867,backtest (recipe chosen on these seasons),-156.0,141.0,23.0,20.0,2022-09-25,home,CHI,-156.0,−174 to −130,0.5949110703209063,W,0.6410256410256411,-0.023735679473384508,0.5949110703209063,0.6410256410256411,2.452676482337633
2022_03_JAX_LAC,2022,3,LAC,JAX,0.0,0.696132596685083,-28.0,6.5,0.6101202528585573,backtest (recipe chosen on these seasons),-252.0,220.0,10.0,38.0,2022-09-25,home,LAC,-252.0,≤ −250,0.696132596685083,L,-1.0,-0.027624309392265067,0.696132596685083,-1.0,3.45905363374001
2022_03_KC_IND,2022,3,IND,KC,1.0,0.35166954823988805,3.0,-4.5,0.3224566343742241,backtest (recipe chosen on these seasons),177.0,-199.0,20.0,17.0,2022-09-25,away,KC,-199.0,−249 to −175,0.648330451760112,L,-1.0,-0.025875351375510225,0.35166954823988805,-1.0,-5.700593086179675
2022_03_LA_ARI,2022,3,ARI,LA,0.0,0.38514560209200854,-8.0,-3.5,0.33708262385714793,backtest (recipe chosen on these seasons),153.0,-171.0,12.0,20.0,2022-09-25,away,LA,-171.0,−174 to −130,0.6148543979079913,W,0.5847953216374269,-0.02558162670721842,0.38514560209200854,0.5847953216374269,-5.200822553500501
2022_03_LV_TEN,2022,3,TEN,LV,1.0,0.4491310290958797,2.0,-1.5,0.4655752673355332,backtest (recipe chosen on these seasons),117.0,-130.0,24.0,22.0,2022-09-25,away,LV,-130.0,−174 to −130,0.5508689709041202,L,-1.0,-0.025385666861941103,0.4491310290958797,-1.0,-1.0687355117111708
2022_03_NO_CAR,2022,3,CAR,NO,1.0,0.46097238299983456,8.0,-2.0,0.47710138513568495,backtest (recipe chosen on these seasons),112.0,-123.0,22.0,14.0,2022-09-25,away,NO,-123.0,−129 to −100,0.5390276170001653,L,-1.0,-0.022738548040350692,0.46097238299983456,-1.0,-0.7104074790175781
2022_03_PHI_WAS,2022,3,WAS,PHI,0.0,0.3136531365313653,-16.0,-6.0,0.28631091576845424,backtest (recipe chosen on these seasons),210.0,-240.0,8.0,24.0,2022-09-25,away,PHI,-240.0,−249 to −175,0.6863468634686347,W,0.4166666666666667,-0.027675276752767486,0.3136531365313653,0.4166666666666667,-6.979084855303251
2022_03_PIT_CLE,2022,3,CLE,PIT,1.0,0.6557852820085941,12.0,4.5,0.6194226540826823,backtest (recipe chosen on these seasons),-206.0,183.0,29.0,17.0,2022-09-22,home,CLE,-206.0,−249 to −175,0.6557852820085941,W,0.4854368932038835,-0.025872348084321373,0.6557852820085941,0.4854368932038835,3.7600448480104984
2022_03_SF_DEN,2022,3,DEN,SF,1.0,0.489612188365651,1.0,-1.0,0.47481775154400463,backtest (recipe chosen on these seasons),-101.0,-110.0,11.0,10.0,2022-09-25,away,SF,-110.0,−129 to −100,0.5103878116343491,L,-1.0,-0.025623268698060808,0.489612188365651,-1.0,-0.7813450221322793
2022_04_ARI_CAR,2022,4,CAR,ARI,0.0,0.5172913928296243,-10.0,1.0,0.5713739632637833,backtest (recipe chosen on these seasons),-113.0,102.0,16.0,26.0,2022-10-02,home,CAR,-113.0,−129 to −100,0.5172913928296243,L,-1.0,-0.02492861351584086,0.5172913928296243,-1.0,2.2250321433341496
2022_04_BUF_BAL,2022,4,BAL,BUF,0.0,0.3837038708949329,-3.0,-3.0,0.3909401300012742,backtest (recipe chosen on these seasons),154.0,-172.0,20.0,23.0,2022-10-02,away,BUF,-172.0,−174 to −130,0.6162961291050671,W,0.5813953488372093,-0.025392167926870546,0.3837038708949329,0.5813953488372093,-3.424876566891315
2022_04_CHI_NYG,2022,4,NYG,CHI,1.0,0.5757997218358832,8.0,3.0,0.6231093061283627,backtest (recipe chosen on these seasons),-144.0,130.0,20.0,12.0,2022-10-02,home,NYG,-144.0,−174 to −130,0.5757997218358832,W,0.6944444444444444,-0.024339360222531192,0.5757997218358832,0.6944444444444444,3.879939940007877
2022_04_CLE_ATL,2022,4,ATL,CLE,1.0,0.4953533757725013,3.0,-1.0,0.601746562956345,backtest (recipe chosen on these seasons),-103.0,-107.0,23.0,20.0,2022-10-02,home,ATL,-103.0,−129 to −100,0.4953533757725013,W,0.970873786407767,-0.023721016681380935,0.4953533757725013,-1.0,3.189857741314905
2022_04_DEN_LV,2022,4,LV,DEN,1.0,0.5642421122306391,9.0,2.5,0.516030773780157,backtest (recipe chosen on these seasons),-137.0,124.0,32.0,23.0,2022-10-02,home,LV,-137.0,−174 to −130,0.5642421122306391,W,0.7299270072992701,-0.02390233139663156,0.5642421122306391,0.7299270072992701,0.4971999139512841
2022_04_JAX_PHI,2022,4,PHI,JAX,1.0,0.6990396320844041,8.0,6.5,0.6395455924577131,backtest (recipe chosen on these seasons),-256.0,223.0,29.0,21.0,2022-10-02,home,PHI,-256.0,≤ −250,0.6990396320844041,W,0.390625,-0.027898011632625508,0.6990396320844041,0.390625,4.419113797415984
2022_04_KC_TB,2022,4,TB,KC,0.0,0.5419847328244275,-10.0,1.0,0.5494753434962478,backtest (recipe chosen on these seasons),-125.0,113.0,31.0,41.0,2022-10-02,home,TB,-125.0,−129 to −100,0.5419847328244275,L,-1.0,-0.024427480916030475,0.5419847328244275,-1.0,1.5380352506746606
2022_04_LAC_HOU,2022,4,HOU,LAC,0.0,0.3187935477713086,-10.0,-5.5,0.2822648620343615,backtest (recipe chosen on these seasons),205.0,-234.0,24.0,34.0,2022-10-02,away,LAC,-234.0,−249 to −175,0.6812064522286914,W,0.42735042735042733,-0.02767967929750892,0.3187935477713086,0.42735042735042733,-7.126684011722852
2022_04_LA_SF,2022,4,SF,LA,1.0,0.5399277029247453,15.0,1.0,0.5460708250273937,backtest (recipe chosen on these seasons),-124.0,112.0,24.0,9.0,2022-10-03,home,SF,-124.0,−129 to −100,0.5399277029247453,W,0.8064516129032258,-0.024646730200460043,0.5399277029247453,0.8064516129032258,1.431707762838352
2022_04_MIA_CIN,2022,4,CIN,MIA,1.0,0.6379977530895019,12.0,4.0,0.6107205063877974,backtest (recipe chosen on these seasons),-190.0,169.0,27.0,15.0,2022-09-29,home,CIN,-190.0,−249 to −175,0.6379977530895019,W,0.5263157894736842,-0.026213955810760248,0.6379977530895019,0.5263157894736842,3.4784120237763547
2022_04_MIN_NO,2022,4,NO,MIN,0.0,0.35166954823988805,-3.0,-4.0,0.3231550944257763,backtest (recipe chosen on these seasons),177.0,-199.0,25.0,28.0,2022-10-02,away,MIN,-199.0,−249 to −175,0.648330451760112,W,0.5025125628140703,-0.025875351375510225,0.35166954823988805,0.5025125628140703,-5.67652048162809
2022_04_NE_GB,2022,4,GB,NE,1.0,0.7883116369247813,3.0,10.0,0.792359630743705,backtest (recipe chosen on these seasons),-435.0,358.0,27.0,24.0,2022-10-02,home,GB,-435.0,≤ −250,0.7883116369247813,W,0.22988505747126436,-0.03046729711549881,0.7883116369247813,0.22988505747126436,10.07704643124453
2022_04_NYJ_PIT,2022,4,PIT,NYJ,0.0,0.6018002898771837,-4.0,3.0,0.5242053278392858,backtest (recipe chosen on these seasons),-161.0,145.0,20.0,24.0,2022-10-02,home,PIT,-161.0,−174 to −130,0.6018002898771837,L,-1.0,-0.02441071019909974,0.6018002898771837,-1.0,0.7509954860740082
2022_04_SEA_DET,2022,4,DET,SEA,0.0,0.6119390066215612,-3.0,3.0,0.5116444938642023,backtest (recipe chosen on these seasons),-169.0,151.0,45.0,48.0,2022-10-02,home,DET,-169.0,−174 to −130,0.6119390066215612,L,-1.0,-0.025966906620118524,0.6119390066215612,-1.0,0.36111200899691004
2022_04_TEN_IND,2022,4,IND,TEN,0.0,0.6546257501981656,-7.0,4.5,0.6693776450260543,backtest (recipe chosen on these seasons),-205.0,182.0,17.0,24.0,2022-10-02,home,IND,-205.0,−249 to −175,0.6546257501981656,L,-1.0,-0.02604461555882681,0.6546257501981656,-1.0,5.4204759532293565
2022_04_WAS_DAL,2022,4,DAL,WAS,1.0,0.5933014354066986,15.0,3.0,0.5480602332854018,backtest (recipe chosen on these seasons),-155.0,140.0,25.0,10.0,2022-10-02,home,DAL,-155.0,−174 to −130,0.5933014354066986,W,0.6451612903225806,-0.02392344497607657,0.5933014354066986,0.6451612903225806,1.493826188969021
2022_05_ATL_TB,2022,5,TB,ATL,1.0,0.7868489845163884,6.0,10.5,0.7484943365957173,backtest (recipe chosen on these seasons),-430.0,355.0,21.0,15.0,2022-10-09,home,TB,-430.0,≤ −250,0.7868489845163884,W,0.23255813953488372,-0.030162879549567784,0.7868489845163884,0.23255813953488372,8.284920907625288
2022_05_CHI_MIN,2022,5,MIN,CHI,1.0,0.7701094942408874,7.0,10.0,0.7238280943224833,backtest (recipe chosen on these seasons),-385.0,322.0,29.0,22.0,2022-10-09,home,MIN,-385.0,≤ −250,0.7701094942408874,W,0.2597402597402597,-0.02986206569654451,0.7701094942408874,0.2597402597402597,7.350892918568237
2022_05_CIN_BAL,2022,5,BAL,CIN,1.0,0.6114139890963924,2.0,3.0,0.6083923370309234,backtest (recipe chosen on these seasons),-168.0,151.0,19.0,17.0,2022-10-09,home,BAL,-168.0,−174 to −130,0.6114139890963924,W,0.5952380952380952,-0.024649112631945413,0.6114139890963924,0.5952380952380952,3.4033748139725652
2022_05_DAL_LA,2022,5,LA,DAL,0.0,0.6697626418988648,-12.0,5.5,0.7199462247647032,backtest (recipe chosen on these seasons),-220.0,195.0,10.0,22.0,2022-10-09,home,LA,-220.0,−249 to −175,0.6697626418988648,L,-1.0,-0.02579979360165119,0.6697626418988648,-1.0,7.207773442069435
2022_05_DET_NE,2022,5,NE,DET,1.0,0.5816746508332771,29.0,3.0,0.5938048068276032,backtest (recipe chosen on these seasons),-148.0,133.0,29.0,0.0,2022-10-09,home,NE,-148.0,−174 to −130,0.5816746508332771,W,0.6756756756756757,-0.025301936441535722,0.5816746508332771,0.6756756756756757,2.9359380034665774
2022_05_HOU_JAX,2022,5,JAX,HOU,0.0,0.730924978687127,-7.0,7.0,0.796321037409967,backtest (recipe chosen on these seasons),-304.0,261.0,6.0,13.0,2022-10-09,home,JAX,-304.0,≤ −250,0.730924978687127,L,-1.0,-0.028639173060528544,0.730924978687127,-1.0,10.249188973588458
2022_05_IND_DEN,2022,5,DEN,IND,0.0,0.6238261481421341,-3.0,3.5,0.5679914465159537,backtest (recipe chosen on these seasons),-178.0,159.0,9.0,12.0,2022-10-06,home,DEN,-178.0,−249 to −175,0.6238261481421341,L,-1.0,-0.025709723688127628,0.6238261481421341,-1.0,2.11852119145499
2022_05_LAC_CLE,2022,5,CLE,LAC,0.0,0.48044542229805576,-2.0,-1.0,0.4591305462100016,backtest (recipe chosen on these seasons),103.0,-114.0,28.0,30.0,2022-10-09,away,LAC,-114.0,−129 to −100,0.5195545777019441,W,0.8771929824561403,-0.024695792734946986,0.48044542229805576,0.8771929824561403,-1.2694635827200216
2022_05_LV_KC,2022,5,KC,LV,1.0,0.7408832128019694,1.0,7.5,0.7001377560495784,backtest (recipe chosen on these seasons),-321.0,275.0,30.0,29.0,2022-10-10,home,KC,-321.0,≤ −250,0.7408832128019694,W,0.3115264797507788,-0.028312048007385876,0.7408832128019694,0.3115264797507788,6.491735853922905
2022_05_MIA_NYJ,2022,5,NYJ,MIA,1.0,0.3966571791921516,23.0,-3.0,0.5296257441514965,backtest (recipe chosen on these seasons),146.0,-162.0,40.0,17.0,2022-10-09,home,NYJ,146.0,+130 to +174,0.3966571791921516,W,1.46,-0.024223339187307125,0.3966571791921516,-1.0,0.919451136777493
2022_05_NYG_GB,2022,5,GB,NYG,0.0,0.7749165560874428,-5.0,8.5,0.7962278497878167,backtest (recipe chosen on these seasons),-397.0,331.0,22.0,27.0,2022-10-09,home,GB,-397.0,≤ −250,0.7749165560874428,L,-1.0,-0.029890356736878898,0.7749165560874428,-1.0,10.245116766084763
2022_05_PHI_ARI,2022,5,ARI,PHI,0.0,0.32886673747855216,-3.0,-5.5,0.29590941741004734,backtest (recipe chosen on these seasons),196.0,-222.0,17.0,20.0,2022-10-09,away,PHI,-222.0,−249 to −175,0.6711332625214478,W,0.45045045045045046,-0.026554457063485637,0.32886673747855216,0.45045045045045046,-6.6328208272563005
2022_05_PIT_BUF,2022,5,BUF,PIT,1.0,0.8549293271728136,35.0,14.0,0.7848188998919744,backtest (recipe chosen on these seasons),-749.0,568.0,38.0,3.0,2022-10-09,home,BUF,-749.0,≤ −250,0.8549293271728136,W,0.13351134846461948,-0.030927905514394255,0.8549293271728136,0.13351134846461948,9.754635665470923
2022_05_SEA_NO,2022,5,NO,SEA,1.0,0.6769093283838592,7.0,5.5,0.6266112923022293,backtest (recipe chosen on these seasons),-229.0,201.0,39.0,32.0,2022-10-09,home,NO,-229.0,−249 to −175,0.6769093283838592,W,0.4366812227074236,-0.027497078435416267,0.6769093283838592,0.4366812227074236,3.9941678295328247
2022_05_SF_CAR,2022,5,CAR,SF,0.0,0.31808312064302313,-22.0,-6.0,0.42129723680115305,backtest (recipe chosen on these seasons),206.0,-234.0,15.0,37.0,2022-10-09,away,SF,-234.0,−249 to −175,0.6819168793569769,W,0.42735042735042733,-0.026665650832349286,0.31808312064302313,0.42735042735042733,-2.456384413825894
2022_05_TEN_WAS,2022,5,WAS,TEN,0.0,0.48837209302325585,-4.0,-1.0,0.48211454359306577,backtest (recipe chosen on these seasons),-100.0,-110.0,17.0,21.0,2022-10-09,away,TEN,-110.0,−129 to −100,0.5116279069767442,W,0.9090909090909091,-0.023255813953488358,0.48837209302325585,0.9090909090909091,-0.5547601056398149
2022_06_ARI_SEA,2022,6,SEA,ARI,1.0,0.43762053107847504,10.0,-2.5,0.5097689044404361,backtest (recipe chosen on these seasons),123.0,-136.0,19.0,9.0,2022-10-16,home,SEA,123.0,+100 to +129,0.43762053107847504,W,1.23,-0.0241062156950006,0.43762053107847504,-1.0,0.3029346167508059
2022_06_BAL_NYG,2022,6,NYG,BAL,1.0,0.31808312064302313,4.0,-5.5,0.2994899682488158,backtest (recipe chosen on these seasons),206.0,-234.0,24.0,20.0,2022-10-16,away,BAL,-234.0,−249 to −175,0.6819168793569769,L,-1.0,-0.026665650832349286,0.31808312064302313,-1.0,-6.504986936286612
2022_06_BUF_KC,2022,6,KC,BUF,0.0,0.4207141879874127,-4.0,-2.5,0.30475137080662895,backtest (recipe chosen on these seasons),132.0,-146.0,20.0,24.0,2022-10-16,away,BUF,-146.0,−174 to −130,0.5792858120125872,W,0.684931506849315,-0.023943083869202353,0.4207141879874127,0.684931506849315,-6.318390526361001
2022_06_CAR_LA,2022,6,LA,CAR,1.0,0.7810116153488234,14.0,10.0,0.7752462720813995,backtest (recipe chosen on these seasons),-413.0,343.0,24.0,10.0,2022-10-16,home,LA,-413.0,≤ −250,0.7810116153488234,W,0.24213075060532688,-0.029881455995287215,0.7810116153488234,0.24213075060532688,9.354644609881186
2022_06_CIN_NO,2022,6,NO,CIN,0.0,0.39360687022900764,-4.0,-3.0,0.40767208326505616,backtest (recipe chosen on these seasons),148.0,-164.0,26.0,30.0,2022-10-16,away,CIN,-164.0,−174 to −130,0.6063931297709924,W,0.6097560975609756,-0.023854961832061095,0.39360687022900764,0.6097560975609756,-2.8888570768010102
2022_06_DAL_PHI,2022,6,PHI,DAL,1.0,0.723912553527158,9.0,6.5,0.7091005007804534,backtest (recipe chosen on these seasons),-292.0,252.0,26.0,17.0,2022-10-16,home,PHI,-292.0,≤ −250,0.723912553527158,W,0.3424657534246575,-0.028172188415596128,0.723912553527158,0.3424657534246575,6.812886936621684
2022_06_DEN_LAC,2022,6,LAC,DEN,1.0,0.6336902505251294,3.0,3.5,0.6483589110777617,backtest (recipe chosen on these seasons),-186.0,166.0,19.0,16.0,2022-10-17,home,LAC,-186.0,−249 to −175,0.6336902505251294,W,0.5376344086021505,-0.02561606639684405,0.6336902505251294,0.5376344086021505,4.711654228605504
2022_06_JAX_IND,2022,6,IND,JAX,1.0,0.5357590966122961,7.0,1.0,0.4804321974659425,backtest (recipe chosen on these seasons),-122.0,110.0,34.0,27.0,2022-10-16,away,JAX,110.0,+100 to +129,0.46424090338770385,L,-1.0,-0.025094102885821923,0.5357590966122961,0.819672131147541,-0.6069821814381755
2022_06_MIN_MIA,2022,6,MIA,MIN,0.0,0.3794411866160745,-8.0,-3.0,0.3314348571554325,backtest (recipe chosen on these seasons),157.0,-175.0,16.0,24.0,2022-10-16,away,MIN,-175.0,−249 to −175,0.6205588133839255,W,0.5714285714285714,-0.024836150396688517,0.3794411866160745,0.5714285714285714,-5.392757636372181
2022_06_NE_CLE,2022,6,CLE,NE,0.0,0.5697382574399427,-23.0,2.5,0.5304539440112727,backtest (recipe chosen on these seasons),-140.0,127.0,15.0,38.0,2022-10-16,home,CLE,-140.0,−174 to −130,0.5697382574399427,L,-1.0,-0.023305844388669728,0.5697382574399427,-1.0,0.9452041707678905
2022_06_NYJ_GB,2022,6,GB,NYJ,0.0,0.7603858721020694,-17.0,7.5,0.6796704305308827,backtest (recipe chosen on these seasons),-362.0,305.0,10.0,27.0,2022-10-16,home,GB,-362.0,≤ −250,0.7603858721020694,L,-1.0,-0.029562782013381,0.7603858721020694,-1.0,5.774036572988963
2022_06_SF_ATL,2022,6,ATL,SF,1.0,0.36674816625916873,14.0,-3.5,0.35041822652974236,backtest (recipe chosen on these seasons),166.0,-185.0,28.0,14.0,2022-10-16,away,SF,-185.0,−249 to −175,0.6332518337408314,L,-1.0,-0.024449877750611082,0.36674816625916873,-1.0,-4.7524499359864425
2022_06_TB_PIT,2022,6,PIT,TB,1.0,0.22937728315351283,2.0,-10.0,0.19838983354596504,backtest (recipe chosen on these seasons),323.0,-386.0,20.0,18.0,2022-10-16,away,TB,-386.0,≤ −250,0.7706227168464871,L,-1.0,-0.029734092260640638,0.22937728315351283,-1.0,-10.482172328653673
2022_06_WAS_CHI,2022,6,CHI,WAS,0.0,0.4672897196261682,-5.0,-1.0,0.553479723324872,backtest (recipe chosen on these seasons),109.0,-120.0,7.0,12.0,2022-10-13,home,CHI,109.0,+100 to +129,0.4672897196261682,L,-1.0,-0.02336448598130836,0.4672897196261682,0.8333333333333334,1.6632433830469482
2022_07_ATL_CIN,2022,7,CIN,ATL,1.0,0.7098956093365133,18.0,6.5,0.6340094429517499,backtest (recipe chosen on these seasons),-271.0,235.0,35.0,17.0,2022-10-23,home,CIN,-271.0,≤ −250,0.7098956093365133,W,0.36900369003690037,-0.02815029127731944,0.7098956093365133,0.36900369003690037,4.2366186315272145
2022_07_CHI_NE,2022,7,NE,CHI,0.0,0.7728364052746279,-19.0,9.5,0.7315404502872661,backtest (recipe chosen on these seasons),-392.0,327.0,14.0,33.0,2022-10-24,home,NE,-392.0,≤ −250,0.7728364052746279,L,-1.0,-0.030011450522660854,0.7728364052746279,-1.0,7.638210147393737
2022_07_CLE_BAL,2022,7,BAL,CLE,1.0,0.7174723389148571,3.0,6.5,0.7056218143239196,backtest (recipe chosen on these seasons),-282.0,244.0,23.0,20.0,2022-10-23,home,BAL,-282.0,≤ −250,0.7174723389148571,W,0.3546099290780142,-0.028104845867108486,0.7174723389148571,0.3546099290780142,6.687705501651935
2022_07_DET_DAL,2022,7,DAL,DET,1.0,0.7149278269657159,18.0,7.0,0.6196196644387059,backtest (recipe chosen on these seasons),-278.0,241.0,24.0,6.0,2022-10-23,home,DAL,-278.0,≤ −250,0.7149278269657159,W,0.3597122302158273,-0.027903889953091343,0.7149278269657159,0.3597122302158273,3.766442875225721
2022_07_GB_WAS,2022,7,WAS,GB,1.0,0.35656010152897805,2.0,-4.0,0.3427001702595767,backtest (recipe chosen on these seasons),173.0,-195.0,23.0,21.0,2022-10-23,away,GB,-195.0,−249 to −175,0.6434398984710219,L,-1.0,-0.026590922825889984,0.35656010152897805,-1.0,-5.011148695533668
2022_07_HOU_LV,2022,7,LV,HOU,1.0,0.7429694587239188,18.0,7.0,0.7057240696375796,backtest (recipe chosen on these seasons),-325.0,278.0,38.0,20.0,2022-10-23,home,LV,-325.0,≤ −250,0.7429694587239188,W,0.3076923076923077,-0.028424553976413802,0.7429694587239188,0.3076923076923077,6.691375369758459
2022_07_IND_TEN,2022,7,TEN,IND,1.0,0.5740354444580784,9.0,2.5,0.5306135226501356,backtest (recipe chosen on these seasons),-143.0,129.0,19.0,10.0,2022-10-23,home,TEN,-143.0,−174 to −130,0.5740354444580784,W,0.6993006993006993,-0.02454116780899962,0.5740354444580784,0.6993006993006993,0.9501667665654631
2022_07_KC_SF,2022,7,SF,KC,0.0,0.497677011707861,-21.0,-1.0,0.5004527854551293,backtest (recipe chosen on these seasons),-104.0,-106.0,23.0,44.0,2022-10-23,home,SF,-104.0,−129 to −100,0.497677011707861,L,-1.0,-0.023787400111503376,0.497677011707861,0.9433962264150944,0.014039517889123884
2022_07_NO_ARI,2022,7,ARI,NO,1.0,0.5686556434219986,8.0,2.5,0.5206761591858302,backtest (recipe chosen on these seasons),-140.0,126.0,42.0,34.0,2022-10-20,home,ARI,-140.0,−174 to −130,0.5686556434219986,W,0.7142857142857143,-0.025161754133716685,0.5686556434219986,0.7142857142857143,0.6413927781307421
2022_07_NYG_JAX,2022,7,JAX,NYG,0.0,0.6069415603678434,-6.0,3.0,0.631869779466479,backtest (recipe chosen on these seasons),-165.0,148.0,17.0,23.0,2022-10-23,home,JAX,-165.0,−174 to −130,0.6069415603678434,L,-1.0,-0.02521506971225146,0.6069415603678434,-1.0,4.166334664594774
2022_07_NYJ_DEN,2022,7,DEN,NYJ,0.0,0.453954604539546,-7.0,-2.0,0.33580994655374996,backtest (recipe chosen on these seasons),115.0,-127.0,9.0,16.0,2022-10-23,away,NYJ,-127.0,−129 to −100,0.5460453954604539,W,0.7874015748031497,-0.02399760023997599,0.453954604539546,0.7874015748031497,-5.243962732728662
2022_07_PIT_MIA,2022,7,MIA,PIT,1.0,0.7264615702621697,6.0,7.5,0.6365531506402244,backtest (recipe chosen on these seasons),-297.0,255.0,16.0,10.0,2022-10-23,home,MIA,-297.0,≤ −250,0.7264615702621697,W,0.3367003367003367,-0.028938574430702385,0.7264615702621697,0.3367003367003367,4.320353228358772
2022_07_SEA_LAC,2022,7,LAC,SEA,0.0,0.6679400834834022,-14.0,5.5,0.5174554940834132,backtest (recipe chosen on these seasons),-219.0,193.0,23.0,37.0,2022-10-23,home,LAC,-219.0,−249 to −175,0.6679400834834022,L,-1.0,-0.027064444606368532,0.6679400834834022,-1.0,0.5414151739337435
2022_07_TB_CAR,2022,7,CAR,TB,1.0,0.15527950310559005,18.0,-13.0,0.23969534690421268,backtest (recipe chosen on these seasons),524.0,-680.0,21.0,3.0,2022-10-23,away,TB,-680.0,≤ −250,0.8447204968944099,L,-1.0,-0.031055900621118085,0.15527950310559005,-1.0,-8.74908939683036
2022_08_ARI_MIN,2022,8,MIN,ARI,1.0,0.648330451760112,8.0,4.0,0.6001361357031064,backtest (recipe chosen on these seasons),-199.0,177.0,34.0,26.0,2022-10-30,home,MIN,-199.0,−249 to −175,0.648330451760112,W,0.5025125628140703,-0.025875351375510225,0.648330451760112,0.5025125628140703,3.1382626832620044
2022_08_BAL_TB,2022,8,TB,BAL,0.0,0.5480494766888677,-5.0,2.0,0.42442006685883027,backtest (recipe chosen on these seasons),-128.0,116.0,22.0,27.0,2022-10-27,away,BAL,116.0,+100 to +129,0.4519505233111322,W,1.16,-0.0237868696479544,0.5480494766888677,-1.0,-2.3577039463837735
2022_08_CAR_ATL,2022,8,ATL,CAR,1.0,0.6499104422061458,3.0,4.5,0.6732449311359547,backtest (recipe chosen on these seasons),-201.0,178.0,37.0,34.0,2022-10-30,home,ATL,-201.0,−249 to −175,0.6499104422061458,W,0.4975124378109453,-0.026751029333085152,0.6499104422061458,0.4975124378109453,5.552784260074264
2022_08_CHI_DAL,2022,8,DAL,CHI,1.0,0.7868489845163884,20.0,10.5,0.6586398423686199,backtest (recipe chosen on these seasons),-430.0,355.0,49.0,29.0,2022-10-30,home,DAL,-430.0,≤ −250,0.7868489845163884,W,0.23255813953488372,-0.030162879549567784,0.7868489845163884,0.23255813953488372,5.056285049440955
2022_08_CIN_CLE,2022,8,CLE,CIN,1.0,0.3951262751461066,19.0,-3.0,0.5022500038191421,backtest (recipe chosen on these seasons),147.0,-163.0,32.0,13.0,2022-10-31,home,CLE,147.0,+130 to +174,0.3951262751461066,W,1.47,-0.02403810038911669,0.3951262751461066,-1.0,0.06976621973844781
2022_08_DEN_JAX,2022,8,JAX,DEN,0.0,0.5046466242274987,-4.0,1.0,0.6403092385436148,backtest (recipe chosen on these seasons),-107.0,-103.0,17.0,21.0,2022-10-30,home,JAX,-107.0,−129 to −100,0.5046466242274987,L,-1.0,-0.02372101668138099,0.5046466242274987,-1.0,4.4443615950697115
2022_08_GB_BUF,2022,8,BUF,GB,1.0,0.7915272066558287,10.0,10.5,0.8094834707871659,backtest (recipe chosen on these seasons),-445.0,365.0,27.0,17.0,2022-10-30,home,BUF,-445.0,≤ −250,0.7915272066558287,W,0.2247191011235955,-0.030601510949603117,0.7915272066558287,0.2247191011235955,10.836051176459383
2022_08_LV_NO,2022,8,NO,LV,1.0,0.46943325045014145,24.0,-1.0,0.4507208024230047,backtest (recipe chosen on these seasons),108.0,-119.0,24.0,0.0,2022-10-30,away,LV,-119.0,−129 to −100,0.5305667495498585,L,-1.0,-0.02357883906370578,0.46943325045014145,-1.0,-1.5319063508660447
2022_08_MIA_DET,2022,8,DET,MIA,0.0,0.36200224691049804,-4.0,-3.5,0.41387180712213156,backtest (recipe chosen on these seasons),169.0,-190.0,27.0,31.0,2022-10-30,away,MIA,-190.0,−249 to −175,0.6379977530895019,W,0.5263157894736842,-0.026213955810760248,0.36200224691049804,0.5263157894736842,-2.6916670779021543
2022_08_NE_NYJ,2022,8,NYJ,NE,0.0,0.4066985645933015,-5.0,-3.0,0.432529030990627,backtest (recipe chosen on these seasons),140.0,-155.0,17.0,22.0,2022-10-30,away,NE,-155.0,−174 to −130,0.5933014354066986,W,0.6451612903225806,-0.02392344497607657,0.4066985645933015,0.6451612903225806,-2.102146179284224
2022_08_NYG_SEA,2022,8,SEA,NYG,1.0,0.6054283493752616,14.0,3.0,0.6238196505382415,backtest (recipe chosen on these seasons),-164.0,147.0,27.0,13.0,2022-10-30,home,SEA,-164.0,−174 to −130,0.6054283493752616,W,0.6097560975609756,-0.02540802295689598,0.6054283493752616,0.6097560975609756,3.9030829267350664
2022_08_PIT_PHI,2022,8,PHI,PIT,1.0,0.8049780187088884,22.0,11.0,0.753378184783959,backtest (recipe chosen on these seasons),-490.0,397.0,35.0,13.0,2022-10-30,home,PHI,-490.0,≤ −250,0.8049780187088884,W,0.20408163265306123,-0.03074075298317519,0.8049780187088884,0.20408163265306123,8.47541609350251
2022_08_SF_LA,2022,8,LA,SF,0.0,0.5023229882921391,-17.0,-1.0,0.4740616847711448,backtest (recipe chosen on these seasons),-106.0,-104.0,14.0,31.0,2022-10-30,away,SF,-104.0,−129 to −100,0.497677011707861,W,0.9615384615384616,-0.023787400111503376,0.5023229882921391,-1.0,-0.8048366146575431
2022_08_TEN_HOU,2022,8,HOU,TEN,0.0,0.478202846975089,-7.0,-1.0,0.4613897906212744,backtest (recipe chosen on these seasons),104.0,-115.0,10.0,17.0,2022-10-30,away,TEN,-115.0,−129 to −100,0.521797153024911,W,0.8695652173913043,-0.024466192170818524,0.478202846975089,0.8695652173913043,-1.199061533096805
2022_08_WAS_IND,2022,8,IND,WAS,0.0,0.586736037934668,-1.0,3.0,0.6240915271733064,backtest (recipe chosen on these seasons),-151.0,136.0,16.0,17.0,2022-10-30,home,IND,-151.0,−174 to −130,0.586736037934668,L,-1.0,-0.02469704952581675,0.586736037934668,-1.0,3.9119442663802038
2022_09_BAL_NO,2022,9,NO,BAL,0.0,0.4600722970752547,-14.0,-1.0,0.3930587559189404,backtest (recipe chosen on these seasons),112.0,-124.0,13.0,27.0,2022-11-07,away,BAL,-124.0,−129 to −100,0.5399277029247453,W,0.8064516129032258,-0.024646730200460043,0.4600722970752547,0.8064516129032258,-3.356669343195824
2022_09_BUF_NYJ,2022,9,NYJ,BUF,1.0,0.19386422976501305,3.0,-11.0,0.1838016984339728,backtest (recipe chosen on these seasons),400.0,-494.0,20.0,17.0,2022-11-06,away,BUF,-494.0,≤ −250,0.8061357702349868,L,-1.0,-0.03067885117493485,0.19386422976501305,-1.0,-11.14501922827606
2022_09_CAR_CIN,2022,9,CIN,CAR,1.0,0.745785705017046,21.0,7.0,0.6861468729546,backtest (recipe chosen on these seasons),-331.0,282.0,42.0,21.0,2022-11-06,home,CIN,-331.0,≤ −250,0.745785705017046,W,0.3021148036253776,-0.028901393165115336,0.745785705017046,0.3021148036253776,5.998928445847183
2022_09_GB_DET,2022,9,DET,GB,1.0,0.36072889550018594,6.0,-4.0,0.342161146022994,backtest (recipe chosen on these seasons),170.0,-191.0,15.0,9.0,2022-11-06,away,GB,-191.0,−249 to −175,0.6392711044998141,L,-1.0,-0.02603198214949798,0.36072889550018594,-1.0,-5.029296879760597
2022_09_IND_NE,2022,9,NE,IND,1.0,0.6618106139438086,23.0,5.0,0.6479237242920357,backtest (recipe chosen on these seasons),-212.0,188.0,26.0,3.0,2022-11-06,home,NE,-212.0,−249 to −175,0.6618106139438086,W,0.4716981132075472,-0.026014568158168494,0.6618106139438086,0.4716981132075472,4.697148413034755
2022_09_LAC_ATL,2022,9,ATL,LAC,0.0,0.4248994579471935,-3.0,-2.5,0.516235941973458,backtest (recipe chosen on these seasons),130.0,-143.0,17.0,20.0,2022-11-06,home,ATL,130.0,+130 to +174,0.4248994579471935,L,-1.0,-0.02273124672145488,0.4248994579471935,0.6993006993006993,0.5035667694526578
2022_09_LA_TB,2022,9,TB,LA,1.0,0.5971016303329377,3.0,3.0,0.5260193594595122,backtest (recipe chosen on these seasons),-158.0,142.0,16.0,13.0,2022-11-06,home,TB,-158.0,−174 to −130,0.5971016303329377,W,0.6329113924050633,-0.024985945405709253,0.5971016303329377,0.6329113924050633,0.807354893751131
2022_09_LV_JAX,2022,9,JAX,LV,1.0,0.451107083760145,7.0,-2.5,0.47195603167176503,backtest (recipe chosen on these seasons),116.0,-129.0,27.0,20.0,2022-11-06,away,LV,-129.0,−129 to −100,0.548892916239855,L,-1.0,-0.025608699078086772,0.451107083760145,-1.0,-0.8702764904348426
2022_09_MIA_CHI,2022,9,CHI,MIA,0.0,0.3582082253410925,-3.0,-4.0,0.41257033223677675,backtest (recipe chosen on these seasons),172.0,-193.0,32.0,35.0,2022-11-06,away,MIA,-193.0,−249 to −175,0.6417917746589075,W,0.5181347150259067,-0.02567362707222859,0.3582082253410925,0.5181347150259067,-2.7330037630680017
2022_09_MIN_WAS,2022,9,WAS,MIN,0.0,0.3880609933784388,-3.0,-3.0,0.39978531358644,backtest (recipe chosen on these seasons),151.0,-169.0,17.0,20.0,2022-11-06,away,MIN,-169.0,−174 to −130,0.6119390066215612,W,0.591715976331361,-0.025966906620118524,0.3880609933784388,0.591715976331361,-3.140778026740092
2022_09_PHI_HOU,2022,9,HOU,PHI,0.0,0.15167045527612721,-12.0,-14.0,0.15903095890629418,backtest (recipe chosen on these seasons),539.0,-702.0,17.0,29.0,2022-11-03,away,PHI,-702.0,≤ −250,0.8483295447238728,W,0.14245014245014245,-0.030825790785547036,0.15167045527612721,0.14245014245014245,-12.35080814071425
2022_09_SEA_ARI,2022,9,ARI,SEA,0.0,0.5480494766888677,-10.0,1.5,0.3977955432544916,backtest (recipe chosen on these seasons),-128.0,116.0,21.0,31.0,2022-11-06,away,SEA,116.0,+100 to +129,0.4519505233111322,W,1.16,-0.0237868696479544,0.5480494766888677,-1.0,-3.204537895584694
2022_09_TEN_KC,2022,9,KC,TEN,1.0,0.8461898356629043,3.0,14.0,0.8291277750172862,backtest (recipe chosen on these seasons),-689.0,530.0,20.0,17.0,2022-11-06,home,KC,-689.0,≤ −250,0.8461898356629043,W,0.14513788098693758,-0.03099596467629684,0.8461898356629043,0.14513788098693758,11.760457138367668
2022_10_ARI_LA,2022,10,LA,ARI,0.0,0.6270426989984186,-10.0,3.5,0.5571280340442827,backtest (recipe chosen on these seasons),-183.0,160.0,17.0,27.0,2022-11-13,home,LA,-183.0,−249 to −175,0.6270426989984186,L,-1.0,-0.03031101739588815,0.6270426989984186,-1.0,1.777466230462529
2022_10_ATL_CAR,2022,10,CAR,ATL,1.0,0.4452291394795425,10.0,-2.5,0.36639555175423405,backtest (recipe chosen on these seasons),119.0,-132.0,25.0,15.0,2022-11-10,away,ATL,-132.0,−174 to −130,0.5547708605204575,L,-1.0,-0.02494818453980191,0.4452291394795425,-1.0,-4.223304879438171
2022_10_CLE_MIA,2022,10,MIA,CLE,1.0,0.6224409126843496,22.0,3.0,0.5049426820864148,backtest (recipe chosen on these seasons),-177.0,158.0,39.0,17.0,2022-11-13,home,MIA,-177.0,−249 to −175,0.6224409126843496,W,0.5649717514124294,-0.025897554725622274,0.6224409126843496,0.5649717514124294,0.1532616237369081
2022_10_DAL_GB,2022,10,GB,DAL,1.0,0.35166954823988805,3.0,-3.5,0.330814629776732,backtest (recipe chosen on these seasons),177.0,-199.0,31.0,28.0,2022-11-13,away,DAL,-199.0,−249 to −175,0.648330451760112,L,-1.0,-0.025875351375510225,0.35166954823988805,-1.0,-5.413914091004209
2022_10_DEN_TEN,2022,10,TEN,DEN,1.0,0.5605012156349355,7.0,2.5,0.5727015750639824,backtest (recipe chosen on these seasons),-135.0,122.0,17.0,10.0,2022-11-13,home,TEN,-135.0,−174 to −130,0.5605012156349355,W,0.7407407407407407,-0.024312698709556768,0.5605012156349355,0.7407407407407407,2.2668815559887014
2022_10_DET_CHI,2022,10,CHI,DET,0.0,0.5986798270759409,-1.0,3.0,0.6198436660698793,backtest (recipe chosen on these seasons),-159.0,143.0,30.0,31.0,2022-11-13,home,CHI,-159.0,−174 to −130,0.5986798270759409,L,-1.0,-0.02479197979453651,0.5986798270759409,-1.0,3.773718684399718
2022_10_HOU_NYG,2022,10,NYG,HOU,1.0,0.6700755434503315,8.0,5.5,0.6636956096163347,backtest (recipe chosen on these seasons),-221.0,195.0,24.0,16.0,2022-11-13,home,NYG,-221.0,−249 to −175,0.6700755434503315,W,0.45248868778280543,-0.02672285317847778,0.6700755434503315,0.45248868778280543,5.227194930225997
2022_10_IND_LV,2022,10,LV,IND,0.0,0.648330451760112,-5.0,4.5,0.7029148010559275,backtest (recipe chosen on these seasons),-199.0,177.0,20.0,25.0,2022-11-13,home,LV,-199.0,−249 to −175,0.648330451760112,L,-1.0,-0.025875351375510225,0.648330451760112,-1.0,6.59076523107321
2022_10_JAX_KC,2022,10,KC,JAX,1.0,0.7758985390740433,10.0,10.0,0.6897489767567988,backtest (recipe chosen on these seasons),-399.0,333.0,27.0,17.0,2022-11-13,home,KC,-399.0,≤ −250,0.7758985390740433,W,0.2506265664160401,-0.029640674190607563,0.7758985390740433,0.2506265664160401,6.124868719741456
2022_10_LAC_SF,2022,10,SF,LAC,1.0,0.7584745314828713,6.0,8.5,0.7842792535128541,backtest (recipe chosen on these seasons),-357.0,302.0,22.0,16.0,2022-11-13,home,SF,-357.0,≤ −250,0.7584745314828713,W,0.2801120448179272,-0.0290676165611424,0.7584745314828713,0.2801120448179272,9.731817257665181
2022_10_MIN_BUF,2022,10,BUF,MIN,0.0,0.7053108808290155,-3.0,6.5,0.6828689455669494,backtest (recipe chosen on these seasons),-264.0,230.0,30.0,33.0,2022-11-13,home,BUF,-264.0,≤ −250,0.7053108808290155,L,-1.0,-0.027525906735751338,0.7053108808290155,-1.0,5.884860592436349
2022_10_NO_PIT,2022,10,PIT,NO,1.0,0.5240193918025562,10.0,1.0,0.5300407822495293,backtest (recipe chosen on these seasons),-116.0,105.0,20.0,10.0,2022-11-13,home,PIT,-116.0,−129 to −100,0.5240193918025562,W,0.8620689655172413,-0.024239753195240243,0.5240193918025562,0.8620689655172413,0.9323563211674146
2022_10_SEA_TB,2022,10,TB,SEA,1.0,0.5649948822927329,5.0,2.5,0.439671245832853,backtest (recipe chosen on these seasons),-138.0,124.0,21.0,16.0,2022-11-13,away,SEA,124.0,+100 to +129,0.43500511770726713,L,-1.0,-0.025588536335721668,0.5649948822927329,0.7246376811594203,-1.8778003534697452
2022_10_WAS_PHI,2022,10,PHI,WAS,0.0,0.808051612079015,-11.0,11.0,0.7560861586268737,backtest (recipe chosen on these seasons),-501.0,405.0,21.0,32.0,2022-11-14,home,PHI,-501.0,≤ −250,0.808051612079015,L,-1.0,-0.030660640999025934,0.808051612079015,-1.0,8.581910769257167
2022_11_CAR_BAL,2022,11,BAL,CAR,1.0,0.8392998896396833,10.0,13.0,0.8804525648708645,backtest (recipe chosen on these seasons),-647.0,503.0,13.0,3.0,2022-11-20,home,BAL,-647.0,≤ −250,0.8392998896396833,W,0.1545595054095827,-0.030978334527289958,0.8392998896396833,0.1545595054095827,14.562609376564854
2022_11_CHI_ATL,2022,11,ATL,CHI,1.0,0.5660893345487694,3.0,3.0,0.5202554137756382,backtest (recipe chosen on these seasons),-138.0,125.0,27.0,24.0,2022-11-20,home,ATL,-138.0,−174 to −130,0.5660893345487694,W,0.7246376811594203,-0.023701002734731025,0.5660893345487694,0.7246376811594203,0.628329535000618
2022_11_CIN_PIT,2022,11,PIT,CIN,0.0,0.37073068125049297,-7.0,-3.5,0.43585147573818867,backtest (recipe chosen on these seasons),163.0,-182.0,30.0,37.0,2022-11-20,away,CIN,-182.0,−249 to −175,0.629269318749507,W,0.5494505494505495,-0.024978308311203457,0.37073068125049297,0.5494505494505495,-1.99770253674845
2022_11_CLE_BUF,2022,11,BUF,CLE,1.0,0.7561815774459886,8.0,7.5,0.7486734654447408,backtest (recipe chosen on these seasons),-353.0,298.0,31.0,23.0,2022-11-20,home,BUF,-353.0,≤ −250,0.7561815774459886,W,0.28328611898017,-0.029602678235034485,0.7561815774459886,0.28328611898017,8.291872979583475
2022_11_DAL_MIN,2022,11,MIN,DAL,0.0,0.4471717836540324,-37.0,-1.5,0.4310164690846898,backtest (recipe chosen on these seasons),118.0,-131.0,3.0,40.0,2022-11-20,away,DAL,-131.0,−174 to −130,0.5528282163459678,W,0.7633587786259542,-0.025165511634209436,0.4471717836540324,0.7633587786259542,-2.1497439820661355
2022_11_DET_NYG,2022,11,NYG,DET,0.0,0.5986798270759409,-13.0,3.0,0.5999207952833131,backtest (recipe chosen on these seasons),-159.0,143.0,18.0,31.0,2022-11-20,home,NYG,-159.0,−174 to −130,0.5986798270759409,L,-1.0,-0.02479197979453651,0.5986798270759409,-1.0,3.1313677376322504
2022_11_KC_LAC,2022,11,LAC,KC,0.0,0.32106932575441594,-3.0,-5.5,0.24842004774107068,backtest (recipe chosen on these seasons),203.0,-231.0,27.0,30.0,2022-11-20,away,KC,-231.0,−249 to −175,0.6789306742455842,W,0.4329004329004329,-0.027159942964119665,0.32106932575441594,0.4329004329004329,-8.405044180667588
2022_11_LA_NO,2022,11,NO,LA,1.0,0.5399277029247453,7.0,2.5,0.5758964218306022,backtest (recipe chosen on these seasons),-124.0,112.0,27.0,20.0,2022-11-20,home,NO,-124.0,−129 to −100,0.5399277029247453,W,0.8064516129032258,-0.024646730200460043,0.5399277029247453,0.8064516129032258,2.3676979567413485
2022_11_LV_DEN,2022,11,DEN,LV,0.0,0.5775497887748944,-6.0,2.5,0.5445203211913542,backtest (recipe chosen on these seasons),-145.0,131.0,16.0,22.0,2022-11-20,home,DEN,-145.0,−174 to −130,0.5775497887748944,L,-1.0,-0.024140012070006045,0.5775497887748944,-1.0,1.3833190427348059
2022_11_NYJ_NE,2022,11,NE,NYJ,1.0,0.629269318749507,7.0,3.5,0.5851723295432966,backtest (recipe chosen on these seasons),-182.0,163.0,10.0,3.0,2022-11-20,home,NE,-182.0,−249 to −175,0.629269318749507,W,0.5494505494505495,-0.024978308311203457,0.629269318749507,0.5494505494505495,2.6613266640331696
2022_11_PHI_IND,2022,11,IND,PHI,0.0,0.290309925460965,-1.0,-6.5,0.31462358900884163,backtest (recipe chosen on these seasons),235.0,-270.0,16.0,17.0,2022-11-20,away,PHI,-270.0,≤ −250,0.7096900745390349,W,0.37037037037037035,-0.027461749705767036,0.290309925460965,0.37037037037037035,-5.972071779518166
2022_11_SF_ARI,2022,11,ARI,SF,0.0,0.21561338289962823,-28.0,-10.0,0.22572132853145518,backtest (recipe chosen on these seasons),350.0,-422.0,10.0,38.0,2022-11-21,away,SF,-422.0,≤ −250,0.7843866171003717,W,0.23696682464454977,-0.029739776951672903,0.21561338289962823,0.23696682464454977,-9.314759386253986
2022_11_TEN_GB,2022,11,GB,TEN,0.0,0.6148543979079913,-10.0,3.0,0.592226328967388,backtest (recipe chosen on these seasons),-171.0,153.0,17.0,27.0,2022-11-17,home,GB,-171.0,−174 to −130,0.6148543979079913,L,-1.0,-0.02558162670721842,0.6148543979079913,-1.0,2.8856201645244832
2022_11_WAS_HOU,2022,11,HOU,WAS,0.0,0.41493775933609955,-13.0,-3.0,0.40599764477308653,backtest (recipe chosen on these seasons),135.0,-150.0,10.0,23.0,2022-11-20,away,WAS,-150.0,−174 to −130,0.5850622406639003,W,0.6666666666666666,-0.02489626556016611,0.41493775933609955,0.6666666666666666,-2.942238746014227
2022_12_ATL_WAS,2022,12,WAS,ATL,1.0,0.6297217024951262,6.0,3.5,0.5403358251354481,backtest (recipe chosen on these seasons),-183.0,163.0,19.0,13.0,2022-11-27,home,WAS,-183.0,−249 to −175,0.6297217024951262,W,0.546448087431694,-0.026168077562181924,0.6297217024951262,0.546448087431694,1.2528311457479648
2022_12_BAL_JAX,2022,12,JAX,BAL,1.0,0.3945716506247385,1.0,-3.5,0.3929511121472585,backtest (recipe chosen on these seasons),147.0,-164.0,28.0,27.0,2022-11-27,away,BAL,-164.0,−174 to −130,0.6054283493752616,L,-1.0,-0.02540802295689598,0.3945716506247385,-1.0,-3.3601323587093663
2022_12_BUF_DET,2022,12,DET,BUF,0.0,0.21945616020299694,-3.0,-10.0,0.14971165758453628,backtest (recipe chosen on these seasons),342.0,-412.0,25.0,28.0,2022-11-24,away,BUF,-412.0,≤ −250,0.780543839797003,W,0.24271844660194175,-0.030003771902753495,0.21945616020299694,0.24271844660194175,-12.835988555643425
2022_12_CHI_NYJ,2022,12,NYJ,CHI,1.0,0.7661538461538461,21.0,8.5,0.7638732720771025,backtest (recipe chosen on these seasons),-375.0,315.0,31.0,10.0,2022-11-27,home,NYJ,-375.0,≤ −250,0.7661538461538461,W,0.26666666666666666,-0.029538461538461652,0.7661538461538461,0.26666666666666666,8.891770824945992
2022_12_CIN_TEN,2022,12,TEN,CIN,0.0,0.5,-4.0,-1.0,0.5579997863727961,backtest (recipe chosen on these seasons),-105.0,-105.0,16.0,20.0,2022-11-27,home,TEN,-105.0,−129 to −100,0.5,L,-1.0,-0.023809523809523836,0.5,,1.804781500993273
2022_12_DEN_CAR,2022,12,CAR,DEN,1.0,0.4759806081974437,13.0,-1.0,0.6023967584076376,backtest (recipe chosen on these seasons),105.0,-116.0,23.0,10.0,2022-11-27,home,CAR,105.0,+100 to +129,0.4759806081974437,W,1.05,-0.02423975319524041,0.4759806081974437,-1.0,3.2107044649951924
2022_12_GB_PHI,2022,12,PHI,GB,1.0,0.7149278269657159,7.0,6.5,0.6991106377971774,backtest (recipe chosen on these seasons),-278.0,241.0,40.0,33.0,2022-11-27,home,PHI,-278.0,≤ −250,0.7149278269657159,W,0.3597122302158273,-0.027903889953091343,0.7149278269657159,0.3597122302158273,6.455214313133144
2022_12_HOU_MIA,2022,12,MIA,HOU,1.0,0.8640691389767738,15.0,14.0,0.8796151572398287,backtest (recipe chosen on these seasons),-822.0,613.0,30.0,15.0,2022-11-27,home,MIA,-822.0,≤ −250,0.8640691389767738,W,0.12165450121654502,-0.030812960904397224,0.8640691389767738,0.12165450121654502,14.510815752142674
2022_12_LAC_ARI,2022,12,ARI,LAC,0.0,0.43762053107847504,-1.0,-2.5,0.4626525836332348,backtest (recipe chosen on these seasons),123.0,-136.0,24.0,25.0,2022-11-27,away,LAC,-136.0,−174 to −130,0.562379468921525,W,0.7352941176470589,-0.024106215695000655,0.43762053107847504,0.7352941176470589,-1.1597277316038666
2022_12_LA_KC,2022,12,KC,LA,1.0,0.8882601694532649,16.0,16.5,0.9106119835446761,backtest (recipe chosen on these seasons),-1088.0,768.0,26.0,10.0,2022-11-27,home,KC,-1088.0,≤ −250,0.8882601694532649,W,0.09191176470588236,-0.0300982708543394,0.8882601694532649,0.09191176470588236,16.631875496334146
2022_12_LV_SEA,2022,12,SEA,LV,0.0,0.644674925573802,-6.0,4.0,0.6948970659279613,backtest (recipe chosen on these seasons),-196.0,174.0,34.0,40.0,2022-11-27,home,SEA,-196.0,−249 to −175,0.644674925573802,L,-1.0,-0.02640929607221737,0.644674925573802,-1.0,6.305973845993492
2022_12_NE_MIN,2022,12,MIN,NE,1.0,0.562379468921525,7.0,2.5,0.5631686519766367,backtest (recipe chosen on these seasons),-136.0,123.0,33.0,26.0,2022-11-24,home,MIN,-136.0,−174 to −130,0.562379468921525,W,0.7352941176470589,-0.024106215695000655,0.562379468921525,0.7352941176470589,1.9669269956741122
2022_12_NO_SF,2022,12,SF,NO,1.0,0.7728364052746279,13.0,9.5,0.7812579756705327,backtest (recipe chosen on these seasons),-392.0,327.0,13.0,0.0,2022-11-27,home,SF,-392.0,≤ −250,0.7728364052746279,W,0.25510204081632654,-0.030011450522660854,0.7728364052746279,0.25510204081632654,9.604671483901441
2022_12_NYG_DAL,2022,12,DAL,NYG,1.0,0.7905398342128594,8.0,10.5,0.7106470349438869,backtest (recipe chosen on these seasons),-441.0,363.0,28.0,20.0,2022-11-24,home,DAL,-441.0,≤ −250,0.7905398342128594,W,0.22675736961451248,-0.030199432405539767,0.7905398342128594,0.22675736961451248,6.868763433003372
2022_12_PIT_IND,2022,12,IND,PIT,0.0,0.5480494766888677,-7.0,2.5,0.5747971199134136,backtest (recipe chosen on these seasons),-128.0,116.0,17.0,24.0,2022-11-28,home,IND,-128.0,−129 to −100,0.5480494766888677,L,-1.0,-0.0237868696479544,0.5480494766888677,-1.0,2.332991037222042
2022_12_TB_CLE,2022,12,CLE,TB,1.0,0.3880609933784388,6.0,-3.0,0.49019578999683916,backtest (recipe chosen on these seasons),151.0,-169.0,23.0,17.0,2022-11-27,away,TB,-169.0,−174 to −130,0.6119390066215612,L,-1.0,-0.025966906620118524,0.3880609933784388,-1.0,-0.3040296655508277
2022_13_BUF_NE,2022,13,NE,BUF,0.0,0.3676233473073202,-14.0,-3.5,0.3122591925009751,backtest (recipe chosen on these seasons),165.0,-185.0,10.0,24.0,2022-12-01,away,BUF,-185.0,−249 to −175,0.6323766526926797,W,0.5405405405405406,-0.025798129635601463,0.3676233473073202,0.5405405405405406,-6.054579685083466
2022_13_CLE_HOU,2022,13,HOU,CLE,0.0,0.25547879942829915,-13.0,-7.5,0.211985403140408,backtest (recipe chosen on these seasons),280.0,-329.0,14.0,27.0,2022-12-04,away,CLE,-329.0,≤ −250,0.7445212005717008,W,0.303951367781155,-0.02918056217246312,0.25547879942829915,0.303951367781155,-9.890449724882545
2022_13_DEN_BAL,2022,13,BAL,DEN,1.0,0.7536076905268497,1.0,9.5,0.8223237961918807,backtest (recipe chosen on these seasons),-347.0,294.0,10.0,9.0,2022-12-04,home,BAL,-347.0,≤ −250,0.7536076905268497,W,0.2881844380403458,-0.02921430067578723,0.7536076905268497,0.2881844380403458,11.433061877600766
2022_13_GB_CHI,2022,13,CHI,GB,0.0,0.37073068125049297,-9.0,-4.0,0.33172560917460436,backtest (recipe chosen on these seasons),163.0,-182.0,19.0,28.0,2022-12-04,away,GB,-182.0,−249 to −175,0.629269318749507,W,0.5494505494505495,-0.024978308311203457,0.37073068125049297,0.5494505494505495,-5.382845283062724
2022_13_IND_DAL,2022,13,DAL,IND,1.0,0.7963340122199594,35.0,11.0,0.7420074983939833,backtest (recipe chosen on these seasons),-460.0,376.0,54.0,19.0,2022-12-04,home,DAL,-460.0,≤ −250,0.7963340122199594,W,0.21739130434782608,-0.030549898167005984,0.7963340122199594,0.21739130434782608,8.034893986044388
2022_13_JAX_DET,2022,13,DET,JAX,1.0,0.5284039285250725,26.0,1.0,0.498024537199489,backtest (recipe chosen on these seasons),-118.0,107.0,40.0,14.0,2022-12-04,away,JAX,107.0,+100 to +129,0.4715960714749275,L,-1.0,-0.02379613204690012,0.5284039285250725,0.847457627118644,-0.061253409093797596
2022_13_KC_CIN,2022,13,CIN,KC,1.0,0.444104134762634,3.0,-2.5,0.3180805658532579,backtest (recipe chosen on these seasons),120.0,-132.0,27.0,24.0,2022-12-04,away,KC,-132.0,−174 to −130,0.555895865237366,L,-1.0,-0.02297090352220521,0.444104134762634,-1.0,-5.851912441185385
2022_13_LAC_LV,2022,13,LV,LAC,1.0,0.5668328047122791,7.0,2.5,0.5761454048128447,backtest (recipe chosen on these seasons),-139.0,125.0,27.0,20.0,2022-12-04,home,LV,-139.0,−174 to −130,0.5668328047122791,W,0.7194244604316546,-0.025373810602627944,0.5668328047122791,0.7194244604316546,2.3755613726917244
2022_13_MIA_SF,2022,13,SF,MIA,1.0,0.6711332625214478,16.0,4.5,0.6609145789653083,backtest (recipe chosen on these seasons),-222.0,196.0,33.0,17.0,2022-12-04,home,SF,-222.0,−249 to −175,0.6711332625214478,W,0.45045045045045046,-0.026554457063485637,0.6711332625214478,0.45045045045045046,5.133061002133075
2022_13_NO_TB,2022,13,TB,NO,1.0,0.6379977530895019,1.0,3.5,0.5478915331415312,backtest (recipe chosen on these seasons),-190.0,169.0,17.0,16.0,2022-12-05,home,TB,-190.0,−249 to −175,0.6379977530895019,W,0.5263157894736842,-0.026213955810760248,0.6379977530895019,0.5263157894736842,1.4885571587500543
2022_13_NYJ_MIN,2022,13,MIN,NYJ,1.0,0.5792858120125872,5.0,3.0,0.5664176549438159,backtest (recipe chosen on these seasons),-146.0,132.0,27.0,22.0,2022-12-04,home,MIN,-146.0,−174 to −130,0.5792858120125872,W,0.684931506849315,-0.023943083869202353,0.5792858120125872,0.684931506849315,2.069018557097165
2022_13_PIT_ATL,2022,13,ATL,PIT,0.0,0.48147562105834224,-3.0,-1.0,0.5266428459863212,backtest (recipe chosen on these seasons),103.0,-113.0,16.0,19.0,2022-12-04,home,ATL,103.0,+100 to +129,0.48147562105834224,L,-1.0,-0.022604489251565274,0.48147562105834224,0.8849557522123894,0.8267295536106759
2022_13_SEA_LA,2022,13,LA,SEA,0.0,0.276087446472842,-4.0,-7.0,0.1666655412328287,backtest (recipe chosen on these seasons),252.0,-292.0,23.0,27.0,2022-12-04,away,SEA,-292.0,≤ −250,0.723912553527158,W,0.3424657534246575,-0.028172188415596128,0.276087446472842,0.3424657534246575,-11.967060492487917
2022_13_TEN_PHI,2022,13,PHI,TEN,1.0,0.6629225583423975,25.0,5.0,0.6819421728528521,backtest (recipe chosen on these seasons),-213.0,189.0,35.0,10.0,2022-12-04,home,PHI,-213.0,−249 to −175,0.6629225583423975,W,0.4694835680751174,-0.0258461936095285,0.6629225583423975,0.4694835680751174,5.852700990854279
2022_13_WAS_NYG,2022,13,NYG,WAS,0.5,0.45890354830779323,0.0,-2.5,0.5043446678503424,backtest (recipe chosen on these seasons),113.0,-124.0,20.0,20.0,2022-12-04,home,NYG,113.0,+100 to +129,0.45890354830779323,P,0.0,-0.022535442104400505,0.45890354830779323,0.0,0.13471774325304223
2022_14_BAL_PIT,2022,14,PIT,BAL,0.0,0.5399277029247453,-2.0,1.5,0.5443217713314895,backtest (recipe chosen on these seasons),-124.0,112.0,14.0,16.0,2022-12-11,home,PIT,-124.0,−129 to −100,0.5399277029247453,L,-1.0,-0.024646730200460043,0.5399277029247453,-1.0,1.3771241664574625
2022_14_CAR_SEA,2022,14,SEA,CAR,0.0,0.6495327102803738,-6.0,3.5,0.7076246004365524,backtest (recipe chosen on these seasons),-200.0,178.0,24.0,30.0,2022-12-11,home,SEA,-200.0,−249 to −175,0.6495327102803738,L,-1.0,-0.025700934579439227,0.6495327102803738,-1.0,6.75969178773121
2022_14_CLE_CIN,2022,14,CIN,CLE,1.0,0.6534585746204004,13.0,4.5,0.5725931544425129,backtest (recipe chosen on these seasons),-204.0,181.0,23.0,10.0,2022-12-11,home,CIN,-204.0,−249 to −175,0.6534585746204004,W,0.49019607843137253,-0.02621859468332499,0.6534585746204004,0.49019607843137253,2.263462919142308
2022_14_HOU_DAL,2022,14,DAL,HOU,1.0,0.90462674227086,4.0,17.0,0.8892241910085001,backtest (recipe chosen on these seasons),-1365.0,918.0,27.0,23.0,2022-12-11,home,DAL,-1365.0,≤ −250,0.90462674227086,W,0.07326007326007326,-0.029100236317355338,0.90462674227086,0.07326007326007326,15.12124447766338
2022_14_JAX_TEN,2022,14,TEN,JAX,0.0,0.6119390066215612,-14.0,3.0,0.4890638399268261,backtest (recipe chosen on these seasons),-169.0,151.0,22.0,36.0,2022-12-11,away,JAX,151.0,+130 to +174,0.3880609933784388,W,1.51,-0.02596690662011858,0.6119390066215612,-1.0,-0.33913990647332654
2022_14_KC_DEN,2022,14,DEN,KC,0.0,0.22616355195810023,-6.0,-8.5,0.2578225378676394,backtest (recipe chosen on these seasons),329.0,-394.0,28.0,34.0,2022-12-11,away,KC,-394.0,≤ −250,0.7738364480418998,W,0.25380710659898476,-0.029758362099750052,0.22616355195810023,0.25380710659898476,-8.04140287652969
2022_14_LV_LA,2022,14,LA,LV,1.0,0.2817523080884246,1.0,-6.5,0.2049786602190858,backtest (recipe chosen on these seasons),245.0,-283.0,17.0,16.0,2022-12-08,away,LV,-283.0,≤ −250,0.7182476919115754,L,-1.0,-0.027954537094935006,0.2817523080884246,-1.0,-10.192493307866009
2022_14_MIA_LAC,2022,14,LAC,MIA,1.0,0.3960962679598783,6.0,-3.0,0.2623156842219265,backtest (recipe chosen on these seasons),146.0,-163.0,23.0,17.0,2022-12-11,away,MIA,-163.0,−174 to −130,0.6039037320401216,L,-1.0,-0.0256031808186995,0.3960962679598783,-1.0,-7.870073113018982
2022_14_MIN_DET,2022,14,DET,MIN,1.0,0.5547708605204575,11.0,2.5,0.5787360864947216,backtest (recipe chosen on these seasons),-132.0,119.0,34.0,23.0,2022-12-11,home,DET,-132.0,−174 to −130,0.5547708605204575,W,0.7575757575757576,-0.02494818453980191,0.5547708605204575,0.7575757575757576,2.4574382519240268
2022_14_NE_ARI,2022,14,ARI,NE,0.0,0.45801526717557256,-14.0,-2.0,0.4696200103634778,backtest (recipe chosen on these seasons),113.0,-125.0,13.0,27.0,2022-12-12,away,NE,-125.0,−129 to −100,0.5419847328244275,W,0.8,-0.024427480916030475,0.45801526717557256,0.8,-0.9429043803179881
2022_14_NYJ_BUF,2022,14,BUF,NYJ,1.0,0.7754085940036801,8.0,10.0,0.7580672610746695,backtest (recipe chosen on these seasons),-398.0,332.0,20.0,12.0,2022-12-11,home,BUF,-398.0,≤ −250,0.7754085940036801,W,0.25125628140703515,-0.029765126095897765,0.7754085940036801,0.25125628140703515,8.660224678710463
2022_14_PHI_NYG,2022,14,NYG,PHI,0.0,0.26994359387590655,-26.0,-7.5,0.3317235435979173,backtest (recipe chosen on these seasons),260.0,-302.0,22.0,48.0,2022-12-11,away,PHI,-302.0,≤ −250,0.7300564061240935,W,0.33112582781456956,-0.02820306204673645,0.26994359387590655,0.33112582781456956,-5.382915690758595
2022_14_TB_SF,2022,14,SF,TB,1.0,0.6455089820359281,28.0,3.5,0.6396402202227045,backtest (recipe chosen on these seasons),-196.0,175.0,35.0,7.0,2022-12-11,home,SF,-196.0,−249 to −175,0.6455089820359281,W,0.5102040816326531,-0.02514970059880245,0.6455089820359281,0.5102040816326531,4.422241395555068
2022_15_ARI_DEN,2022,15,DEN,ARI,1.0,0.534834771627026,9.0,1.5,0.4596461559959537,backtest (recipe chosen on these seasons),-121.0,110.0,24.0,15.0,2022-12-18,away,ARI,110.0,+100 to +129,0.46516522837297414,L,-1.0,-0.023153020416754266,0.534834771627026,0.8264462809917356,-1.2533927308262602
2022_15_ATL_NO,2022,15,NO,ATL,1.0,0.6789306742455842,3.0,5.0,0.6312834185162802,backtest (recipe chosen on these seasons),-231.0,203.0,21.0,18.0,2022-12-18,home,NO,-231.0,−249 to −175,0.6789306742455842,W,0.4329004329004329,-0.027159942964119665,0.6789306742455842,0.4329004329004329,4.147097350354239
2022_15_BAL_CLE,2022,15,CLE,BAL,1.0,0.5922935486449755,10.0,2.5,0.5864444799370521,backtest (recipe chosen on these seasons),-155.0,139.0,13.0,3.0,2022-12-17,home,CLE,-155.0,−174 to −130,0.5922935486449755,W,0.6451612903225806,-0.025581581261491904,0.5922935486449755,0.6451612903225806,2.7017100207764906
2022_15_CIN_TB,2022,15,TB,CIN,0.0,0.3900657414170928,-11.0,-3.5,0.3723394557757519,backtest (recipe chosen on these seasons),150.0,-167.0,23.0,34.0,2022-12-18,away,CIN,-167.0,−174 to −130,0.6099342585829073,W,0.5988023952095808,-0.024835646457268046,0.3900657414170928,0.5988023952095808,-4.0284583320159975
2022_15_DAL_JAX,2022,15,JAX,DAL,1.0,0.36370984037179227,6.0,-4.0,0.40911938716238666,backtest (recipe chosen on these seasons),168.0,-188.0,40.0,34.0,2022-12-18,away,DAL,-188.0,−249 to −175,0.6362901596282077,L,-1.0,-0.02525762780359675,0.36370984037179227,-1.0,-2.842759879440598
2022_15_DET_NYJ,2022,15,NYJ,DET,0.0,0.555895865237366,-3.0,2.0,0.4755009249980898,backtest (recipe chosen on these seasons),-132.0,120.0,17.0,20.0,2022-12-18,away,DET,120.0,+100 to +129,0.444104134762634,W,1.2,-0.02297090352220521,0.555895865237366,-1.0,-0.7601207082320313
2022_15_IND_MIN,2022,15,MIN,IND,1.0,0.6362901596282077,3.0,3.5,0.6021415248937726,backtest (recipe chosen on these seasons),-188.0,168.0,39.0,36.0,2022-12-17,home,MIN,-188.0,−249 to −175,0.6362901596282077,W,0.5319148936170213,-0.02525762780359675,0.6362901596282077,0.5319148936170213,3.202520022433527
2022_15_KC_HOU,2022,15,HOU,KC,0.0,0.14421617245218096,-6.0,-14.5,0.10225949162366757,backtest (recipe chosen on these seasons),572.0,-755.0,24.0,30.0,2022-12-18,away,KC,-755.0,≤ −250,0.8557838275478191,W,0.13245033112582782,-0.030867321121343896,0.14421617245218096,0.13245033112582782,-15.694827912975835
2022_15_LA_GB,2022,15,GB,LA,1.0,0.7579052432627578,12.0,8.0,0.7790977456916169,backtest (recipe chosen on these seasons),-356.0,301.0,24.0,12.0,2022-12-19,home,GB,-356.0,≤ −250,0.7579052432627578,W,0.2808988764044944,-0.029200025483658576,0.7579052432627578,0.2808988764044944,9.514380501181515
2022_15_MIA_BUF,2022,15,BUF,MIA,1.0,0.7397124442240952,3.0,7.0,0.7548881656003908,backtest (recipe chosen on these seasons),-320.0,273.0,32.0,29.0,2022-12-17,home,BUF,-320.0,≤ −250,0.7397124442240952,W,0.3125,-0.029127416955875035,0.7397124442240952,0.3125,8.534720097121777
2022_15_NE_LV,2022,15,LV,NE,1.0,0.5500363507751557,6.0,1.0,0.5612241985634084,backtest (recipe chosen on these seasons),-129.0,117.0,30.0,24.0,2022-12-18,home,LV,-129.0,−129 to −100,0.5500363507751557,W,0.7751937984496124,-0.023578881182087952,0.5500363507751557,0.7751937984496124,1.905892016197072
2022_15_NYG_WAS,2022,15,WAS,NYG,0.0,0.6522836814321781,-8.0,4.5,0.6254832735558703,backtest (recipe chosen on these seasons),-203.0,180.0,12.0,20.0,2022-12-18,home,WAS,-203.0,−249 to −175,0.6522836814321781,L,-1.0,-0.026394308010098733,0.6522836814321781,-1.0,3.957337351801736
2022_15_PHI_CHI,2022,15,CHI,PHI,0.0,0.22937728315351283,-5.0,-8.5,0.23579701952653762,backtest (recipe chosen on these seasons),323.0,-386.0,20.0,25.0,2022-12-18,away,PHI,-386.0,≤ −250,0.7706227168464871,W,0.25906735751295334,-0.029734092260640638,0.22937728315351283,0.25906735751295334,-8.905012912040974
2022_15_PIT_CAR,2022,15,CAR,PIT,0.0,0.5764909248055315,-8.0,2.5,0.5590958094279775,backtest (recipe chosen on these seasons),-145.0,130.0,16.0,24.0,2022-12-18,home,CAR,-145.0,−174 to −130,0.5764909248055315,L,-1.0,-0.025929127052722545,0.5764909248055315,-1.0,1.8391365231141867
2022_15_SF_SEA,2022,15,SEA,SF,0.0,0.3871172000921022,-8.0,-3.0,0.4465018463504026,backtest (recipe chosen on these seasons),152.0,-169.0,13.0,21.0,2022-12-15,away,SF,-169.0,−174 to −130,0.6128827999078977,W,0.591715976331361,-0.02446465576790241,0.3871172000921022,0.591715976331361,-1.6638200429668972
2022_15_TEN_LAC,2022,15,LAC,TEN,1.0,0.5971016303329377,3.0,3.0,0.5570238232959878,backtest (recipe chosen on these seasons),-158.0,142.0,17.0,14.0,2022-12-18,home,LAC,-158.0,−174 to −130,0.5971016303329377,W,0.6329113924050633,-0.024985945405709253,0.5971016303329377,0.6329113924050633,1.7742014993129187
2022_16_ATL_BAL,2022,16,BAL,ATL,1.0,0.7123342460695936,8.0,6.5,0.6818386826797777,backtest (recipe chosen on these seasons),-274.0,238.0,17.0,9.0,2022-12-24,home,BAL,-274.0,≤ −250,0.7123342460695936,W,0.36496350364963503,-0.027689751715226252,0.7123342460695936,0.36496350364963503,5.849112274227859
2022_16_BUF_CHI,2022,16,CHI,BUF,0.0,0.2402841621395737,-22.0,-8.0,0.25497127238496736,backtest (recipe chosen on these seasons),304.0,-360.0,13.0,35.0,2022-12-24,away,BUF,-360.0,≤ −250,0.7597158378604262,W,0.2777777777777778,-0.029251984956122107,0.2402841621395737,0.2777777777777778,-8.150928955503904
2022_16_CIN_NE,2022,16,NE,CIN,0.0,0.4132639620653319,-4.0,-3.0,0.4111220699592667,backtest (recipe chosen on these seasons),136.0,-151.0,18.0,22.0,2022-12-24,away,CIN,-151.0,−174 to −130,0.586736037934668,W,0.6622516556291391,-0.02469704952581675,0.4132639620653319,0.6622516556291391,-2.7790385491146625
2022_16_DEN_LA,2022,16,LA,DEN,1.0,0.38227263180004206,37.0,-3.0,0.47597241728197653,backtest (recipe chosen on these seasons),155.0,-173.0,51.0,14.0,2022-12-25,away,DEN,-173.0,−174 to −130,0.617727368199958,L,-1.0,-0.02520478890989286,0.38227263180004206,-1.0,-0.7454740528957471
2022_16_DET_CAR,2022,16,CAR,DET,1.0,0.4499636492248442,14.0,-2.5,0.3763772602911867,backtest (recipe chosen on these seasons),117.0,-129.0,37.0,23.0,2022-12-24,away,DET,-129.0,−129 to −100,0.5500363507751557,L,-1.0,-0.023578881182087952,0.4499636492248442,-1.0,-3.8966662160614494
2022_16_GB_MIA,2022,16,MIA,GB,0.0,0.629269318749507,-6.0,3.5,0.6007659551024896,backtest (recipe chosen on these seasons),-182.0,163.0,20.0,26.0,2022-12-25,home,MIA,-182.0,−249 to −175,0.629269318749507,L,-1.0,-0.024978308311203457,0.629269318749507,-1.0,3.1584343615528576
2022_16_HOU_TEN,2022,16,TEN,HOU,0.0,0.6143408084559349,-5.0,3.0,0.6353944178788566,backtest (recipe chosen on these seasons),-170.0,153.0,14.0,19.0,2022-12-24,home,TEN,-170.0,−174 to −130,0.6143408084559349,L,-1.0,-0.0242822453935152,0.6143408084559349,-1.0,4.282185365827261
2022_16_JAX_NYJ,2022,16,NYJ,JAX,0.0,0.562379468921525,-16.0,2.5,0.4211806232753039,backtest (recipe chosen on these seasons),-136.0,123.0,3.0,19.0,2022-12-22,away,JAX,123.0,+100 to +129,0.43762053107847504,W,1.23,-0.0241062156950006,0.562379468921525,-1.0,-2.4600723556400106
2022_16_LAC_IND,2022,16,IND,LAC,0.0,0.3676233473073202,-17.0,-3.5,0.3889732883982972,backtest (recipe chosen on these seasons),165.0,-185.0,3.0,20.0,2022-12-26,away,LAC,-185.0,−249 to −175,0.6323766526926797,W,0.5405405405405406,-0.025798129635601463,0.3676233473073202,0.5405405405405406,-3.4882905302026472
2022_16_LV_PIT,2022,16,PIT,LV,1.0,0.5704635785196144,3.0,2.5,0.5392093847519585,backtest (recipe chosen on these seasons),-141.0,127.0,13.0,10.0,2022-12-24,home,PIT,-141.0,−174 to −130,0.5704635785196144,W,0.7092198581560284,-0.024952323239524343,0.5704635785196144,0.7092198581560284,1.2177290191629317
2022_16_NO_CLE,2022,16,CLE,NO,0.0,0.6279229893276131,-7.0,3.0,0.7106331866772787,backtest (recipe chosen on these seasons),-181.0,162.0,10.0,17.0,2022-12-24,home,CLE,-181.0,−249 to −175,0.6279229893276131,L,-1.0,-0.02515823203834644,0.6279229893276131,-1.0,6.868262472514482
2022_16_NYG_MIN,2022,16,MIN,NYG,1.0,0.6651251793972254,3.0,4.5,0.6640269669343268,backtest (recipe chosen on these seasons),-215.0,191.0,27.0,24.0,2022-12-24,home,MIN,-215.0,−249 to −175,0.6651251793972254,W,0.46511627906976744,-0.0255142720459256,0.6651251793972254,0.46511627906976744,5.238431005774515
2022_16_PHI_DAL,2022,16,DAL,PHI,1.0,0.6495327102803738,6.0,4.0,0.6259011765498006,backtest (recipe chosen on these seasons),-200.0,178.0,40.0,34.0,2022-12-24,home,DAL,-200.0,−249 to −175,0.6495327102803738,W,0.5,-0.025700934579439227,0.6495327102803738,0.5,3.970978023199394
2022_16_SEA_KC,2022,16,KC,SEA,1.0,0.7923696806592547,14.0,10.5,0.8156847343734599,backtest (recipe chosen on these seasons),-447.0,367.0,24.0,10.0,2022-12-24,home,KC,-447.0,≤ −250,0.7923696806592547,W,0.22371364653243847,-0.03036640867871962,0.7923696806592547,0.22371364653243847,11.121143932409945
2022_16_TB_ARI,2022,16,ARI,TB,0.0,0.26028755577590484,-3.0,-7.5,0.29017624767509165,backtest (recipe chosen on these seasons),273.0,-320.0,16.0,19.0,2022-12-25,away,TB,-320.0,≤ −250,0.7397124442240952,W,0.3125,-0.029127416955875035,0.26028755577590484,0.3125,-6.839000744247757
2022_16_WAS_SF,2022,16,SF,WAS,1.0,0.7151211298942416,17.0,6.5,0.6791248296569923,backtest (recipe chosen on these seasons),-279.0,241.0,37.0,20.0,2022-12-24,home,SF,-279.0,≤ −250,0.7151211298942416,W,0.35842293906810035,-0.028563052939363565,0.7151211298942416,0.35842293906810035,5.75517870374215
2022_17_ARI_ATL,2022,17,ATL,ARI,1.0,0.7151211298942416,1.0,7.0,0.774942760095762,backtest (recipe chosen on these seasons),-279.0,241.0,20.0,19.0,2023-01-01,home,ATL,-279.0,≤ −250,0.7151211298942416,W,0.35842293906810035,-0.028563052939363565,0.7151211298942416,0.35842293906810035,9.342123165713087
2022_17_CAR_TB,2022,17,TB,CAR,1.0,0.6310538349615464,6.0,3.5,0.6191007704977796,backtest (recipe chosen on these seasons),-184.0,164.0,30.0,24.0,2023-01-01,home,TB,-184.0,−249 to −175,0.6310538349615464,W,0.5434782608695652,-0.02598212429848268,0.6310538349615464,0.5434782608695652,3.749593652250111
2022_17_CHI_DET,2022,17,DET,CHI,1.0,0.6686953451176703,31.0,4.5,0.6981972979482175,backtest (recipe chosen on these seasons),-219.0,194.0,41.0,10.0,2023-01-01,home,DET,-219.0,−249 to −175,0.6686953451176703,W,0.45662100456621,-0.02596431464595067,0.6686953451176703,0.45662100456621,6.422785631053245
2022_17_CLE_WAS,2022,17,WAS,CLE,0.0,0.5262215623771888,-14.0,1.0,0.49877787457891737,backtest (recipe chosen on these seasons),-117.0,106.0,10.0,24.0,2023-01-01,away,CLE,106.0,+100 to +129,0.47377843762281124,W,1.06,-0.024016418497008862,0.5262215623771888,-1.0,-0.03789449212804046
2022_17_DAL_TEN,2022,17,TEN,DAL,0.0,0.14616351195638383,-14.0,-14.0,0.09347389423922334,backtest (recipe chosen on these seasons),563.0,-741.0,13.0,27.0,2022-12-29,away,DAL,-741.0,≤ −250,0.8538364880436161,W,0.1349527665317139,-0.03093591572917523,0.14616351195638383,0.1349527665317139,-16.324222796091792
2022_17_DEN_KC,2022,17,KC,DEN,1.0,0.8495317115164828,3.0,13.5,0.8757707301100275,backtest (recipe chosen on these seasons),-711.0,544.0,27.0,24.0,2023-01-01,home,KC,-711.0,≤ −250,0.8495317115164828,W,0.14064697609001406,-0.030984222166149752,0.8495317115164828,0.14064697609001406,14.276236119761794
2022_17_IND_NYG,2022,17,NYG,IND,1.0,0.6776342863861725,28.0,5.5,0.7332910607326033,backtest (recipe chosen on these seasons),-229.0,202.0,38.0,10.0,2023-01-01,home,NYG,-229.0,−249 to −175,0.6776342863861725,W,0.4366812227074236,-0.026455544886241245,0.6776342863861725,0.4366812227074236,7.70399985879173
2022_17_JAX_HOU,2022,17,HOU,JAX,0.0,0.3650052779508833,-28.0,-3.5,0.30612588186845735,backtest (recipe chosen on these seasons),167.0,-187.0,3.0,31.0,2023-01-01,away,JAX,-187.0,−249 to −175,0.6349947220491167,W,0.5347593582887701,-0.025435907871141805,0.3650052779508833,0.5347593582887701,-6.269880937004791
2022_17_LA_LAC,2022,17,LAC,LA,1.0,0.7176598944357621,21.0,6.5,0.6799927300842209,backtest (recipe chosen on these seasons),-283.0,244.0,31.0,10.0,2023-01-01,home,LAC,-283.0,≤ −250,0.7176598944357621,W,0.35335689045936397,-0.028750036859021666,0.7176598944357621,0.35335689045936397,5.785182675031952
2022_17_MIA_NE,2022,17,NE,MIA,1.0,0.6002460024600246,2.0,3.0,0.5947245963304698,backtest (recipe chosen on these seasons),-160.0,144.0,23.0,21.0,2023-01-01,home,NE,-160.0,−174 to −130,0.6002460024600246,W,0.625,-0.02460024600246008,0.6002460024600246,0.625,2.9652809048653097
2022_17_MIN_GB,2022,17,GB,MIN,1.0,0.617727368199958,24.0,3.0,0.5723518182909295,backtest (recipe chosen on these seasons),-173.0,155.0,41.0,17.0,2023-01-01,home,GB,-173.0,−174 to −130,0.617727368199958,W,0.5780346820809249,-0.02520478890989286,0.617727368199958,0.5780346820809249,2.255853910808727
2022_17_NO_PHI,2022,17,PHI,NO,0.0,0.6735308890005023,-10.0,5.5,0.7272062733443129,backtest (recipe chosen on these seasons),-225.0,198.0,10.0,20.0,2023-01-01,home,PHI,-225.0,−249 to −175,0.6735308890005023,L,-1.0,-0.02712204922149669,0.6735308890005023,-1.0,7.476247154447509
2022_17_NYJ_SEA,2022,17,SEA,NYJ,1.0,0.4827086071703758,17.0,-1.0,0.5275921539575217,backtest (recipe chosen on these seasons),102.0,-113.0,23.0,6.0,2023-01-01,home,SEA,102.0,+100 to +129,0.4827086071703758,W,1.02,-0.024928613515840914,0.4827086071703758,-1.0,0.8562329299975748
2022_17_PIT_BAL,2022,17,BAL,PIT,0.0,0.534834771627026,-3.0,1.0,0.5400761648195144,backtest (recipe chosen on these seasons),-121.0,110.0,13.0,16.0,2023-01-01,home,BAL,-121.0,−129 to −100,0.534834771627026,L,-1.0,-0.02315302041675421,0.534834771627026,-1.0,1.2447387284914033
2022_17_SF_LV,2022,17,LV,SF,0.0,0.20583407465858716,-3.0,-10.0,0.22278790415829866,backtest (recipe chosen on these seasons),371.0,-453.0,34.0,37.0,2023-01-01,away,SF,-453.0,≤ −250,0.7941659253414128,W,0.22075055187637968,-0.030521508358054533,0.20583407465858716,0.22075055187637968,-9.435978533162197
2022_18_ARI_SF,2022,18,SF,ARI,1.0,0.886302763694837,25.0,14.0,0.9269007180573594,backtest (recipe chosen on these seasons),-1061.0,753.0,38.0,13.0,2023-01-08,home,SF,-1061.0,≤ −250,0.886302763694837,W,0.0942507068803016,-0.030162574316959748,0.886302763694837,0.0942507068803016,17.974732358766907
2022_18_BAL_CIN,2022,18,CIN,BAL,1.0,0.8311808694065155,11.0,11.0,0.8456786304572589,backtest (recipe chosen on these seasons),-603.0,474.0,27.0,16.0,2023-01-08,home,CIN,-603.0,≤ −250,0.8311808694065155,W,0.16583747927031509,-0.030978190393399052,0.8311808694065155,0.16583747927031509,12.593576712531707
2022_18_CAR_NO,2022,18,NO,CAR,0.0,0.6252015045674368,-3.0,3.5,0.5436539552658858,backtest (recipe chosen on these seasons),-179.0,160.0,7.0,10.0,2023-01-08,home,NO,-179.0,−249 to −175,0.6252015045674368,L,-1.0,-0.025523911875335925,0.6252015045674368,-1.0,1.3562904245427256
2022_18_CLE_PIT,2022,18,PIT,CLE,1.0,0.5722567873303167,14.0,2.5,0.5629330845262126,backtest (recipe chosen on these seasons),-142.0,128.0,28.0,14.0,2023-01-08,home,PIT,-142.0,−174 to −130,0.5722567873303167,W,0.704225352112676,-0.02474547511312225,0.5722567873303167,0.704225352112676,1.9595301844453674
2022_18_DAL_WAS,2022,18,WAS,DAL,1.0,0.25977238990598717,20.0,-7.5,0.1911747184271364,backtest (recipe chosen on these seasons),274.0,-320.0,26.0,6.0,2023-01-08,away,DAL,-320.0,≤ −250,0.7402276100940128,L,-1.0,-0.02845126175160817,0.25977238990598717,-1.0,-10.806129764380842
2022_18_DET_GB,2022,18,GB,DET,0.0,0.7115258195992297,-4.0,5.5,0.6797473255053854,backtest (recipe chosen on these seasons),-273.0,237.0,16.0,20.0,2023-01-08,home,GB,-273.0,≤ −250,0.7115258195992297,L,-1.0,-0.027842012049404175,0.7115258195992297,-1.0,5.776695409730673
2022_18_HOU_IND,2022,18,IND,HOU,0.0,0.5722567873303167,-1.0,3.0,0.55890295964012,backtest (recipe chosen on these seasons),-142.0,128.0,31.0,32.0,2023-01-08,home,IND,-142.0,−174 to −130,0.5722567873303167,L,-1.0,-0.02474547511312225,0.5722567873303167,-1.0,1.8330905939454007
2022_18_KC_LV,2022,18,LV,KC,0.0,0.22143025602054453,-18.0,-9.0,0.1663622868486919,backtest (recipe chosen on these seasons),338.0,-407.0,13.0,31.0,2023-01-07,away,KC,-407.0,≤ −250,0.7785697439794554,W,0.2457002457002457,-0.03013547863001495,0.22143025602054453,0.2457002457002457,-11.98208336216023
2022_18_LAC_DEN,2022,18,DEN,LAC,1.0,0.6979212888691675,3.0,6.0,0.6666588385661455,backtest (recipe chosen on these seasons),-254.0,222.0,31.0,28.0,2023-01-08,home,DEN,-254.0,≤ −250,0.6979212888691675,W,0.3937007874015748,-0.0273065501587193,0.6979212888691675,0.3937007874015748,5.32783037431319
2022_18_LA_SEA,2022,18,SEA,LA,1.0,0.6732289817653704,3.0,5.5,0.6905807882964902,backtest (recipe chosen on these seasons),-224.0,198.0,19.0,16.0,2023-01-08,home,SEA,-224.0,−249 to −175,0.6732289817653704,W,0.44642857142857145,-0.026222365660803548,0.6732289817653704,0.44642857142857145,6.154041303284041
2022_18_MIN_CHI,2022,18,CHI,MIN,0.0,0.2974714923153198,-16.0,-6.5,0.2641588131120899,backtest (recipe chosen on these seasons),227.0,-260.0,13.0,29.0,2023-01-08,away,MIN,-260.0,≤ −250,0.7025285076846802,W,0.38461538461538464,-0.027268220128904286,0.2974714923153198,0.38461538461538464,-7.800228320308752
2022_18_NE_BUF,2022,18,BUF,NE,1.0,0.7655188824223437,12.0,8.0,0.7597319669767247,backtest (recipe chosen on these seasons),-373.0,314.0,35.0,23.0,2023-01-08,home,BUF,-373.0,≤ −250,0.7655188824223437,W,0.2680965147453083,-0.02924817322850251,0.7655188824223437,0.2680965147453083,8.726300606506161
2022_18_NYG_PHI,2022,18,PHI,NYG,1.0,0.8986974530501657,6.0,16.5,0.8742943598600615,backtest (recipe chosen on these seasons),-1252.0,858.0,22.0,16.0,2023-01-08,home,PHI,-1252.0,≤ −250,0.8986974530501657,W,0.07987220447284345,-0.029521600220587862,0.8986974530501657,0.07987220447284345,14.187502324214
2022_18_NYJ_MIA,2022,18,MIA,NYJ,1.0,0.6495327102803738,5.0,3.5,0.6592711433067903,backtest (recipe chosen on these seasons),-200.0,178.0,11.0,6.0,2023-01-08,home,MIA,-200.0,−249 to −175,0.6495327102803738,W,0.5,-0.025700934579439227,0.6495327102803738,0.5,5.077572807179113
2022_18_TB_ATL,2022,18,ATL,TB,1.0,0.6829002792370676,13.0,6.0,0.724076485387198,backtest (recipe chosen on these seasons),-235.0,207.0,30.0,17.0,2023-01-08,home,ATL,-235.0,−249 to −175,0.6829002792370676,W,0.425531914893617,-0.026503857257797192,0.6829002792370676,0.425531914893617,7.360084152414196
2022_18_TEN_JAX,2022,18,JAX,TEN,1.0,0.7025285076846802,4.0,6.0,0.7225876821031626,backtest (recipe chosen on these seasons),-260.0,227.0,20.0,16.0,2023-01-07,home,JAX,-260.0,≤ −250,0.7025285076846802,W,0.38461538461538464,-0.027268220128904286,0.7025285076846802,0.38461538461538464,7.305054386764177
2023_01_ARI_WAS,2023,1,WAS,ARI,1.0,0.740871613663133,4.0,7.0,0.7233645051239932,backtest (recipe chosen on these seasons),-340.0,270.0,20.0,16.0,2023-09-10,home,WAS,-340.0,≤ −250,0.740871613663133,W,0.29411764705882354,-0.04122497055359253,0.740871613663133,0.29411764705882354,7.333749535455911
2023_01_BUF_NYJ,2023,1,NYJ,BUF,1.0,0.448558885283451,6.0,-2.5,0.33667180269616004,backtest (recipe chosen on these seasons),114.0,-135.0,22.0,16.0,2023-09-11,away,BUF,-135.0,−174 to −130,0.551441114716549,L,-1.0,-0.04008398549341474,0.448558885283451,-1.0,-5.214741296906517
2023_01_CAR_ATL,2023,1,ATL,CAR,1.0,0.6309403437815976,14.0,3.5,0.659835289865774,backtest (recipe chosen on these seasons),-192.0,160.0,24.0,10.0,2023-09-10,home,ATL,-192.0,−249 to −175,0.6309403437815976,W,0.5208333333333334,-0.04044489383215366,0.6309403437815976,0.5208333333333334,5.09660881805657
2023_01_CIN_CLE,2023,1,CLE,CIN,1.0,0.4956702459300312,21.0,-1.0,0.5363628369863361,backtest (recipe chosen on these seasons),-108.0,-112.0,24.0,3.0,2023-09-10,home,CLE,-108.0,−129 to −100,0.4956702459300312,W,0.9259259259259259,-0.04537582265327328,0.4956702459300312,-1.0,1.1290679534722694
2023_01_DAL_NYG,2023,1,NYG,DAL,0.0,0.3962430290578221,-40.0,-3.5,0.3876298227208498,backtest (recipe chosen on these seasons),142.0,-170.0,0.0,40.0,2023-09-10,away,DAL,-170.0,−174 to −130,0.6037569709421778,W,0.5882352941176471,-0.0410918696800705,0.3962430290578221,0.5882352941176471,-3.53165855987802
2023_01_DET_KC,2023,1,KC,DET,0.0,0.6369041816941223,-1.0,4.0,0.6943162763205896,backtest (recipe chosen on these seasons),-198.0,164.0,20.0,21.0,2023-09-07,home,KC,-198.0,−249 to −175,0.6369041816941223,L,-1.0,-0.04142703967248251,0.6369041816941223,-1.0,6.285475141658362
2023_01_GB_CHI,2023,1,CHI,GB,0.0,0.5173641257162701,-18.0,1.0,0.602003348219171,backtest (recipe chosen on these seasons),-118.0,-102.0,20.0,38.0,2023-09-10,home,CHI,-118.0,−129 to −100,0.5173641257162701,L,-1.0,-0.04419169994790778,0.5173641257162701,-1.0,3.1980897667644363
2023_01_HOU_BAL,2023,1,BAL,HOU,1.0,0.7999999999999999,16.0,9.5,0.6942882165988288,backtest (recipe chosen on these seasons),-500.0,380.0,25.0,9.0,2023-09-10,home,BAL,-500.0,≤ −250,0.7999999999999999,W,0.2,-0.04000000000000006,0.7999999999999999,0.2,6.2844852239885
2023_01_JAX_IND,2023,1,IND,JAX,0.0,0.35527082119976705,-10.0,-4.0,0.27264001621905787,backtest (recipe chosen on these seasons),170.0,-205.0,21.0,31.0,2023-09-10,away,JAX,-205.0,−249 to −175,0.644729178800233,W,0.4878048780487805,-0.04076878276062901,0.35527082119976705,0.4878048780487805,-7.481969098700267
2023_01_LA_SEA,2023,1,SEA,LA,0.0,0.6574752261956054,-17.0,4.5,0.671659243828117,backtest (recipe chosen on these seasons),-218.0,180.0,13.0,30.0,2023-09-10,home,SEA,-218.0,−249 to −175,0.6574752261956054,L,-1.0,-0.04093063334769487,0.6574752261956054,-1.0,5.49845843726562
2023_01_LV_DEN,2023,1,DEN,LV,0.0,0.593369754159424,-1.0,3.0,0.5292575521583465,backtest (recipe chosen on these seasons),-162.0,136.0,16.0,17.0,2023-09-10,home,DEN,-162.0,−174 to −130,0.593369754159424,L,-1.0,-0.04035261981624033,0.593369754159424,-1.0,0.908003422075323
2023_01_MIA_LAC,2023,1,LAC,MIA,0.0,0.593369754159424,-2.0,3.0,0.5980376157215701,backtest (recipe chosen on these seasons),-162.0,136.0,34.0,36.0,2023-09-10,home,LAC,-162.0,−174 to −130,0.593369754159424,L,-1.0,-0.04035261981624033,0.593369754159424,-1.0,3.071111738866938
2023_01_PHI_NE,2023,1,NE,PHI,0.0,0.3775334481388264,-5.0,-3.5,0.37489959077785046,backtest (recipe chosen on these seasons),154.0,-185.0,20.0,25.0,2023-09-10,away,PHI,-185.0,−249 to −175,0.6224665518611737,W,0.5405405405405406,-0.04106504172738101,0.3775334481388264,0.5405405405405406,-3.9448445917305963
2023_01_SF_PIT,2023,1,PIT,SF,0.0,0.4782608695652174,-23.0,-1.5,0.4528983097567682,backtest (recipe chosen on these seasons),100.0,-120.0,7.0,30.0,2023-09-10,away,SF,-120.0,−129 to −100,0.5217391304347826,W,0.8333333333333334,-0.043478260869565244,0.4782608695652174,0.8333333333333334,-1.463891484422339
2023_01_TB_MIN,2023,1,MIN,TB,0.0,0.644729178800233,-3.0,4.0,0.6893020702973063,backtest (recipe chosen on these seasons),-205.0,170.0,17.0,20.0,2023-09-10,home,MIN,-205.0,−249 to −175,0.644729178800233,L,-1.0,-0.04076878276062901,0.644729178800233,-1.0,6.109209264805547
2023_01_TEN_NO,2023,1,NO,TEN,1.0,0.5720596355604638,1.0,3.0,0.5355866874032656,backtest (recipe chosen on these seasons),-148.0,124.0,16.0,15.0,2023-09-10,home,NO,-148.0,−174 to −130,0.5720596355604638,W,0.6756756756756757,-0.04141358365543907,0.5720596355604638,0.6756756756756757,1.104903571675104
2023_02_BAL_CIN,2023,2,CIN,BAL,0.0,0.6092362344582594,-3.0,3.5,0.5980574947921167,backtest (recipe chosen on these seasons),-175.0,145.0,24.0,27.0,2023-09-17,home,CIN,-175.0,−249 to −175,0.6092362344582594,L,-1.0,-0.04262877442273533,0.6092362344582594,-1.0,3.071747425534129
2023_02_CHI_TB,2023,2,TB,CHI,1.0,0.551441114716549,10.0,2.5,0.4802346374745928,backtest (recipe chosen on these seasons),-135.0,114.0,27.0,17.0,2023-09-17,away,CHI,114.0,+100 to +129,0.448558885283451,L,-1.0,-0.04008398549341485,0.551441114716549,0.7407407407407407,-0.613115376405182
2023_02_CLE_PIT,2023,2,PIT,CLE,1.0,0.42794036443953615,4.0,-2.5,0.46171607185263774,backtest (recipe chosen on these seasons),124.0,-148.0,26.0,22.0,2023-09-18,away,CLE,-148.0,−174 to −130,0.5720596355604638,L,-1.0,-0.04141358365543907,0.42794036443953615,-1.0,-1.1888972957504043
2023_02_GB_ATL,2023,2,ATL,GB,1.0,0.5720596355604638,1.0,3.0,0.5591309656822206,backtest (recipe chosen on these seasons),-148.0,124.0,25.0,24.0,2023-09-17,home,ATL,-148.0,−174 to −130,0.5720596355604638,W,0.6756756756756757,-0.04141358365543907,0.5720596355604638,0.6756756756756757,1.8402387350901463
2023_02_IND_HOU,2023,2,HOU,IND,0.0,0.5,-11.0,-1.0,0.44577229171986105,backtest (recipe chosen on these seasons),-110.0,-110.0,20.0,31.0,2023-09-17,away,IND,-110.0,−129 to −100,0.5,W,0.9090909090909091,-0.04545454545454547,0.5,,-1.6866497379631755
2023_02_KC_JAX,2023,2,JAX,KC,0.0,0.3962430290578221,-8.0,-3.5,0.39289645521314925,backtest (recipe chosen on these seasons),142.0,-170.0,9.0,17.0,2023-09-17,away,KC,-170.0,−174 to −130,0.6037569709421778,W,0.5882352941176471,-0.0410918696800705,0.3962430290578221,0.5882352941176471,-3.361890831657464
2023_02_LAC_TEN,2023,2,TEN,LAC,1.0,0.43650793650793646,3.0,-2.5,0.3285982915012317,backtest (recipe chosen on these seasons),120.0,-142.0,27.0,24.0,2023-09-17,away,LAC,-142.0,−174 to −130,0.5634920634920635,L,-1.0,-0.03968253968253971,0.43650793650793646,-1.0,-5.489645277981609
2023_02_LV_BUF,2023,2,BUF,LV,1.0,0.7477827050997783,28.0,7.5,0.7382862736224127,backtest (recipe chosen on these seasons),-355.0,280.0,38.0,10.0,2023-09-17,home,BUF,-355.0,≤ −250,0.7477827050997783,W,0.28169014084507044,-0.04157427937915739,0.7477827050997783,0.28169014084507044,7.892938469736043
2023_02_MIA_NE,2023,2,NE,MIA,0.0,0.4572564612326044,-7.0,-2.0,0.42188875828583633,backtest (recipe chosen on these seasons),110.0,-130.0,17.0,24.0,2023-09-17,away,MIA,-130.0,−174 to −130,0.5427435387673957,W,0.7692307692307693,-0.03976143141153071,0.4572564612326044,0.7692307692307693,-2.437680703823416
2023_02_MIN_PHI,2023,2,PHI,MIN,1.0,0.6750312469954812,6.0,6.0,0.5779917475476917,backtest (recipe chosen on these seasons),-238.0,195.0,34.0,28.0,2023-09-14,home,PHI,-238.0,−249 to −175,0.6750312469954812,W,0.42016806722689076,-0.0413421786366695,0.6750312469954812,0.42016806722689076,2.433903016459986
2023_02_NO_CAR,2023,2,CAR,NO,0.0,0.39076376554174075,-3.0,-3.0,0.4026451827022693,backtest (recipe chosen on these seasons),145.0,-175.0,17.0,20.0,2023-09-18,away,NO,-175.0,−249 to −175,0.6092362344582594,W,0.5714285714285714,-0.04262877442273533,0.39076376554174075,0.5714285714285714,-3.0492823362315447
2023_02_NYG_ARI,2023,2,ARI,NYG,0.0,0.33635187580853815,-3.0,-5.0,0.3438751320483765,backtest (recipe chosen on these seasons),185.0,-225.0,28.0,31.0,2023-09-17,away,NYG,-225.0,−249 to −175,0.6636481241914618,W,0.4444444444444444,-0.04139715394566629,0.33635187580853815,0.4444444444444444,-4.9716266808257465
2023_02_NYJ_DAL,2023,2,DAL,NYJ,1.0,0.7600000000000001,20.0,8.5,0.7637931744559304,backtest (recipe chosen on these seasons),-380.0,300.0,30.0,10.0,2023-09-17,home,DAL,-380.0,≤ −250,0.7600000000000001,W,0.2631578947368421,-0.03999999999999987,0.7600000000000001,0.2631578947368421,8.888555400448931
2023_02_SEA_DET,2023,2,DET,SEA,0.0,0.6574752261956054,-6.0,4.5,0.6662609055333368,backtest (recipe chosen on these seasons),-218.0,180.0,31.0,37.0,2023-09-17,home,DET,-218.0,−249 to −175,0.6574752261956054,L,-1.0,-0.04093063334769487,0.6574752261956054,-1.0,5.314295637705391
2023_02_SF_LA,2023,2,LA,SF,0.0,0.2591283863368669,-7.0,-7.5,0.22373623160606831,backtest (recipe chosen on these seasons),270.0,-340.0,23.0,30.0,2023-09-17,away,SF,-340.0,≤ −250,0.740871613663133,W,0.29411764705882354,-0.04122497055359253,0.2591283863368669,0.29411764705882354,-9.396691752002036
2023_02_WAS_DEN,2023,2,DEN,WAS,0.0,0.6369041816941223,-2.0,4.0,0.6652933383808683,backtest (recipe chosen on these seasons),-198.0,164.0,33.0,35.0,2023-09-17,home,DEN,-198.0,−249 to −175,0.6369041816941223,L,-1.0,-0.04142703967248251,0.6369041816941223,-1.0,5.281412649491181
2023_03_ATL_DET,2023,3,DET,ATL,1.0,0.5996387718242023,14.0,3.0,0.5410296218330237,backtest (recipe chosen on these seasons),-166.0,140.0,20.0,6.0,2023-09-24,home,DET,-166.0,−174 to −130,0.5996387718242023,W,0.6024096385542169,-0.0391330523780854,0.5996387718242023,0.6024096385542169,1.2744562365223493
2023_03_BUF_WAS,2023,3,WAS,BUF,0.0,0.3194444444444444,-34.0,-5.5,0.2873939496211106,backtest (recipe chosen on these seasons),200.0,-245.0,3.0,37.0,2023-09-24,away,BUF,-245.0,−249 to −175,0.6805555555555556,W,0.40816326530612246,-0.04166666666666663,0.3194444444444444,0.40816326530612246,-6.939744886575907
2023_03_CAR_SEA,2023,3,SEA,CAR,1.0,0.6636481241914618,10.0,5.0,0.6408109087873474,backtest (recipe chosen on these seasons),-225.0,185.0,37.0,27.0,2023-09-24,home,SEA,-225.0,−249 to −175,0.6636481241914618,W,0.4444444444444444,-0.04139715394566629,0.6636481241914618,0.4444444444444444,4.460957978468324
2023_03_CHI_KC,2023,3,KC,CHI,1.0,0.8465011286681716,31.0,13.0,0.9206010919047541,backtest (recipe chosen on these seasons),-750.0,525.0,41.0,10.0,2023-09-24,home,KC,-750.0,≤ −250,0.8465011286681716,W,0.13333333333333333,-0.04063205417607217,0.8465011286681716,0.13333333333333333,17.430892715013478
2023_03_DAL_ARI,2023,3,ARI,DAL,1.0,0.16835016835016833,12.0,-11.5,0.1825838574586196,backtest (recipe chosen on these seasons),470.0,-650.0,28.0,16.0,2023-09-24,away,DAL,-650.0,≤ −250,0.8316498316498315,L,-1.0,-0.040404040404040525,0.16835016835016833,-1.0,-11.201802284087504
2023_03_DEN_MIA,2023,3,MIA,DEN,1.0,0.6853932584269663,50.0,6.0,0.6964057162726328,backtest (recipe chosen on these seasons),-250.0,205.0,70.0,20.0,2023-09-24,home,MIA,-250.0,≤ −250,0.6853932584269663,W,0.4,-0.04044943820224717,0.6853932584269663,0.4,6.359302166835515
2023_03_HOU_JAX,2023,3,JAX,HOU,0.0,0.7600000000000001,-20.0,7.5,0.7920646280499622,backtest (recipe chosen on these seasons),-380.0,300.0,17.0,37.0,2023-09-24,home,JAX,-380.0,≤ −250,0.7600000000000001,L,-1.0,-0.03999999999999987,0.7600000000000001,-1.0,10.064305262505062
2023_03_IND_BAL,2023,3,BAL,IND,0.0,0.7600000000000001,-3.0,7.5,0.7231749908946605,backtest (recipe chosen on these seasons),-380.0,300.0,19.0,22.0,2023-09-24,home,BAL,-380.0,≤ −250,0.7600000000000001,L,-1.0,-0.03999999999999987,0.7600000000000001,-1.0,7.326745414646578
2023_03_LAC_MIN,2023,3,MIN,LAC,0.0,0.5,-4.0,1.0,0.542705437908016,backtest (recipe chosen on these seasons),-110.0,-110.0,24.0,28.0,2023-09-24,home,MIN,-110.0,−129 to −100,0.5,L,-1.0,-0.04545454545454547,0.5,,1.3267062900663296
2023_03_LA_CIN,2023,3,CIN,LA,1.0,0.593369754159424,3.0,3.0,0.5625016709621936,backtest (recipe chosen on these seasons),-162.0,136.0,19.0,16.0,2023-09-25,home,CIN,-162.0,−174 to −130,0.593369754159424,W,0.6172839506172839,-0.04035261981624033,0.593369754159424,0.6172839506172839,1.945985625219534
2023_03_NE_NYJ,2023,3,NYJ,NE,0.0,0.43650793650793646,-5.0,-2.5,0.4130999069197598,backtest (recipe chosen on these seasons),120.0,-142.0,10.0,15.0,2023-09-24,away,NE,-142.0,−174 to −130,0.5634920634920635,W,0.704225352112676,-0.03968253968253971,0.43650793650793646,0.704225352112676,-2.7161800646125034
2023_03_NO_GB,2023,3,GB,NO,1.0,0.4675324675324675,1.0,-1.5,0.5256880644951669,backtest (recipe chosen on these seasons),105.0,-125.0,18.0,17.0,2023-09-24,home,GB,105.0,+100 to +129,0.4675324675324675,W,1.05,-0.04155844155844163,0.4675324675324675,-1.0,0.7970608092485282
2023_03_NYG_SF,2023,3,SF,NYG,1.0,0.8081570996978852,18.0,10.5,0.8072346441082903,backtest (recipe chosen on these seasons),-535.0,400.0,30.0,12.0,2023-09-21,home,SF,-535.0,≤ −250,0.8081570996978852,W,0.18691588785046728,-0.040785498489426,0.8081570996978852,0.18691588785046728,10.734078695763685
2023_03_PHI_TB,2023,3,TB,PHI,0.0,0.30920711694593195,-14.0,-6.0,0.2865915840217549,backtest (recipe chosen on these seasons),210.0,-258.0,11.0,25.0,2023-09-25,away,PHI,-258.0,≤ −250,0.690792883054068,W,0.3875968992248062,-0.041457937467611006,0.30920711694593195,0.3875968992248062,-6.968883139314546
2023_03_PIT_LV,2023,3,LV,PIT,0.0,0.5720596355604638,-5.0,3.0,0.6371414519807055,backtest (recipe chosen on these seasons),-148.0,124.0,18.0,23.0,2023-09-24,home,LV,-148.0,−174 to −130,0.5720596355604638,L,-1.0,-0.04141358365543907,0.5720596355604638,-1.0,4.339747202370354
2023_03_TEN_CLE,2023,3,CLE,TEN,1.0,0.6224665518611737,24.0,3.5,0.5513457233913616,backtest (recipe chosen on these seasons),-185.0,154.0,27.0,3.0,2023-09-24,home,CLE,-185.0,−249 to −175,0.6224665518611737,W,0.5405405405405406,-0.04106504172738101,0.6224665518611737,0.5405405405405406,1.5964975162857569
2023_04_ARI_SF,2023,4,SF,ARI,1.0,0.8800000000000001,19.0,15.0,0.8707972411793777,backtest (recipe chosen on these seasons),-1100.0,700.0,35.0,16.0,2023-10-01,home,SF,-1100.0,≤ −250,0.8800000000000001,W,0.09090909090909091,-0.03999999999999987,0.8800000000000001,0.09090909090909091,13.980175905363382
2023_04_ATL_JAX,2023,4,JAX,ATL,1.0,0.6224665518611737,16.0,3.5,0.6730837898066507,backtest (recipe chosen on these seasons),-185.0,154.0,23.0,7.0,2023-10-01,home,JAX,-185.0,−249 to −175,0.6224665518611737,W,0.5405405405405406,-0.04106504172738101,0.6224665518611737,0.5405405405405406,5.5472586665075285
2023_04_BAL_CLE,2023,4,CLE,BAL,0.0,0.448558885283451,-25.0,-2.0,0.4370540420118721,backtest (recipe chosen on these seasons),114.0,-135.0,3.0,28.0,2023-10-01,away,BAL,-135.0,−174 to −130,0.551441114716549,W,0.7407407407407407,-0.04008398549341474,0.448558885283451,0.7407407407407407,-1.9599343926604613
2023_04_CIN_TEN,2023,4,TEN,CIN,1.0,0.4066302458405761,24.0,-2.5,0.40481429739593106,backtest (recipe chosen on these seasons),136.0,-162.0,27.0,3.0,2023-10-01,away,CIN,-162.0,−174 to −130,0.593369754159424,L,-1.0,-0.04035261981624033,0.4066302458405761,-1.0,-2.979997276259747
2023_04_DEN_CHI,2023,4,CHI,DEN,0.0,0.4066302458405761,-3.0,-3.0,0.3359374332082605,backtest (recipe chosen on these seasons),136.0,-162.0,28.0,31.0,2023-10-01,away,DEN,-162.0,−174 to −130,0.593369754159424,W,0.6172839506172839,-0.04035261981624033,0.4066302458405761,0.6172839506172839,-5.239638426955016
2023_04_DET_GB,2023,4,GB,DET,0.0,0.43650793650793646,-14.0,-2.5,0.3952430303985235,backtest (recipe chosen on these seasons),120.0,-142.0,20.0,34.0,2023-09-28,away,DET,-142.0,−174 to −130,0.5634920634920635,W,0.704225352112676,-0.03968253968253971,0.43650793650793646,0.704225352112676,-3.2864552860769884
2023_04_KC_NYJ,2023,4,NYJ,KC,0.0,0.2042241228835748,-3.0,-9.5,0.14606137298339103,backtest (recipe chosen on these seasons),370.0,-485.0,20.0,23.0,2023-10-01,away,KC,-485.0,≤ −250,0.7957758771164253,W,0.20618556701030927,-0.04014662244719838,0.2042241228835748,0.20618556701030927,-13.031501961385842
2023_04_LA_IND,2023,4,IND,LA,0.0,0.4891657638136511,-6.0,-1.0,0.5148475070596258,backtest (recipe chosen on these seasons),-105.0,-115.0,23.0,29.0,2023-10-01,home,IND,-105.0,−129 to −100,0.4891657638136511,L,-1.0,-0.04496208017334791,0.4891657638136511,0.8695652173913043,0.46048285991270366
2023_04_LV_LAC,2023,4,LAC,LV,1.0,0.725752508361204,7.0,7.0,0.7061729851141947,backtest (recipe chosen on these seasons),-310.0,250.0,24.0,17.0,2023-10-01,home,LAC,-310.0,≤ −250,0.725752508361204,W,0.3225806451612903,-0.0401337792642141,0.725752508361204,0.3225806451612903,6.707493592769443
2023_04_MIA_BUF,2023,4,BUF,MIA,1.0,0.5634920634920635,28.0,2.5,0.5846612443242523,backtest (recipe chosen on these seasons),-142.0,120.0,48.0,20.0,2023-10-01,home,BUF,-142.0,−174 to −130,0.5634920634920635,W,0.704225352112676,-0.03968253968253971,0.5634920634920635,0.704225352112676,2.645110695928647
2023_04_MIN_CAR,2023,4,CAR,MIN,0.0,0.33635187580853815,-8.0,-4.5,0.2201934825738264,backtest (recipe chosen on these seasons),185.0,-225.0,13.0,21.0,2023-10-01,away,MIN,-225.0,−249 to −175,0.6636481241914618,W,0.4444444444444444,-0.04139715394566629,0.33635187580853815,0.4444444444444444,-9.543948911847778
2023_04_NE_DAL,2023,4,DAL,NE,1.0,0.7095435684647302,35.0,6.5,0.6899045293649492,backtest (recipe chosen on these seasons),-285.0,230.0,38.0,3.0,2023-10-01,home,DAL,-285.0,≤ −250,0.7095435684647302,W,0.3508771929824561,-0.04149377593361009,0.7095435684647302,0.3508771929824561,6.130321534139697
2023_04_PIT_HOU,2023,4,HOU,PIT,1.0,0.4066302458405761,24.0,-3.0,0.44337477535362046,backtest (recipe chosen on these seasons),136.0,-162.0,30.0,6.0,2023-10-01,away,PIT,-162.0,−174 to −130,0.593369754159424,L,-1.0,-0.04035261981624033,0.4066302458405761,-1.0,-1.7617152747176361
2023_04_SEA_NYG,2023,4,NYG,SEA,0.0,0.43650793650793646,-21.0,-2.5,0.4049942858172043,backtest (recipe chosen on these seasons),120.0,-142.0,3.0,24.0,2023-10-02,away,SEA,-142.0,−174 to −130,0.5634920634920635,W,0.704225352112676,-0.03968253968253971,0.43650793650793646,0.704225352112676,-2.974252380798907
2023_04_TB_NO,2023,4,NO,TB,0.0,0.644729178800233,-17.0,4.0,0.5409038877110426,backtest (recipe chosen on these seasons),-205.0,170.0,9.0,26.0,2023-10-01,home,NO,-205.0,−249 to −175,0.644729178800233,L,-1.0,-0.04076878276062901,0.644729178800233,-1.0,1.2705369169768495
2023_04_WAS_PHI,2023,4,PHI,WAS,1.0,0.7867435158501441,3.0,9.5,0.7753538369635777,backtest (recipe chosen on these seasons),-455.0,350.0,34.0,31.0,2023-10-01,home,PHI,-455.0,≤ −250,0.7867435158501441,W,0.21978021978021978,-0.04034582132564837,0.7867435158501441,0.21978021978021978,9.359084520135479
2023_05_BAL_PIT,2023,5,PIT,BAL,1.0,0.33099297893681046,7.0,-4.5,0.3136206699985582,backtest (recipe chosen on these seasons),190.0,-230.0,17.0,10.0,2023-10-08,away,BAL,-230.0,−249 to −175,0.6690070210631895,L,-1.0,-0.04012036108324979,0.33099297893681046,-1.0,-6.0070369545506415
2023_05_CAR_DET,2023,5,DET,CAR,1.0,0.7867435158501441,18.0,9.5,0.7972587112376381,backtest (recipe chosen on these seasons),-455.0,350.0,42.0,24.0,2023-10-08,home,DET,-455.0,≤ −250,0.7867435158501441,W,0.21978021978021978,-0.04034582132564837,0.7867435158501441,0.21978021978021978,10.290226409971662
2023_05_CHI_WAS,2023,5,WAS,CHI,0.0,0.690792883054068,-20.0,6.0,0.6433161797828136,backtest (recipe chosen on these seasons),-258.0,210.0,20.0,40.0,2023-10-05,home,WAS,-258.0,≤ −250,0.690792883054068,L,-1.0,-0.041457937467611006,0.690792883054068,-1.0,4.543958985387423
2023_05_CIN_ARI,2023,5,ARI,CIN,0.0,0.3962430290578221,-14.0,-3.0,0.4125538282378399,backtest (recipe chosen on these seasons),142.0,-170.0,20.0,34.0,2023-10-08,away,CIN,-170.0,−174 to −130,0.6037569709421778,W,0.5882352941176471,-0.0410918696800705,0.3962430290578221,0.5882352941176471,-2.733528148476678
2023_05_DAL_SF,2023,5,SF,DAL,1.0,0.6164383561643836,32.0,3.5,0.6201858487890428,backtest (recipe chosen on these seasons),-180.0,150.0,42.0,10.0,2023-10-08,home,SF,-180.0,−249 to −175,0.6164383561643836,W,0.5555555555555556,-0.041095890410958846,0.6164383561643836,0.5555555555555556,3.784835661831611
2023_05_GB_LV,2023,5,LV,GB,1.0,0.5173641257162701,4.0,1.0,0.5210367194868719,backtest (recipe chosen on these seasons),-118.0,-102.0,17.0,13.0,2023-10-09,home,LV,-118.0,−129 to −100,0.5173641257162701,W,0.847457627118644,-0.04419169994790778,0.5173641257162701,0.847457627118644,0.6525879712394551
2023_05_HOU_ATL,2023,5,ATL,HOU,1.0,0.5634920634920635,2.0,2.5,0.5243558653430774,backtest (recipe chosen on these seasons),-142.0,120.0,21.0,19.0,2023-10-08,home,ATL,-142.0,−174 to −130,0.5634920634920635,W,0.704225352112676,-0.03968253968253971,0.5634920634920635,0.704225352112676,0.7556718651214892
2023_05_JAX_BUF,2023,5,BUF,JAX,0.0,0.6853932584269663,-5.0,5.5,0.6349804460118021,backtest (recipe chosen on these seasons),-250.0,205.0,20.0,25.0,2023-10-08,home,BUF,-250.0,≤ −250,0.6853932584269663,L,-1.0,-0.04044943820224717,0.6853932584269663,-1.0,4.268559313480318
2023_05_KC_MIN,2023,5,MIN,KC,0.0,0.3835616438356164,-7.0,-3.5,0.37230298566967784,backtest (recipe chosen on these seasons),150.0,-180.0,20.0,27.0,2023-10-08,away,KC,-180.0,−249 to −175,0.6164383561643836,W,0.5555555555555556,-0.041095890410958846,0.3835616438356164,0.5555555555555556,-4.029650763434735
2023_05_NO_NE,2023,5,NE,NO,0.0,0.551441114716549,-34.0,2.5,0.5915866603935968,backtest (recipe chosen on these seasons),-135.0,114.0,0.0,34.0,2023-10-08,home,NE,-135.0,−174 to −130,0.551441114716549,L,-1.0,-0.04008398549341474,0.551441114716549,-1.0,2.8652427999106322
2023_05_NYG_MIA,2023,5,MIA,NYG,1.0,0.8465011286681716,15.0,12.5,0.8720238013102096,backtest (recipe chosen on these seasons),-750.0,525.0,31.0,16.0,2023-10-08,home,MIA,-750.0,≤ −250,0.8465011286681716,W,0.13333333333333333,-0.04063205417607217,0.8465011286681716,0.13333333333333333,14.052443161577074
2023_05_NYJ_DEN,2023,5,DEN,NYJ,0.0,0.551441114716549,-10.0,2.5,0.6416566341244189,backtest (recipe chosen on these seasons),-135.0,114.0,21.0,31.0,2023-10-08,home,DEN,-135.0,−174 to −130,0.551441114716549,L,-1.0,-0.04008398549341474,0.551441114716549,-1.0,4.488954687995198
2023_05_PHI_LA,2023,5,LA,PHI,0.0,0.3690596562184025,-9.0,-3.5,0.29050197151901097,backtest (recipe chosen on these seasons),160.0,-192.0,14.0,23.0,2023-10-08,away,PHI,-192.0,−249 to −175,0.6309403437815976,W,0.5208333333333334,-0.04044489383215366,0.3690596562184025,0.5208333333333334,-6.827236354352376
2023_05_TEN_IND,2023,5,IND,TEN,1.0,0.43650793650793646,7.0,-2.5,0.46139602895378984,backtest (recipe chosen on these seasons),120.0,-142.0,23.0,16.0,2023-10-08,away,TEN,-142.0,−174 to −130,0.5634920634920635,L,-1.0,-0.03968253968253971,0.43650793650793646,-1.0,-1.1988671904376034
2023_06_ARI_LA,2023,6,LA,ARI,1.0,0.740871613663133,17.0,7.0,0.6944301943679719,backtest (recipe chosen on these seasons),-340.0,270.0,26.0,9.0,2023-10-15,home,LA,-340.0,≤ −250,0.740871613663133,W,0.29411764705882354,-0.04122497055359253,0.740871613663133,0.29411764705882354,6.289494464918427
2023_06_BAL_TEN,2023,6,TEN,BAL,0.0,0.31460674157303364,-8.0,-5.5,0.3061173654977517,backtest (recipe chosen on these seasons),205.0,-250.0,16.0,24.0,2023-10-15,away,BAL,-250.0,≤ −250,0.6853932584269663,W,0.4,-0.04044943820224717,0.31460674157303364,0.4,-6.2701812014617095
2023_06_CAR_MIA,2023,6,MIA,CAR,1.0,0.8800000000000001,21.0,14.0,0.8971531025742928,backtest (recipe chosen on these seasons),-1100.0,700.0,42.0,21.0,2023-10-15,home,MIA,-1100.0,≤ −250,0.8800000000000001,W,0.09090909090909091,-0.03999999999999987,0.8800000000000001,0.09090909090909091,15.654178148928125
2023_06_DAL_LAC,2023,6,LAC,DAL,0.0,0.4572564612326044,-3.0,-1.5,0.4523122095556748,backtest (recipe chosen on these seasons),110.0,-130.0,17.0,20.0,2023-10-16,away,DAL,-130.0,−174 to −130,0.5427435387673957,W,0.7692307692307693,-0.03976143141153071,0.4572564612326044,0.7692307692307693,-1.4821940005391714
2023_06_DEN_KC,2023,6,KC,DEN,1.0,0.8316498316498315,11.0,10.5,0.8019308535857322,backtest (recipe chosen on these seasons),-650.0,470.0,19.0,8.0,2023-10-12,home,KC,-650.0,≤ −250,0.8316498316498315,W,0.15384615384615385,-0.040404040404040525,0.8316498316498315,0.15384615384615385,10.496417864256115
2023_06_DET_TB,2023,6,TB,DET,0.0,0.4066302458405761,-14.0,-3.0,0.4265901837059097,backtest (recipe chosen on these seasons),136.0,-162.0,6.0,20.0,2023-10-15,away,DET,-162.0,−174 to −130,0.593369754159424,W,0.6172839506172839,-0.04035261981624033,0.4066302458405761,0.6172839506172839,-2.28921755399302
2023_06_IND_JAX,2023,6,JAX,IND,1.0,0.644729178800233,17.0,4.0,0.6612297402180344,backtest (recipe chosen on these seasons),-205.0,170.0,37.0,20.0,2023-10-15,home,JAX,-205.0,−249 to −175,0.644729178800233,W,0.4878048780487805,-0.04076878276062901,0.644729178800233,0.4878048780487805,5.143713738046089
2023_06_MIN_CHI,2023,6,CHI,MIN,0.0,0.4003612281757977,-6.0,-3.0,0.2882555139839552,backtest (recipe chosen on these seasons),140.0,-166.0,13.0,19.0,2023-10-15,away,MIN,-166.0,−174 to −130,0.5996387718242023,W,0.6024096385542169,-0.0391330523780854,0.4003612281757977,0.6024096385542169,-6.908499614059301
2023_06_NE_LV,2023,6,LV,NE,1.0,0.5720596355604638,4.0,3.0,0.6067552771557063,backtest (recipe chosen on these seasons),-148.0,124.0,21.0,17.0,2023-10-15,home,LV,-148.0,−174 to −130,0.5720596355604638,W,0.6756756756756757,-0.04141358365543907,0.5720596355604638,0.6756756756756757,3.3506872074900964
2023_06_NO_HOU,2023,6,HOU,NO,1.0,0.4572564612326044,7.0,-2.0,0.5676354590603669,backtest (recipe chosen on these seasons),110.0,-130.0,20.0,13.0,2023-10-15,home,HOU,110.0,+100 to +129,0.4572564612326044,W,1.1,-0.03976143141153066,0.4572564612326044,-1.0,2.1073208864172406
2023_06_NYG_BUF,2023,6,BUF,NYG,1.0,0.8869565217391304,5.0,15.5,0.8987780533453311,backtest (recipe chosen on these seasons),-1200.0,750.0,14.0,9.0,2023-10-15,home,BUF,-1200.0,≤ −250,0.8869565217391304,W,0.08333333333333333,-0.03913043478260872,0.8869565217391304,0.08333333333333333,15.767045267485042
2023_06_PHI_NYJ,2023,6,NYJ,PHI,1.0,0.27792074112197634,6.0,-6.5,0.2682592032167011,backtest (recipe chosen on these seasons),245.0,-305.0,20.0,14.0,2023-10-15,away,PHI,-305.0,≤ −250,0.7220792588780237,L,-1.0,-0.04117344312918164,0.27792074112197634,-1.0,-7.645728397361906
2023_06_SEA_CIN,2023,6,CIN,SEA,1.0,0.5829926410466066,4.0,3.0,0.5511524900173447,backtest (recipe chosen on these seasons),-155.0,130.0,17.0,13.0,2023-10-15,home,CIN,-155.0,−174 to −130,0.5829926410466066,W,0.6451612903225806,-0.04088307440719552,0.5829926410466066,0.6451612903225806,1.5904560114891015
2023_06_SF_CLE,2023,6,CLE,SF,1.0,0.20863836017569545,2.0,-9.5,0.28254716107836425,backtest (recipe chosen on these seasons),360.0,-470.0,19.0,17.0,2023-10-15,away,SF,-470.0,≤ −250,0.7913616398243045,L,-1.0,-0.040263543191800893,0.20863836017569545,-1.0,-7.116353056479305
2023_06_WAS_ATL,2023,6,ATL,WAS,0.0,0.5324675324675325,-8.0,1.5,0.567521736686163,backtest (recipe chosen on these seasons),-125.0,105.0,16.0,24.0,2023-10-15,home,ATL,-125.0,−129 to −100,0.5324675324675325,L,-1.0,-0.041558441558441406,0.5324675324675325,-1.0,2.1037432448503393
2023_07_ARI_SEA,2023,7,SEA,ARI,1.0,0.7867435158501441,10.0,9.5,0.7904582642870396,backtest (recipe chosen on these seasons),-455.0,350.0,20.0,10.0,2023-10-22,home,SEA,-455.0,≤ −250,0.7867435158501441,W,0.21978021978021978,-0.04034582132564837,0.7867435158501441,0.21978021978021978,9.995112796275643
2023_07_ATL_TB,2023,7,TB,ATL,0.0,0.5720596355604638,-3.0,3.0,0.587761487739058,backtest (recipe chosen on these seasons),-148.0,124.0,13.0,16.0,2023-10-22,home,TB,-148.0,−174 to −130,0.5720596355604638,L,-1.0,-0.04141358365543907,0.5720596355604638,-1.0,2.743547701247786
2023_07_BUF_NE,2023,7,NE,BUF,1.0,0.23409789548356585,4.0,-7.5,0.20243764329161107,backtest (recipe chosen on these seasons),310.0,-395.0,29.0,25.0,2023-10-22,away,BUF,-395.0,≤ −250,0.7659021045164341,L,-1.0,-0.040198628517379986,0.23409789548356585,-1.0,-10.303539789926004
2023_07_CLE_IND,2023,7,IND,CLE,0.0,0.3835616438356164,-1.0,-3.5,0.4936713516813163,backtest (recipe chosen on these seasons),150.0,-180.0,38.0,39.0,2023-10-22,away,CLE,-180.0,−249 to −175,0.6164383561643836,W,0.5555555555555556,-0.041095890410958846,0.3835616438356164,0.5555555555555556,-0.19624057738029113
2023_07_DET_BAL,2023,7,BAL,DET,1.0,0.593369754159424,32.0,3.0,0.8081798760763461,backtest (recipe chosen on these seasons),-162.0,136.0,38.0,6.0,2023-10-22,home,BAL,-162.0,−174 to −130,0.593369754159424,W,0.6172839506172839,-0.04035261981624033,0.593369754159424,0.6172839506172839,10.77685077186529
2023_07_GB_DEN,2023,7,DEN,GB,1.0,0.5173641257162701,2.0,1.5,0.6013497523187445,backtest (recipe chosen on these seasons),-118.0,-102.0,19.0,17.0,2023-10-22,home,DEN,-118.0,−129 to −100,0.5173641257162701,W,0.847457627118644,-0.04419169994790778,0.5173641257162701,0.847457627118644,3.1771395567709844
2023_07_JAX_NO,2023,7,NO,JAX,0.0,0.5720596355604638,-7.0,2.5,0.477282388173957,backtest (recipe chosen on these seasons),-148.0,124.0,24.0,31.0,2023-10-19,away,JAX,124.0,+100 to +129,0.42794036443953615,W,1.24,-0.04141358365543912,0.5720596355604638,-1.0,-0.7047859295178842
2023_07_LAC_KC,2023,7,KC,LAC,1.0,0.6957699520733487,14.0,5.5,0.6783963738079128,backtest (recipe chosen on these seasons),-265.0,215.0,31.0,17.0,2023-10-22,home,KC,-265.0,≤ −250,0.6957699520733487,W,0.37735849056603776,-0.041675349031048026,0.6957699520733487,0.37735849056603776,5.730021553586298
2023_07_LV_CHI,2023,7,CHI,LV,1.0,0.43650793650793646,18.0,-2.5,0.43581997651034815,backtest (recipe chosen on these seasons),120.0,-142.0,30.0,12.0,2023-10-22,away,LV,-142.0,−174 to −130,0.5634920634920635,L,-1.0,-0.03968253968253971,0.43650793650793646,-1.0,-1.9986920593959334
2023_07_MIA_PHI,2023,7,PHI,MIA,1.0,0.5829926410466066,14.0,3.0,0.9265372592392344,backtest (recipe chosen on these seasons),-155.0,130.0,31.0,17.0,2023-10-22,home,PHI,-155.0,−174 to −130,0.5829926410466066,W,0.6451612903225806,-0.04088307440719552,0.5829926410466066,0.6451612903225806,17.942403461106352
2023_07_PIT_LA,2023,7,LA,PIT,0.0,0.6092362344582594,-7.0,3.5,0.5394118134018915,backtest (recipe chosen on these seasons),-175.0,145.0,17.0,24.0,2023-10-22,home,LA,-175.0,−249 to −175,0.6092362344582594,L,-1.0,-0.04262877442273533,0.6092362344582594,-1.0,1.2240363683119602
2023_07_SF_MIN,2023,7,MIN,SF,1.0,0.26645768025078376,5.0,-7.0,0.32262782204471807,backtest (recipe chosen on these seasons),260.0,-325.0,22.0,17.0,2023-10-23,away,SF,-325.0,≤ −250,0.7335423197492164,L,-1.0,-0.04075235109717859,0.26645768025078376,-1.0,-5.694691065274302
2023_07_WAS_NYG,2023,7,NYG,WAS,1.0,0.4066302458405761,7.0,-3.0,0.39799030993027606,backtest (recipe chosen on these seasons),136.0,-162.0,14.0,7.0,2023-10-22,away,WAS,-162.0,−174 to −130,0.593369754159424,L,-1.0,-0.04035261981624033,0.4066302458405761,-1.0,-3.1982930918034014
2023_08_ATL_TEN,2023,8,TEN,ATL,1.0,0.4572564612326044,5.0,-2.5,0.3979740416608529,backtest (recipe chosen on these seasons),110.0,-130.0,28.0,23.0,2023-10-29,away,ATL,-130.0,−174 to −130,0.5427435387673957,L,-1.0,-0.03976143141153071,0.4572564612326044,-1.0,-3.1988146700945492
2023_08_BAL_ARI,2023,8,ARI,BAL,0.0,0.19999999999999998,-7.0,-9.5,0.2977769078558289,backtest (recipe chosen on these seasons),380.0,-500.0,24.0,31.0,2023-10-29,away,BAL,-500.0,≤ −250,0.7999999999999999,W,0.2,-0.04000000000000006,0.19999999999999998,0.2,-6.56605961979513
2023_08_CHI_LAC,2023,8,LAC,CHI,1.0,0.7819063004846527,17.0,9.5,0.8125984281593998,backtest (recipe chosen on these seasons),-440.0,340.0,30.0,13.0,2023-10-29,home,LAC,-440.0,≤ −250,0.7819063004846527,W,0.22727272727272727,-0.04038772213247169,0.7819063004846527,0.22727272727272727,10.978527227234704
2023_08_CIN_SF,2023,8,SF,CIN,0.0,0.644729178800233,-14.0,4.0,0.6236320806666333,backtest (recipe chosen on these seasons),-205.0,170.0,17.0,31.0,2023-10-29,home,SF,-205.0,−249 to −175,0.644729178800233,L,-1.0,-0.04076878276062901,0.644729178800233,-1.0,3.8969705850830088
2023_08_CLE_SEA,2023,8,SEA,CLE,1.0,0.6369041816941223,4.0,4.0,0.6675742787470406,backtest (recipe chosen on these seasons),-198.0,164.0,24.0,20.0,2023-10-29,home,SEA,-198.0,−249 to −175,0.6369041816941223,W,0.5050505050505051,-0.04142703967248251,0.6369041816941223,0.5050505050505051,5.35899113669289
2023_08_HOU_CAR,2023,8,CAR,HOU,1.0,0.4066302458405761,2.0,-3.0,0.3776765791667335,backtest (recipe chosen on these seasons),136.0,-162.0,15.0,13.0,2023-10-29,away,HOU,-162.0,−174 to −130,0.593369754159424,L,-1.0,-0.04035261981624033,0.4066302458405761,-1.0,-3.854351645523317
2023_08_JAX_PIT,2023,8,PIT,JAX,0.0,0.448558885283451,-10.0,-2.5,0.36380135326512464,backtest (recipe chosen on these seasons),114.0,-135.0,10.0,20.0,2023-10-29,away,JAX,-135.0,−174 to −130,0.551441114716549,W,0.7407407407407407,-0.04008398549341474,0.448558885283451,0.7407407407407407,-4.30867176205413
2023_08_KC_DEN,2023,8,DEN,KC,1.0,0.2591283863368669,15.0,-7.0,0.23338618937497851,backtest (recipe chosen on these seasons),270.0,-340.0,24.0,9.0,2023-10-29,away,KC,-340.0,≤ −250,0.740871613663133,L,-1.0,-0.04122497055359253,0.2591283863368669,-1.0,-9.002151492401236
2023_08_LA_DAL,2023,8,DAL,LA,1.0,0.725752508361204,23.0,6.5,0.7772142723529653,backtest (recipe chosen on these seasons),-310.0,250.0,43.0,20.0,2023-10-29,home,DAL,-310.0,≤ −250,0.725752508361204,W,0.3225806451612903,-0.0401337792642141,0.725752508361204,0.3225806451612903,9.436068809868647
2023_08_LV_DET,2023,8,DET,LV,1.0,0.740871613663133,12.0,7.0,0.7223489081168162,backtest (recipe chosen on these seasons),-340.0,270.0,26.0,14.0,2023-10-30,home,DET,-340.0,≤ −250,0.740871613663133,W,0.29411764705882354,-0.04122497055359253,0.740871613663133,0.29411764705882354,7.29624218859599
2023_08_MIN_GB,2023,8,GB,MIN,0.0,0.4956702459300312,-14.0,-1.0,0.3144640256918992,backtest (recipe chosen on these seasons),-108.0,-112.0,10.0,24.0,2023-10-29,away,MIN,-112.0,−129 to −100,0.5043297540699688,W,0.8928571428571429,-0.04537582265327328,0.4956702459300312,0.8928571428571429,-5.977631502549711
2023_08_NE_MIA,2023,8,MIA,NE,1.0,0.7600000000000001,14.0,7.5,0.7278373562947985,backtest (recipe chosen on these seasons),-380.0,300.0,31.0,17.0,2023-10-29,home,MIA,-380.0,≤ −250,0.7600000000000001,W,0.2631578947368421,-0.03999999999999987,0.7600000000000001,0.2631578947368421,7.499749736735405
2023_08_NO_IND,2023,8,IND,NO,0.0,0.4572564612326044,-11.0,-2.0,0.5438096078897866,backtest (recipe chosen on these seasons),110.0,-130.0,27.0,38.0,2023-10-29,home,IND,110.0,+100 to +129,0.4572564612326044,L,-1.0,-0.03976143141153066,0.4572564612326044,0.7692307692307693,1.3611459464311055
2023_08_NYJ_NYG,2023,8,NYG,NYJ,0.0,0.4066302458405761,-3.0,-3.0,0.4353616669788568,backtest (recipe chosen on these seasons),136.0,-162.0,10.0,13.0,2023-10-29,away,NYJ,-162.0,−174 to −130,0.593369754159424,W,0.6172839506172839,-0.04035261981624033,0.4066302458405761,0.6172839506172839,-2.013090931163069
2023_08_PHI_WAS,2023,8,WAS,PHI,0.0,0.27792074112197634,-7.0,-7.0,0.34464352323498637,backtest (recipe chosen on these seasons),245.0,-305.0,31.0,38.0,2023-10-29,away,PHI,-305.0,≤ −250,0.7220792588780237,W,0.32786885245901637,-0.04117344312918164,0.27792074112197634,0.32786885245901637,-4.945807865914593
2023_08_TB_BUF,2023,8,BUF,TB,1.0,0.7957758771164253,6.0,10.0,0.7883106763282466,backtest (recipe chosen on these seasons),-485.0,370.0,24.0,18.0,2023-10-26,home,BUF,-485.0,≤ −250,0.7957758771164253,W,0.20618556701030927,-0.04014662244719838,0.7957758771164253,0.20618556701030927,9.903093123641371
2023_09_ARI_CLE,2023,9,CLE,ARI,1.0,0.8465011286681716,27.0,13.0,0.8513254739600302,backtest (recipe chosen on these seasons),-750.0,525.0,27.0,0.0,2023-11-05,home,CLE,-750.0,≤ −250,0.8465011286681716,W,0.13333333333333333,-0.04063205417607217,0.8465011286681716,0.13333333333333333,12.891211058105768
2023_09_BUF_CIN,2023,9,CIN,BUF,1.0,0.5324675324675325,6.0,1.5,0.4767915617132636,backtest (recipe chosen on these seasons),-125.0,105.0,24.0,18.0,2023-11-05,away,BUF,105.0,+100 to +129,0.4675324675324675,L,-1.0,-0.04155844155844163,0.5324675324675325,0.8,-0.7200302426577044
2023_09_CHI_NO,2023,9,NO,CHI,1.0,0.7819063004846527,7.0,9.0,0.7205566371446807,backtest (recipe chosen on these seasons),-440.0,340.0,24.0,17.0,2023-11-05,home,NO,-440.0,≤ −250,0.7819063004846527,W,0.22727272727272727,-0.04038772213247169,0.7819063004846527,0.22727272727272727,7.230214231379179
2023_09_DAL_PHI,2023,9,PHI,DAL,1.0,0.6092362344582594,5.0,3.5,0.6193668319784433,backtest (recipe chosen on these seasons),-175.0,145.0,28.0,23.0,2023-11-05,home,PHI,-175.0,−249 to −175,0.6092362344582594,W,0.5714285714285714,-0.04262877442273533,0.6092362344582594,0.5714285714285714,3.7582321752783194
2023_09_IND_CAR,2023,9,CAR,IND,0.0,0.4572564612326044,-14.0,-1.5,0.3921184912215218,backtest (recipe chosen on these seasons),110.0,-130.0,13.0,27.0,2023-11-05,away,IND,-130.0,−174 to −130,0.5427435387673957,W,0.7692307692307693,-0.03976143141153071,0.4572564612326044,0.7692307692307693,-3.3869275870875404
2023_09_LAC_NYJ,2023,9,NYJ,LAC,0.0,0.3962430290578221,-21.0,-3.0,0.34553388947318364,backtest (recipe chosen on these seasons),142.0,-170.0,6.0,27.0,2023-11-06,away,LAC,-170.0,−174 to −130,0.6037569709421778,W,0.5882352941176471,-0.0410918696800705,0.3962430290578221,0.5882352941176471,-4.915917466809491
2023_09_LA_GB,2023,9,GB,LA,1.0,0.6333661417322834,17.0,3.5,0.6326168890156602,backtest (recipe chosen on these seasons),-198.0,160.0,20.0,3.0,2023-11-05,home,GB,-198.0,−249 to −175,0.6333661417322834,W,0.5050505050505051,-0.046751968503937036,0.6333661417322834,0.5050505050505051,4.1908604283679844
2023_09_MIA_KC,2023,9,KC,MIA,1.0,0.5108342361863488,7.0,1.0,0.9005885664214713,backtest (recipe chosen on these seasons),-115.0,-105.0,21.0,14.0,2023-11-05,home,KC,-115.0,−129 to −100,0.5108342361863488,W,0.8695652173913043,-0.04496208017334785,0.5108342361863488,0.8695652173913043,15.894367454751693
2023_09_MIN_ATL,2023,9,ATL,MIN,0.0,0.6309403437815976,-3.0,3.5,0.613742323947946,backtest (recipe chosen on these seasons),-192.0,160.0,28.0,31.0,2023-11-05,home,ATL,-192.0,−249 to −175,0.6309403437815976,L,-1.0,-0.04044489383215366,0.6309403437815976,-1.0,3.575997290859815
2023_09_NYG_LV,2023,9,LV,NYG,1.0,0.5173641257162701,24.0,1.0,0.5623791833101759,backtest (recipe chosen on these seasons),-118.0,-102.0,30.0,6.0,2023-11-05,home,LV,-118.0,−129 to −100,0.5173641257162701,W,0.847457627118644,-0.04419169994790778,0.5173641257162701,0.847457627118644,1.942140457492363
2023_09_SEA_BAL,2023,9,BAL,SEA,1.0,0.7001620745542949,34.0,6.0,0.6741091926620931,backtest (recipe chosen on these seasons),-270.0,220.0,37.0,3.0,2023-11-05,home,BAL,-270.0,≤ −250,0.7001620745542949,W,0.37037037037037035,-0.04051863857374405,0.7001620745542949,0.37037037037037035,5.582439044948355
2023_09_TB_HOU,2023,9,HOU,TB,1.0,0.5720596355604638,2.0,2.5,0.5689968432829361,backtest (recipe chosen on these seasons),-148.0,124.0,39.0,37.0,2023-11-05,home,HOU,-148.0,−174 to −130,0.5720596355604638,W,0.6756756756756757,-0.04141358365543907,0.5720596355604638,0.6756756756756757,2.150163040389592
2023_09_TEN_PIT,2023,9,PIT,TEN,1.0,0.6092362344582594,4.0,3.5,0.622060970575935,backtest (recipe chosen on these seasons),-175.0,145.0,20.0,16.0,2023-11-02,home,PIT,-175.0,−249 to −175,0.6092362344582594,W,0.5714285714285714,-0.04262877442273533,0.6092362344582594,0.5714285714285714,3.845809986510496
2023_09_WAS_NE,2023,9,NE,WAS,0.0,0.5829926410466066,-3.0,2.5,0.5459414567497762,backtest (recipe chosen on these seasons),-155.0,130.0,17.0,20.0,2023-11-05,home,NE,-155.0,−174 to −130,0.5829926410466066,L,-1.0,-0.04088307440719552,0.5829926410466066,-1.0,1.4276695602881897
2023_10_ATL_ARI,2023,10,ARI,ATL,1.0,0.4572564612326044,2.0,-2.0,0.3815779038182633,backtest (recipe chosen on these seasons),110.0,-130.0,25.0,23.0,2023-11-12,away,ATL,-130.0,−174 to −130,0.5427435387673957,L,-1.0,-0.03976143141153071,0.4572564612326044,-1.0,-3.727566623341693
2023_10_CAR_CHI,2023,10,CHI,CAR,1.0,0.6164383561643836,3.0,3.0,0.6911500760206453,backtest (recipe chosen on these seasons),-180.0,150.0,16.0,13.0,2023-11-09,home,CHI,-180.0,−249 to −175,0.6164383561643836,W,0.5555555555555556,-0.041095890410958846,0.6164383561643836,0.5555555555555556,6.174026612734946
2023_10_CLE_BAL,2023,10,BAL,CLE,0.0,0.690792883054068,-2.0,6.0,0.7087064847577792,backtest (recipe chosen on these seasons),-258.0,210.0,31.0,33.0,2023-11-12,home,BAL,-258.0,≤ −250,0.690792883054068,L,-1.0,-0.041457937467611006,0.690792883054068,-1.0,6.798673319588367
2023_10_DEN_BUF,2023,10,BUF,DEN,0.0,0.7659021045164341,-2.0,7.5,0.7251529329747675,backtest (recipe chosen on these seasons),-395.0,310.0,22.0,24.0,2023-11-13,home,BUF,-395.0,≤ −250,0.7659021045164341,L,-1.0,-0.040198628517379986,0.7659021045164341,-1.0,7.399963120315578
2023_10_DET_LAC,2023,10,LAC,DET,0.0,0.43650793650793646,-3.0,-2.5,0.42015561138664415,backtest (recipe chosen on these seasons),120.0,-142.0,38.0,41.0,2023-11-12,away,DET,-142.0,−174 to −130,0.5634920634920635,W,0.704225352112676,-0.03968253968253971,0.43650793650793646,0.704225352112676,-2.4924981481430235
2023_10_GB_PIT,2023,10,PIT,GB,1.0,0.5996387718242023,4.0,3.0,0.6459870565750412,backtest (recipe chosen on these seasons),-166.0,140.0,23.0,19.0,2023-11-12,home,PIT,-166.0,−174 to −130,0.5996387718242023,W,0.6024096385542169,-0.0391330523780854,0.5996387718242023,0.6024096385542169,4.6326725901644865
2023_10_HOU_CIN,2023,10,CIN,HOU,0.0,0.6853932584269663,-3.0,5.5,0.6624631136563011,backtest (recipe chosen on these seasons),-250.0,205.0,27.0,30.0,2023-11-12,home,CIN,-250.0,≤ −250,0.6853932584269663,L,-1.0,-0.04044943820224717,0.6853932584269663,-1.0,5.185439666315143
2023_10_IND_NE,2023,10,NE,IND,0.0,0.4826358742837298,-4.0,-1.0,0.41667136295924617,backtest (recipe chosen on these seasons),-102.0,-118.0,6.0,10.0,2023-11-12,away,IND,-118.0,−129 to −100,0.5173641257162701,W,0.847457627118644,-0.04419169994790778,0.4826358742837298,0.847457627118644,-2.6028503591871854
2023_10_NO_MIN,2023,10,MIN,NO,1.0,0.4170073589533933,8.0,-3.0,0.5047478652060334,backtest (recipe chosen on these seasons),130.0,-155.0,27.0,19.0,2023-11-12,home,MIN,130.0,+130 to +174,0.4170073589533933,W,1.3,-0.0408830744071953,0.4170073589533933,-1.0,0.14722049270872245
2023_10_NYG_DAL,2023,10,DAL,NYG,1.0,0.9197080291970804,32.0,17.5,0.9372340996188561,backtest (recipe chosen on these seasons),-2100.0,1100.0,49.0,17.0,2023-11-12,home,DAL,-2100.0,≤ −250,0.9197080291970804,W,0.047619047619047616,-0.036496350364963404,0.9197080291970804,0.047619047619047616,18.950370515488224
2023_10_NYJ_LV,2023,10,LV,NYJ,1.0,0.4891657638136511,4.0,-1.0,0.4711441468142472,backtest (recipe chosen on these seasons),-105.0,-115.0,16.0,12.0,2023-11-12,away,NYJ,-115.0,−129 to −100,0.5108342361863488,L,-1.0,-0.04496208017334785,0.4891657638136511,-1.0,-0.8955148050712378
2023_10_SF_JAX,2023,10,JAX,SF,0.0,0.3962430290578221,-31.0,-3.0,0.4643841640855051,backtest (recipe chosen on these seasons),142.0,-170.0,3.0,34.0,2023-11-12,away,SF,-170.0,−174 to −130,0.6037569709421778,W,0.5882352941176471,-0.0410918696800705,0.3962430290578221,0.5882352941176471,-1.1058109949129382
2023_10_TEN_TB,2023,10,TB,TEN,1.0,0.5634920634920635,14.0,2.5,0.6448544169510546,backtest (recipe chosen on these seasons),-142.0,120.0,20.0,6.0,2023-11-12,home,TB,-142.0,−174 to −130,0.5634920634920635,W,0.704225352112676,-0.03968253968253971,0.5634920634920635,0.704225352112676,4.595022945393736
2023_10_WAS_SEA,2023,10,SEA,WAS,1.0,0.7001620745542949,3.0,6.0,0.676357167038313,backtest (recipe chosen on these seasons),-270.0,220.0,29.0,26.0,2023-11-12,home,SEA,-270.0,≤ −250,0.7001620745542949,W,0.37037037037037035,-0.04051863857374405,0.7001620745542949,0.37037037037037035,5.659723191788181
2023_11_ARI_HOU,2023,11,HOU,ARI,1.0,0.6853932584269663,5.0,5.5,0.7799996272179032,backtest (recipe chosen on these seasons),-250.0,205.0,21.0,16.0,2023-11-19,home,HOU,-250.0,≤ −250,0.6853932584269663,W,0.4,-0.04044943820224717,0.6853932584269663,0.4,9.552014485680118
2023_11_CHI_DET,2023,11,DET,CHI,1.0,0.7819063004846527,5.0,8.0,0.7858644647029637,backtest (recipe chosen on these seasons),-440.0,340.0,31.0,26.0,2023-11-19,home,DET,-440.0,≤ −250,0.7819063004846527,W,0.22727272727272727,-0.04038772213247169,0.7819063004846527,0.22727272727272727,9.798941078536256
2023_11_CIN_BAL,2023,11,BAL,CIN,1.0,0.644729178800233,14.0,4.0,0.5694065158602679,backtest (recipe chosen on these seasons),-205.0,170.0,34.0,20.0,2023-11-16,home,BAL,-205.0,−249 to −175,0.644729178800233,W,0.4878048780487805,-0.04076878276062901,0.644729178800233,0.4878048780487805,2.163060280139487
2023_11_DAL_CAR,2023,11,CAR,DAL,0.0,0.16835016835016833,-23.0,-11.0,0.17263682715921982,backtest (recipe chosen on these seasons),470.0,-650.0,10.0,33.0,2023-11-19,away,DAL,-650.0,≤ −250,0.8316498316498315,W,0.15384615384615385,-0.040404040404040525,0.16835016835016833,0.15384615384615385,-11.674762588462862
2023_11_LAC_GB,2023,11,GB,LAC,1.0,0.4066302458405761,3.0,-3.0,0.3273273183574061,backtest (recipe chosen on these seasons),136.0,-162.0,23.0,20.0,2023-11-19,away,LAC,-162.0,−174 to −130,0.593369754159424,L,-1.0,-0.04035261981624033,0.4066302458405761,-1.0,-5.53316663065645
2023_11_LV_MIA,2023,11,MIA,LV,1.0,0.8800000000000001,7.0,14.0,0.8997131865156722,backtest (recipe chosen on these seasons),-1100.0,700.0,20.0,13.0,2023-11-19,home,MIA,-1100.0,≤ −250,0.8800000000000001,W,0.09090909090909091,-0.03999999999999987,0.8800000000000001,0.09090909090909091,15.832597949137492
2023_11_MIN_DEN,2023,11,DEN,MIN,1.0,0.5634920634920635,1.0,2.5,0.5633969873749065,backtest (recipe chosen on these seasons),-142.0,120.0,21.0,20.0,2023-11-19,home,DEN,-142.0,−174 to −130,0.5634920634920635,W,0.704225352112676,-0.03968253968253971,0.5634920634920635,0.704225352112676,1.9740973919478013
2023_11_NYG_WAS,2023,11,WAS,NYG,0.0,0.7659021045164341,-12.0,7.5,0.79250291720924,backtest (recipe chosen on these seasons),-395.0,310.0,19.0,31.0,2023-11-19,home,WAS,-395.0,≤ −250,0.7659021045164341,L,-1.0,-0.040198628517379986,0.7659021045164341,-1.0,10.083238833561278
2023_11_NYJ_BUF,2023,11,BUF,NYJ,1.0,0.7659021045164341,26.0,8.0,0.7302415119223545,backtest (recipe chosen on these seasons),-395.0,310.0,32.0,6.0,2023-11-19,home,BUF,-395.0,≤ −250,0.7659021045164341,W,0.25316455696202533,-0.040198628517379986,0.7659021045164341,0.25316455696202533,7.589534086013972
2023_11_PHI_KC,2023,11,KC,PHI,0.0,0.5720596355604638,-4.0,2.5,0.6529636213704749,backtest (recipe chosen on these seasons),-148.0,124.0,17.0,21.0,2023-11-20,home,KC,-148.0,−174 to −130,0.5720596355604638,L,-1.0,-0.04141358365543907,0.5720596355604638,-1.0,4.865542453263264
2023_11_PIT_CLE,2023,11,CLE,PIT,1.0,0.5634920634920635,3.0,2.5,0.5679857338989955,backtest (recipe chosen on these seasons),-142.0,120.0,13.0,10.0,2023-11-19,home,CLE,-142.0,−174 to −130,0.5634920634920635,W,0.704225352112676,-0.03968253968253971,0.5634920634920635,0.704225352112676,2.1183414437580983
2023_11_SEA_LA,2023,11,LA,SEA,1.0,0.551441114716549,1.0,2.5,0.5183979013347915,backtest (recipe chosen on these seasons),-135.0,114.0,17.0,16.0,2023-11-19,home,LA,-135.0,−174 to −130,0.551441114716549,W,0.7407407407407407,-0.04008398549341474,0.551441114716549,0.7407407407407407,0.5706659312570711
2023_11_TB_SF,2023,11,SF,TB,1.0,0.8677165354330709,13.0,13.5,0.8700136756778112,backtest (recipe chosen on these seasons),-950.0,625.0,27.0,14.0,2023-11-19,home,SF,-950.0,≤ −250,0.8677165354330709,W,0.10526315789473684,-0.04094488188976372,0.8677165354330709,0.10526315789473684,13.934257974105721
2023_11_TEN_JAX,2023,11,JAX,TEN,1.0,0.7135512302607419,20.0,6.5,0.8088233064975666,backtest (recipe chosen on these seasons),-290.0,235.0,34.0,14.0,2023-11-19,home,JAX,-290.0,≤ −250,0.7135512302607419,W,0.3448275862068966,-0.04039662137348507,0.7135512302607419,0.3448275862068966,10.806040072234463
2023_12_BAL_LAC,2023,12,LAC,BAL,0.0,0.3962430290578221,-10.0,-3.0,0.3924644329102493,backtest (recipe chosen on these seasons),142.0,-170.0,10.0,20.0,2023-11-26,away,BAL,-170.0,−174 to −130,0.6037569709421778,W,0.5882352941176471,-0.0410918696800705,0.3962430290578221,0.5882352941176471,-3.3757926431062226
2023_12_BUF_PHI,2023,12,PHI,BUF,1.0,0.5720596355604638,3.0,2.5,0.5290927818349462,backtest (recipe chosen on these seasons),-148.0,124.0,37.0,34.0,2023-11-26,home,PHI,-148.0,−174 to −130,0.5720596355604638,W,0.6756756756756757,-0.04141358365543907,0.5720596355604638,0.6756756756756757,0.902880685189081
2023_12_CAR_TEN,2023,12,TEN,CAR,1.0,0.6092362344582594,7.0,3.5,0.6755781896972104,backtest (recipe chosen on these seasons),-175.0,145.0,17.0,10.0,2023-11-26,home,TEN,-175.0,−249 to −175,0.6092362344582594,W,0.5714285714285714,-0.04262877442273533,0.6092362344582594,0.5714285714285714,5.632917503781875
2023_12_CHI_MIN,2023,12,MIN,CHI,0.0,0.5996387718242023,-2.0,3.0,0.6824125821341538,backtest (recipe chosen on these seasons),-166.0,140.0,10.0,12.0,2023-11-27,home,MIN,-166.0,−174 to −130,0.5996387718242023,L,-1.0,-0.0391330523780854,0.5996387718242023,-1.0,5.869019534237358
2023_12_CLE_DEN,2023,12,DEN,CLE,1.0,0.5324675324675325,17.0,1.5,0.6993399552978713,backtest (recipe chosen on these seasons),-125.0,105.0,29.0,12.0,2023-11-26,home,DEN,-125.0,−129 to −100,0.5324675324675325,W,0.8,-0.041558441558441406,0.5324675324675325,0.8,6.463363332981199
2023_12_GB_DET,2023,12,DET,GB,0.0,0.7768331562167907,-7.0,8.5,0.8389661825932352,backtest (recipe chosen on these seasons),-425.0,330.0,22.0,29.0,2023-11-23,home,DET,-425.0,≤ −250,0.7768331562167907,L,-1.0,-0.040382571732199696,0.7768331562167907,-1.0,12.248995179509528
2023_12_JAX_HOU,2023,12,HOU,JAX,0.0,0.4891657638136511,-3.0,-1.0,0.4624648116084268,backtest (recipe chosen on these seasons),-105.0,-115.0,21.0,24.0,2023-11-26,away,JAX,-115.0,−129 to −100,0.5108342361863488,W,0.8695652173913043,-0.04496208017334785,0.4891657638136511,0.8695652173913043,-1.1655757511702365
2023_12_KC_LV,2023,12,LV,KC,0.0,0.19999999999999998,-14.0,-9.0,0.1743910727328871,backtest (recipe chosen on these seasons),380.0,-500.0,17.0,31.0,2023-11-26,away,KC,-500.0,≤ −250,0.7999999999999999,W,0.2,-0.04000000000000006,0.19999999999999998,0.2,-11.590122779874118
2023_12_LA_ARI,2023,12,ARI,LA,0.0,0.42794036443953615,-23.0,-3.0,0.41978566164914427,backtest (recipe chosen on these seasons),124.0,-148.0,14.0,37.0,2023-11-26,away,LA,-148.0,−174 to −130,0.5720596355604638,W,0.6756756756756757,-0.04141358365543907,0.42794036443953615,0.6756756756756757,-2.504205538422323
2023_12_MIA_NYJ,2023,12,NYJ,MIA,0.0,0.19999999999999998,-21.0,-9.5,0.3262086493415376,backtest (recipe chosen on these seasons),380.0,-500.0,13.0,34.0,2023-11-24,away,MIA,-500.0,≤ −250,0.7999999999999999,W,0.2,-0.04000000000000006,0.19999999999999998,0.2,-5.571529439442104
2023_12_NE_NYG,2023,12,NYG,NE,1.0,0.34252477380439467,3.0,-4.5,0.36119676615352836,backtest (recipe chosen on these seasons),180.0,-218.0,10.0,7.0,2023-11-26,away,NE,-218.0,−249 to −175,0.6574752261956054,L,-1.0,-0.04093063334769487,0.34252477380439467,-1.0,-4.394587445136669
2023_12_NO_ATL,2023,12,ATL,NO,1.0,0.4572564612326044,9.0,-2.0,0.5344518384464777,backtest (recipe chosen on these seasons),110.0,-130.0,24.0,15.0,2023-11-26,home,ATL,110.0,+100 to +129,0.4572564612326044,W,1.1,-0.03976143141153066,0.4572564612326044,-1.0,1.0695791256597125
2023_12_PIT_CIN,2023,12,CIN,PIT,0.0,0.448558885283451,-6.0,-2.0,0.5832908113720057,backtest (recipe chosen on these seasons),114.0,-135.0,10.0,16.0,2023-11-26,home,CIN,114.0,+100 to +129,0.448558885283451,L,-1.0,-0.04008398549341485,0.448558885283451,0.7407407407407407,2.601651257472593
2023_12_SF_SEA,2023,12,SEA,SF,0.0,0.2522172949002217,-18.0,-7.0,0.2271728470607377,backtest (recipe chosen on these seasons),280.0,-355.0,13.0,31.0,2023-11-23,away,SF,-355.0,≤ −250,0.7477827050997783,W,0.28169014084507044,-0.04157427937915739,0.2522172949002217,0.28169014084507044,-9.255107588307235
2023_12_TB_IND,2023,12,IND,TB,1.0,0.5829926410466066,7.0,2.5,0.6040073246701926,backtest (recipe chosen on these seasons),-155.0,130.0,27.0,20.0,2023-11-26,home,IND,-155.0,−174 to −130,0.5829926410466066,W,0.6451612903225806,-0.04088307440719552,0.5829926410466066,0.6451612903225806,3.262382258913565
2023_12_WAS_DAL,2023,12,DAL,WAS,1.0,0.8524590163934427,35.0,13.0,0.8021572269415679,backtest (recipe chosen on these seasons),-800.0,550.0,45.0,10.0,2023-11-23,home,DAL,-800.0,≤ −250,0.8524590163934427,W,0.125,-0.040983606557376984,0.8524590163934427,0.125,10.50648218866317
2023_13_ARI_PIT,2023,13,PIT,ARI,0.0,0.7095435684647302,-14.0,6.0,0.6878926508545233,backtest (recipe chosen on these seasons),-285.0,230.0,10.0,24.0,2023-12-03,home,PIT,-285.0,≤ −250,0.7095435684647302,L,-1.0,-0.04149377593361009,0.7095435684647302,-1.0,6.0598875828566205
2023_13_ATL_NYJ,2023,13,NYJ,ATL,0.0,0.4675324675324675,-5.0,-2.0,0.47734800818194284,backtest (recipe chosen on these seasons),105.0,-125.0,8.0,13.0,2023-12-03,away,ATL,-125.0,−129 to −100,0.5324675324675325,W,0.8,-0.041558441558441406,0.4675324675324675,0.8,-0.7027479548595293
2023_13_CAR_TB,2023,13,TB,CAR,1.0,0.6369041816941223,3.0,4.0,0.7570132788323688,backtest (recipe chosen on these seasons),-198.0,164.0,21.0,18.0,2023-12-03,home,TB,-198.0,−249 to −175,0.6369041816941223,W,0.5050505050505051,-0.04142703967248251,0.6369041816941223,0.5050505050505051,8.618517258925532
2023_13_CIN_JAX,2023,13,JAX,CIN,0.0,0.8118668596237336,-3.0,10.0,0.847062008404994,backtest (recipe chosen on these seasons),-550.0,410.0,31.0,34.0,2023-12-04,home,JAX,-550.0,≤ −250,0.8118668596237336,L,-1.0,-0.04052098408104207,0.8118668596237336,-1.0,12.665813922857602
2023_13_CLE_LA,2023,13,LA,CLE,1.0,0.6309403437815976,17.0,3.5,0.650039208025891,backtest (recipe chosen on these seasons),-192.0,160.0,36.0,19.0,2023-12-03,home,LA,-192.0,−249 to −175,0.6309403437815976,W,0.5208333333333334,-0.04044489383215366,0.6309403437815976,0.5208333333333334,4.767723603792495
2023_13_DEN_HOU,2023,13,HOU,DEN,1.0,0.6037569709421778,5.0,3.5,0.5904193007739104,backtest (recipe chosen on these seasons),-170.0,142.0,22.0,17.0,2023-12-03,home,HOU,-170.0,−174 to −130,0.6037569709421778,W,0.5882352941176471,-0.0410918696800705,0.6037569709421778,0.5882352941176471,2.828075232604277
2023_13_DET_NO,2023,13,NO,DET,0.0,0.3630958183058778,-5.0,-4.0,0.27469150837594447,backtest (recipe chosen on these seasons),164.0,-198.0,28.0,33.0,2023-12-03,away,DET,-198.0,−249 to −175,0.6369041816941223,W,0.5050505050505051,-0.04142703967248251,0.3630958183058778,0.5050505050505051,-7.405732430396437
2023_13_IND_TEN,2023,13,TEN,IND,0.0,0.4739134147382802,-3.0,-1.5,0.47838417986357107,backtest (recipe chosen on these seasons),102.0,-122.0,28.0,31.0,2023-12-03,away,IND,-122.0,−129 to −100,0.5260865852617197,W,0.819672131147541,-0.042694902228674,0.4739134147382802,0.819672131147541,-0.6705698410018546
2023_13_KC_GB,2023,13,GB,KC,1.0,0.30423004792665137,8.0,-5.5,0.2668466615185804,backtest (recipe chosen on these seasons),215.0,-265.0,27.0,19.0,2023-12-03,away,KC,-265.0,≤ −250,0.6957699520733487,L,-1.0,-0.041675349031048026,0.30423004792665137,-1.0,-7.698816236681589
2023_13_LAC_NE,2023,13,NE,LAC,0.0,0.33635187580853815,-6.0,-4.5,0.3171412538900749,backtest (recipe chosen on these seasons),185.0,-225.0,0.0,6.0,2023-12-03,away,LAC,-225.0,−249 to −175,0.6636481241914618,W,0.4444444444444444,-0.04139715394566629,0.33635187580853815,0.4444444444444444,-5.8845064486496454
2023_13_MIA_WAS,2023,13,WAS,MIA,0.0,0.2132564841498559,-30.0,-8.5,0.17746606999900427,backtest (recipe chosen on these seasons),350.0,-455.0,15.0,45.0,2023-12-03,away,MIA,-455.0,≤ −250,0.7867435158501441,W,0.21978021978021978,-0.04034582132564837,0.2132564841498559,0.21978021978021978,-11.443053040653249
2023_13_SEA_DAL,2023,13,DAL,SEA,1.0,0.7999999999999999,6.0,9.5,0.7695757325827195,backtest (recipe chosen on these seasons),-500.0,380.0,41.0,35.0,2023-11-30,home,DAL,-500.0,≤ −250,0.7999999999999999,W,0.2,-0.04000000000000006,0.7999999999999999,0.2,9.122260649876946
2023_13_SF_PHI,2023,13,PHI,SF,0.0,0.42794036443953615,-23.0,-3.0,0.4890119540642907,backtest (recipe chosen on these seasons),124.0,-148.0,19.0,42.0,2023-12-03,away,SF,-148.0,−174 to −130,0.5720596355604638,W,0.6756756756756757,-0.04141358365543907,0.42794036443953615,0.6756756756756757,-0.34074933861420464
2023_14_BUF_KC,2023,14,KC,BUF,0.0,0.5324675324675325,-3.0,2.0,0.4864252705289925,backtest (recipe chosen on these seasons),-125.0,105.0,17.0,20.0,2023-12-10,away,BUF,105.0,+100 to +129,0.4675324675324675,W,1.05,-0.04155844155844163,0.5324675324675325,-1.0,-0.42099278126398487
2023_14_CAR_NO,2023,14,NO,CAR,1.0,0.6805555555555556,22.0,5.5,0.729689619117661,backtest (recipe chosen on these seasons),-245.0,200.0,28.0,6.0,2023-12-10,home,NO,-245.0,−249 to −175,0.6805555555555556,W,0.40816326530612246,-0.04166666666666663,0.6805555555555556,0.40816326530612246,7.568888169651556
2023_14_DEN_LAC,2023,14,LAC,DEN,0.0,0.593369754159424,-17.0,3.0,0.515485390872432,backtest (recipe chosen on these seasons),-162.0,136.0,7.0,24.0,2023-12-10,home,LAC,-162.0,−174 to −130,0.593369754159424,L,-1.0,-0.04035261981624033,0.593369754159424,-1.0,0.48027602506873635
2023_14_DET_CHI,2023,14,CHI,DET,1.0,0.3962430290578221,15.0,-3.0,0.35630742728995984,backtest (recipe chosen on these seasons),142.0,-170.0,28.0,13.0,2023-12-10,away,DET,-170.0,−174 to −130,0.6037569709421778,L,-1.0,-0.0410918696800705,0.3962430290578221,-1.0,-4.556446694411405
2023_14_GB_NYG,2023,14,NYG,GB,1.0,0.30423004792665137,2.0,-6.0,0.31227284270134703,backtest (recipe chosen on these seasons),215.0,-265.0,24.0,22.0,2023-12-11,away,GB,-265.0,≤ −250,0.6957699520733487,L,-1.0,-0.041675349031048026,0.30423004792665137,-1.0,-6.054102577778197
2023_14_HOU_NYJ,2023,14,NYJ,HOU,1.0,0.39076376554174075,24.0,-3.5,0.38516812158258346,backtest (recipe chosen on these seasons),145.0,-175.0,30.0,6.0,2023-12-10,away,HOU,-175.0,−249 to −175,0.6092362344582594,L,-1.0,-0.04262877442273533,0.39076376554174075,-1.0,-3.6112372319510078
2023_14_IND_CIN,2023,14,CIN,IND,1.0,0.5720596355604638,20.0,3.0,0.5793557812462768,backtest (recipe chosen on these seasons),-148.0,124.0,34.0,14.0,2023-12-10,home,CIN,-148.0,−174 to −130,0.5720596355604638,W,0.6756756756756757,-0.04141358365543907,0.5720596355604638,0.6756756756756757,2.477039150156516
2023_14_JAX_CLE,2023,14,CLE,JAX,1.0,0.5634920634920635,4.0,2.5,0.5202109338057564,backtest (recipe chosen on these seasons),-142.0,120.0,31.0,27.0,2023-12-10,home,CLE,-142.0,−174 to −130,0.5634920634920635,W,0.704225352112676,-0.03968253968253971,0.5634920634920635,0.704225352112676,0.6269485684855304
2023_14_LA_BAL,2023,14,BAL,LA,1.0,0.7508125677139762,6.0,7.5,0.7338877379358663,backtest (recipe chosen on these seasons),-360.0,285.0,37.0,31.0,2023-12-10,home,BAL,-360.0,≤ −250,0.7508125677139762,W,0.2777777777777778,-0.040628385698808195,0.7508125677139762,0.2777777777777778,7.726473386007613
2023_14_MIN_LV,2023,14,LV,MIN,0.0,0.4170073589533933,-3.0,-3.0,0.370300513846908,backtest (recipe chosen on these seasons),130.0,-155.0,0.0,3.0,2023-12-10,away,MIN,-155.0,−174 to −130,0.5829926410466066,W,0.6451612903225806,-0.04088307440719552,0.4170073589533933,0.6451612903225806,-4.095181693437647
2023_14_NE_PIT,2023,14,PIT,NE,0.0,0.7001620745542949,-3.0,6.0,0.7768509045475788,backtest (recipe chosen on these seasons),-270.0,220.0,18.0,21.0,2023-12-07,home,PIT,-270.0,≤ −250,0.7001620745542949,L,-1.0,-0.04051863857374405,0.7001620745542949,-1.0,9.421004098835155
2023_14_PHI_DAL,2023,14,DAL,PHI,1.0,0.6092362344582594,20.0,3.5,0.5147883181232779,backtest (recipe chosen on these seasons),-175.0,145.0,33.0,13.0,2023-12-10,home,DAL,-175.0,−249 to −175,0.6092362344582594,W,0.5714285714285714,-0.04262877442273533,0.6092362344582594,0.5714285714285714,0.45864632205789374
2023_14_SEA_SF,2023,14,SF,SEA,1.0,0.8720930232558138,12.0,14.5,0.8631293543276284,backtest (recipe chosen on these seasons),-1000.0,650.0,28.0,16.0,2023-12-10,home,SF,-1000.0,≤ −250,0.8720930232558138,W,0.1,-0.04069767441860478,0.8720930232558138,0.1,13.538808550321024
2023_14_TB_ATL,2023,14,ATL,TB,0.0,0.5324675324675325,-4.0,1.5,0.5373723254853789,backtest (recipe chosen on these seasons),-125.0,105.0,25.0,29.0,2023-12-10,home,ATL,-125.0,−129 to −100,0.5324675324675325,L,-1.0,-0.041558441558441406,0.5324675324675325,-1.0,1.1605034925720372
2023_14_TEN_MIA,2023,14,MIA,TEN,0.0,0.8677165354330709,-1.0,14.0,0.8938043807588668,backtest (recipe chosen on these seasons),-950.0,625.0,27.0,28.0,2023-12-11,home,MIA,-950.0,≤ −250,0.8677165354330709,L,-1.0,-0.04094488188976372,0.8677165354330709,-1.0,15.425601159809753
2023_15_ATL_CAR,2023,15,CAR,ATL,1.0,0.4170073589533933,2.0,-3.0,0.43715623278708227,backtest (recipe chosen on these seasons),130.0,-155.0,9.0,7.0,2023-12-17,away,ATL,-155.0,−174 to −130,0.5829926410466066,L,-1.0,-0.04088307440719552,0.4170073589533933,-1.0,-1.956725806678531
2023_15_BAL_JAX,2023,15,JAX,BAL,0.0,0.33635187580853815,-16.0,-4.0,0.422310073012428,backtest (recipe chosen on these seasons),185.0,-225.0,7.0,23.0,2023-12-17,away,BAL,-225.0,−249 to −175,0.6636481241914618,W,0.4444444444444444,-0.04139715394566629,0.33635187580853815,0.4444444444444444,-2.424362274181968
2023_15_CHI_CLE,2023,15,CLE,CHI,1.0,0.5720596355604638,3.0,3.0,0.5508176578070947,backtest (recipe chosen on these seasons),-148.0,124.0,20.0,17.0,2023-12-17,home,CLE,-148.0,−174 to −130,0.5720596355604638,W,0.6756756756756757,-0.04141358365543907,0.5720596355604638,0.6756756756756757,1.5799882699745644
2023_15_DAL_BUF,2023,15,BUF,DAL,1.0,0.551441114716549,21.0,2.0,0.5580538517604744,backtest (recipe chosen on these seasons),-135.0,114.0,31.0,10.0,2023-12-17,home,BUF,-135.0,−174 to −130,0.551441114716549,W,0.7407407407407407,-0.04008398549341474,0.551441114716549,0.7407407407407407,1.8064758608777343
2023_15_DEN_DET,2023,15,DET,DEN,1.0,0.690792883054068,25.0,5.5,0.64926014367626,backtest (recipe chosen on these seasons),-258.0,210.0,42.0,17.0,2023-12-16,home,DET,-258.0,≤ −250,0.690792883054068,W,0.3875968992248062,-0.041457937467611006,0.690792883054068,0.3875968992248062,4.741715105692872
2023_15_HOU_TEN,2023,15,TEN,HOU,0.0,0.6037569709421778,-3.0,3.0,0.5966956397398895,backtest (recipe chosen on these seasons),-170.0,142.0,16.0,19.0,2023-12-17,home,TEN,-170.0,−174 to −130,0.6037569709421778,L,-1.0,-0.0410918696800705,0.6037569709421778,-1.0,3.028217110212101
2023_15_KC_NE,2023,15,NE,KC,0.0,0.2042241228835748,-10.0,-10.0,0.18686826308332857,backtest (recipe chosen on these seasons),370.0,-485.0,17.0,27.0,2023-12-17,away,KC,-485.0,≤ −250,0.7957758771164253,W,0.20618556701030927,-0.04014662244719838,0.2042241228835748,0.20618556701030927,-11.003066575146084
2023_15_LAC_LV,2023,15,LV,LAC,1.0,0.593369754159424,42.0,3.0,0.5813296709300426,backtest (recipe chosen on these seasons),-162.0,136.0,63.0,21.0,2023-12-14,home,LV,-162.0,−174 to −130,0.593369754159424,W,0.6172839506172839,-0.04035261981624033,0.593369754159424,0.6172839506172839,2.5395148593606267
2023_15_MIN_CIN,2023,15,CIN,MIN,1.0,0.6092362344582594,3.0,3.0,0.6488066050164961,backtest (recipe chosen on these seasons),-175.0,145.0,27.0,24.0,2023-12-16,home,CIN,-175.0,−249 to −175,0.6092362344582594,W,0.5714285714285714,-0.04262877442273533,0.6092362344582594,0.5714285714285714,4.72658370190052
2023_15_NYG_NO,2023,15,NO,NYG,1.0,0.6853932584269663,18.0,6.0,0.6408884912505439,backtest (recipe chosen on these seasons),-250.0,205.0,24.0,6.0,2023-12-17,home,NO,-250.0,≤ −250,0.6853932584269663,W,0.4,-0.04044943820224717,0.6853932584269663,0.4,4.463525297707802
2023_15_NYJ_MIA,2023,15,MIA,NYJ,1.0,0.7440690150970525,30.0,7.5,0.3189575904548214,backtest (recipe chosen on these seasons),-345.0,275.0,30.0,0.0,2023-12-17,away,NYJ,275.0,≥ +250,0.2559309849029475,L,-1.0,-0.04025880661394676,0.7440690150970525,0.2898550724637681,-5.821516435163871
2023_15_PHI_SEA,2023,15,SEA,PHI,1.0,0.3249687530045188,3.0,-5.0,0.28129139952474513,backtest (recipe chosen on these seasons),195.0,-238.0,20.0,17.0,2023-12-18,away,PHI,-238.0,−249 to −175,0.6750312469954812,L,-1.0,-0.0413421786366695,0.3249687530045188,-1.0,-7.162346855204991
2023_15_PIT_IND,2023,15,IND,PIT,1.0,0.5260865852617197,17.0,1.5,0.6033097622976279,backtest (recipe chosen on these seasons),-122.0,102.0,30.0,13.0,2023-12-16,home,IND,-122.0,−129 to −100,0.5260865852617197,W,0.819672131147541,-0.042694902228674,0.5260865852617197,0.819672131147541,3.2399928307743413
2023_15_SF_ARI,2023,15,ARI,SF,0.0,0.15349887133182846,-16.0,-12.5,0.1610754709513116,backtest (recipe chosen on these seasons),525.0,-750.0,29.0,45.0,2023-12-17,away,SF,-750.0,≤ −250,0.8465011286681716,W,0.13333333333333333,-0.04063205417607217,0.15349887133182846,0.13333333333333333,-12.246886577357111
2023_15_TB_GB,2023,15,GB,TB,0.0,0.6574752261956054,-14.0,4.0,0.6947180331431873,backtest (recipe chosen on these seasons),-218.0,180.0,20.0,34.0,2023-12-17,home,GB,-218.0,−249 to −175,0.6574752261956054,L,-1.0,-0.04093063334769487,0.6574752261956054,-1.0,6.299653121654044
2023_15_WAS_LA,2023,15,LA,WAS,1.0,0.7179705215419501,8.0,6.5,0.6204170806765418,backtest (recipe chosen on these seasons),-298.0,240.0,28.0,20.0,2023-12-17,home,LA,-298.0,≤ −250,0.7179705215419501,W,0.33557046979865773,-0.04109977324263042,0.7179705215419501,0.33557046979865773,3.7923497521889753
2023_16_ARI_CHI,2023,16,CHI,ARI,1.0,0.6574752261956054,11.0,4.5,0.6473012310379903,backtest (recipe chosen on these seasons),-218.0,180.0,27.0,16.0,2023-12-24,home,CHI,-218.0,−249 to −175,0.6574752261956054,W,0.45871559633027525,-0.04093063334769487,0.6574752261956054,0.45871559633027525,4.676410441456405
2023_16_BAL_SF,2023,16,SF,BAL,0.0,0.7440690150970525,-14.0,6.5,0.07936142964101789,backtest (recipe chosen on these seasons),-345.0,275.0,19.0,33.0,2023-12-25,away,BAL,275.0,≥ +250,0.2559309849029475,W,2.75,-0.04025880661394676,0.7440690150970525,-1.0,-17.434029570420975
2023_16_BUF_LAC,2023,16,LAC,BUF,0.0,0.1475409836065574,-2.0,-13.0,0.1492572430160899,backtest (recipe chosen on these seasons),550.0,-800.0,22.0,24.0,2023-12-23,away,BUF,-800.0,≤ −250,0.8524590163934427,W,0.125,-0.040983606557376984,0.1475409836065574,0.125,-12.860152503167068
2023_16_CIN_PIT,2023,16,PIT,CIN,1.0,0.4170073589533933,23.0,-3.0,0.38574871739105476,backtest (recipe chosen on these seasons),130.0,-155.0,34.0,11.0,2023-12-23,away,CIN,-155.0,−174 to −130,0.5829926410466066,L,-1.0,-0.04088307440719552,0.4170073589533933,-1.0,-3.5924551360522385
2023_16_CLE_HOU,2023,16,HOU,CLE,0.0,0.4066302458405761,-14.0,-3.0,0.47644673852169034,backtest (recipe chosen on these seasons),136.0,-162.0,22.0,36.0,2023-12-24,away,CLE,-162.0,−174 to −130,0.593369754159424,W,0.6172839506172839,-0.04035261981624033,0.4066302458405761,0.6172839506172839,-0.7307405719992314
2023_16_DAL_MIA,2023,16,MIA,DAL,1.0,0.5260865852617197,2.0,1.5,0.5102515544703797,backtest (recipe chosen on these seasons),-122.0,102.0,22.0,20.0,2023-12-24,home,MIA,-122.0,−129 to −100,0.5260865852617197,W,0.819672131147541,-0.042694902228674,0.5260865852617197,0.819672131147541,0.3179048560788062
2023_16_DET_MIN,2023,16,MIN,DET,0.0,0.42794036443953615,-6.0,-2.5,0.37737913549446656,backtest (recipe chosen on these seasons),124.0,-148.0,24.0,30.0,2023-12-24,away,DET,-148.0,−174 to −130,0.5720596355604638,W,0.6756756756756757,-0.04141358365543907,0.42794036443953615,0.6756756756756757,-3.864034416370596
2023_16_GB_CAR,2023,16,CAR,GB,0.0,0.3630958183058778,-3.0,-3.5,0.3602801150782276,backtest (recipe chosen on these seasons),164.0,-198.0,30.0,33.0,2023-12-24,away,GB,-198.0,−249 to −175,0.6369041816941223,W,0.5050505050505051,-0.04142703967248251,0.3630958183058778,0.5050505050505051,-4.424874659756775
2023_16_IND_ATL,2023,16,ATL,IND,1.0,0.5829926410466066,19.0,3.0,0.5180121951393702,backtest (recipe chosen on these seasons),-155.0,130.0,29.0,10.0,2023-12-24,home,ATL,-155.0,−174 to −130,0.5829926410466066,W,0.6451612903225806,-0.04088307440719552,0.5829926410466066,0.6451612903225806,0.5586938745143216
2023_16_JAX_TB,2023,16,TB,JAX,1.0,0.4675324675324675,18.0,-2.0,0.43222592849854413,backtest (recipe chosen on these seasons),105.0,-125.0,30.0,12.0,2023-12-24,away,JAX,-125.0,−129 to −100,0.5324675324675325,L,-1.0,-0.041558441558441406,0.4675324675324675,-1.0,-2.1116817938175987
2023_16_LV_KC,2023,16,KC,LV,0.0,0.8223350253807106,-6.0,11.0,0.8151930299257948,backtest (recipe chosen on these seasons),-600.0,440.0,14.0,20.0,2023-12-25,home,KC,-600.0,≤ −250,0.8223350253807106,L,-1.0,-0.040609137055837685,0.8223350253807106,-1.0,11.098323773926126
2023_16_NE_DEN,2023,16,DEN,NE,0.0,0.740871613663133,-3.0,7.0,0.8380793091457512,backtest (recipe chosen on these seasons),-340.0,270.0,23.0,26.0,2023-12-24,home,DEN,-340.0,≤ −250,0.740871613663133,L,-1.0,-0.04122497055359253,0.740871613663133,-1.0,12.204176131156066
2023_16_NO_LA,2023,16,LA,NO,1.0,0.6574752261956054,8.0,4.0,0.670150259289118,backtest (recipe chosen on these seasons),-218.0,180.0,30.0,22.0,2023-12-21,home,LA,-218.0,−249 to −175,0.6574752261956054,W,0.45871559633027525,-0.04093063334769487,0.6574752261956054,0.45871559633027525,5.446858770308588
2023_16_NYG_PHI,2023,16,PHI,NYG,1.0,0.863013698630137,8.0,14.0,0.8836183291431421,backtest (recipe chosen on these seasons),-900.0,600.0,33.0,25.0,2023-12-25,home,PHI,-900.0,≤ −250,0.863013698630137,W,0.1111111111111111,-0.0410958904109589,0.863013698630137,0.1111111111111111,14.760759566574476
2023_16_SEA_TEN,2023,16,TEN,SEA,0.0,0.4003612281757977,-3.0,-3.0,0.34840930475206255,backtest (recipe chosen on these seasons),140.0,-166.0,17.0,20.0,2023-12-24,away,SEA,-166.0,−174 to −130,0.5996387718242023,W,0.6024096385542169,-0.0391330523780854,0.4003612281757977,0.6024096385542169,-4.819581859055938
2023_16_WAS_NYJ,2023,16,NYJ,WAS,1.0,0.5996387718242023,2.0,3.0,0.6188871224453094,backtest (recipe chosen on these seasons),-166.0,140.0,30.0,28.0,2023-12-24,home,NYJ,-166.0,−174 to −130,0.5996387718242023,W,0.6024096385542169,-0.0391330523780854,0.5996387718242023,0.6024096385542169,3.742658219776888
2023_17_ARI_PHI,2023,17,PHI,ARI,0.0,0.8465011286681716,-4.0,12.0,0.8384162141813494,backtest (recipe chosen on these seasons),-750.0,525.0,31.0,35.0,2023-12-31,home,PHI,-750.0,≤ −250,0.8465011286681716,L,-1.0,-0.04063205417607217,0.8465011286681716,-1.0,12.221183071465028
2023_17_ATL_CHI,2023,17,CHI,ATL,1.0,0.5829926410466066,20.0,3.0,0.6434481162762061,backtest (recipe chosen on these seasons),-155.0,130.0,37.0,17.0,2023-12-31,home,CHI,-155.0,−174 to −130,0.5829926410466066,W,0.6451612903225806,-0.04088307440719552,0.5829926410466066,0.6451612903225806,4.548335757041575
2023_17_CAR_JAX,2023,17,JAX,CAR,1.0,0.6309403437815976,26.0,3.5,0.701045454910383,backtest (recipe chosen on these seasons),-192.0,160.0,26.0,0.0,2023-12-31,home,JAX,-192.0,−249 to −175,0.6309403437815976,W,0.5208333333333334,-0.04044489383215366,0.6309403437815976,0.5208333333333334,6.524058323109975
2023_17_CIN_KC,2023,17,KC,CIN,1.0,0.7440690150970525,8.0,7.5,0.6674224778538104,backtest (recipe chosen on these seasons),-345.0,275.0,25.0,17.0,2023-12-31,home,KC,-345.0,≤ −250,0.7440690150970525,W,0.2898550724637681,-0.04025880661394679,0.7440690150970525,0.2898550724637681,5.353821623262952
2023_17_DET_DAL,2023,17,DAL,DET,1.0,0.6750312469954812,1.0,5.5,0.5995731991618437,backtest (recipe chosen on these seasons),-238.0,195.0,20.0,19.0,2023-12-30,home,DAL,-238.0,−249 to −175,0.6750312469954812,W,0.42016806722689076,-0.0413421786366695,0.6750312469954812,0.42016806722689076,3.120240172102341
2023_17_GB_MIN,2023,17,MIN,GB,0.0,0.5043297540699688,-23.0,1.0,0.5328739607192479,backtest (recipe chosen on these seasons),-112.0,-108.0,10.0,33.0,2023-12-31,home,MIN,-112.0,−129 to −100,0.5043297540699688,L,-1.0,-0.04537582265327328,0.5043297540699688,-1.0,1.0204789497136646
2023_17_LAC_DEN,2023,17,DEN,LAC,1.0,0.6369041816941223,7.0,3.5,0.6766835941306862,backtest (recipe chosen on these seasons),-198.0,164.0,16.0,9.0,2023-12-31,home,DEN,-198.0,−249 to −175,0.6369041816941223,W,0.5050505050505051,-0.04142703967248251,0.6369041816941223,0.5050505050505051,5.670963899198715
2023_17_LA_NYG,2023,17,NYG,LA,0.0,0.2820294784580499,-1.0,-6.0,0.31226506779548857,backtest (recipe chosen on these seasons),240.0,-298.0,25.0,26.0,2023-12-31,away,LA,-298.0,≤ −250,0.7179705215419501,W,0.33557046979865773,-0.04109977324263042,0.2820294784580499,0.33557046979865773,-6.054374328317505
2023_17_LV_IND,2023,17,IND,LV,1.0,0.6164383561643836,3.0,3.5,0.6550449907257759,backtest (recipe chosen on these seasons),-180.0,150.0,23.0,20.0,2023-12-31,home,IND,-180.0,−249 to −175,0.6164383561643836,W,0.5555555555555556,-0.041095890410958846,0.6164383561643836,0.5555555555555556,4.935347722614174
2023_17_MIA_BAL,2023,17,BAL,MIA,1.0,0.6164383561643836,37.0,3.0,0.7757526856968832,backtest (recipe chosen on these seasons),-180.0,150.0,56.0,19.0,2023-12-31,home,BAL,-180.0,−249 to −175,0.6164383561643836,W,0.5555555555555556,-0.041095890410958846,0.6164383561643836,0.5555555555555556,9.375558167644831
2023_17_NE_BUF,2023,17,BUF,NE,1.0,0.8869565217391304,6.0,15.0,0.9064001242487011,backtest (recipe chosen on these seasons),-1200.0,750.0,27.0,21.0,2023-12-31,home,BUF,-1200.0,≤ −250,0.8869565217391304,W,0.08333333333333333,-0.03913043478260872,0.8869565217391304,0.08333333333333333,16.31489639237048
2023_17_NO_TB,2023,17,TB,NO,0.0,0.5720596355604638,-10.0,2.5,0.6352703187289895,backtest (recipe chosen on these seasons),-148.0,124.0,13.0,23.0,2023-12-31,home,TB,-148.0,−174 to −130,0.5720596355604638,L,-1.0,-0.04141358365543907,0.5720596355604638,-1.0,4.278100047224145
2023_17_NYJ_CLE,2023,17,CLE,NYJ,1.0,0.7415045018878884,17.0,6.5,0.18833172234159173,backtest (recipe chosen on these seasons),-345.0,270.0,37.0,20.0,2023-12-28,away,NYJ,270.0,≥ +250,0.25849549811211153,L,-1.0,-0.04356665698518736,0.7415045018878884,0.2898550724637681,-10.935830903738237
2023_17_PIT_SEA,2023,17,SEA,PIT,0.0,0.6636481241914618,-7.0,4.5,0.6653047143068523,backtest (recipe chosen on these seasons),-225.0,185.0,23.0,30.0,2023-12-31,home,SEA,-225.0,−249 to −175,0.6636481241914618,L,-1.0,-0.04139715394566629,0.6636481241914618,-1.0,5.28179904571373
2023_17_SF_WAS,2023,17,WAS,SF,0.0,0.12382234185733514,-17.0,-14.0,0.08940686143380498,backtest (recipe chosen on these seasons),675.0,-1050.0,10.0,27.0,2023-12-31,away,SF,-1050.0,≤ −250,0.8761776581426649,W,0.09523809523809523,-0.04037685060565273,0.12382234185733514,0.09523809523809523,-16.630432805125906
2023_17_TEN_HOU,2023,17,HOU,TEN,1.0,0.6690070210631895,23.0,5.0,0.6977967111758012,backtest (recipe chosen on these seasons),-230.0,190.0,26.0,3.0,2023-12-31,home,HOU,-230.0,−249 to −175,0.6690070210631895,W,0.43478260869565216,-0.04012036108324979,0.6690070210631895,0.43478260869565216,6.408576483087575
2023_18_ATL_NO,2023,18,NO,ATL,1.0,0.6092362344582594,31.0,3.5,0.6232968120476121,backtest (recipe chosen on these seasons),-175.0,145.0,48.0,17.0,2024-01-07,home,NO,-175.0,−249 to −175,0.6092362344582594,W,0.5714285714285714,-0.04262877442273533,0.6092362344582594,0.5714285714285714,3.8860475513645136
2023_18_BUF_MIA,2023,18,MIA,BUF,0.0,0.4170073589533933,-7.0,-2.5,0.37159741347531533,backtest (recipe chosen on these seasons),130.0,-155.0,14.0,21.0,2024-01-07,away,BUF,-155.0,−174 to −130,0.5829926410466066,W,0.6451612903225806,-0.04088307440719552,0.4170073589533933,0.6451612903225806,-4.052727631659815
2023_18_CHI_GB,2023,18,GB,CHI,1.0,0.5720596355604638,8.0,2.5,0.547020871836035,backtest (recipe chosen on these seasons),-148.0,124.0,17.0,9.0,2024-01-07,home,GB,-148.0,−174 to −130,0.5720596355604638,W,0.6756756756756757,-0.04141358365543907,0.5720596355604638,0.6756756756756757,1.4613679699762065
2023_18_CLE_CIN,2023,18,CIN,CLE,1.0,0.7508125677139762,17.0,7.5,0.812638196086585,backtest (recipe chosen on these seasons),-360.0,285.0,31.0,14.0,2024-01-07,home,CIN,-360.0,≤ −250,0.7508125677139762,W,0.2777777777777778,-0.040628385698808195,0.7508125677139762,0.2777777777777778,10.980355593502338
2023_18_DAL_WAS,2023,18,WAS,DAL,0.0,0.14205607476635515,-28.0,-13.0,0.12851223023013691,backtest (recipe chosen on these seasons),575.0,-850.0,10.0,38.0,2024-01-07,away,DAL,-850.0,≤ −250,0.8579439252336449,W,0.11764705882352941,-0.04112149532710273,0.14205607476635515,0.11764705882352941,-14.020802039737118
2023_18_DEN_LV,2023,18,LV,DEN,1.0,0.6092362344582594,13.0,3.5,0.5949874519826049,backtest (recipe chosen on these seasons),-175.0,145.0,27.0,14.0,2024-01-07,home,LV,-175.0,−249 to −175,0.6092362344582594,W,0.5714285714285714,-0.04262877442273533,0.6092362344582594,0.5714285714285714,2.9736695212195285
2023_18_HOU_IND,2023,18,IND,HOU,0.0,0.4675324675324675,-4.0,-1.5,0.4658318794739379,backtest (recipe chosen on these seasons),105.0,-125.0,19.0,23.0,2024-01-06,away,HOU,-125.0,−129 to −100,0.5324675324675325,W,0.8,-0.041558441558441406,0.4675324675324675,0.8,-1.0607492112691839
2023_18_JAX_TEN,2023,18,TEN,JAX,1.0,0.3775334481388264,8.0,-3.5,0.33340412557380206,backtest (recipe chosen on these seasons),154.0,-185.0,28.0,20.0,2024-01-07,away,JAX,-185.0,−249 to −175,0.6224665518611737,L,-1.0,-0.04106504172738101,0.3775334481388264,-1.0,-5.325688375876879
2023_18_KC_LAC,2023,18,LAC,KC,0.0,0.6224665518611737,-1.0,3.5,0.7269140602055091,backtest (recipe chosen on these seasons),-185.0,154.0,12.0,13.0,2024-01-07,home,LAC,-185.0,−249 to −175,0.6224665518611737,L,-1.0,-0.04106504172738101,0.6224665518611737,-1.0,7.46537378930052
2023_18_LA_SF,2023,18,SF,LA,0.0,0.6805555555555556,-1.0,5.5,0.7433188963306051,backtest (recipe chosen on these seasons),-245.0,200.0,20.0,21.0,2024-01-07,home,SF,-245.0,−249 to −175,0.6805555555555556,L,-1.0,-0.04166666666666663,0.6805555555555556,-1.0,8.085172833952216
2023_18_MIN_DET,2023,18,DET,MIN,1.0,0.644729178800233,10.0,3.5,0.6598688943565224,backtest (recipe chosen on these seasons),-205.0,170.0,30.0,20.0,2024-01-07,home,DET,-205.0,−249 to −175,0.644729178800233,W,0.4878048780487805,-0.04076878276062901,0.644729178800233,0.4878048780487805,5.097743115726455
2023_18_NYJ_NE,2023,18,NE,NYJ,0.0,0.5634920634920635,-14.0,2.5,0.597655825728436,backtest (recipe chosen on these seasons),-142.0,120.0,3.0,17.0,2024-01-07,home,NE,-142.0,−174 to −130,0.5634920634920635,L,-1.0,-0.03968253968253971,0.5634920634920635,-1.0,3.0589045499447867
2023_18_PHI_NYG,2023,18,NYG,PHI,1.0,0.32872981910134214,17.0,-4.5,0.3476129184409139,backtest (recipe chosen on these seasons),190.0,-238.0,27.0,10.0,2024-01-07,away,PHI,-238.0,−249 to −175,0.6712701808986579,L,-1.0,-0.04668352460610775,0.32872981910134214,-1.0,-4.846233843676697
2023_18_PIT_BAL,2023,18,BAL,PIT,0.0,0.4170073589533933,-7.0,-3.0,0.4129187641874752,backtest (recipe chosen on these seasons),130.0,-155.0,10.0,17.0,2024-01-06,away,PIT,-155.0,−174 to −130,0.5829926410466066,W,0.6451612903225806,-0.04088307440719552,0.4170073589533933,0.6451612903225806,-2.721934098158151
2023_18_SEA_ARI,2023,18,ARI,SEA,0.0,0.4170073589533933,-1.0,-2.5,0.3867446513579392,backtest (recipe chosen on these seasons),130.0,-155.0,20.0,21.0,2024-01-07,away,SEA,-155.0,−174 to −130,0.5829926410466066,W,0.6451612903225806,-0.04088307440719552,0.4170073589533933,0.6451612903225806,-3.560256230231147
2023_18_TB_CAR,2023,18,CAR,TB,0.0,0.3194444444444444,-9.0,-5.0,0.3175418604301985,backtest (recipe chosen on these seasons),200.0,-245.0,0.0,9.0,2024-01-07,away,TB,-245.0,−249 to −175,0.6805555555555556,W,0.40816326530612246,-0.04166666666666663,0.3194444444444444,0.40816326530612246,-5.870600468244531
2024_01_ARI_BUF,2024,1,BUF,ARI,1.0,0.725752508361204,6.0,6.5,0.6820082160098517,backtest (recipe chosen on these seasons),-310.0,250.0,34.0,28.0,2024-09-08,home,BUF,-310.0,≤ −250,0.725752508361204,W,0.3225806451612903,-0.0401337792642141,0.725752508361204,0.3225806451612903,5.854991419176075
2024_01_BAL_KC,2024,1,KC,BAL,1.0,0.5720596355604638,7.0,3.0,0.520004615181763,backtest (recipe chosen on these seasons),-148.0,124.0,27.0,20.0,2024-09-05,home,KC,-148.0,−174 to −130,0.5720596355604638,W,0.6756756756756757,-0.04141358365543907,0.5720596355604638,0.6756756756756757,0.6205431104957152
2024_01_CAR_NO,2024,1,NO,CAR,1.0,0.6309403437815976,37.0,3.5,0.5830108732263147,backtest (recipe chosen on these seasons),-192.0,160.0,47.0,10.0,2024-09-08,home,NO,-192.0,−249 to −175,0.6309403437815976,W,0.5208333333333334,-0.04044489383215366,0.6309403437815976,0.5208333333333334,2.5927777700415913
2024_01_DAL_CLE,2024,1,CLE,DAL,0.0,0.5427435387673957,-16.0,2.5,0.5655242287437181,backtest (recipe chosen on these seasons),-130.0,110.0,17.0,33.0,2024-09-08,home,CLE,-130.0,−174 to −130,0.5427435387673957,L,-1.0,-0.03976143141153071,0.5427435387673957,-1.0,2.040931180110866
2024_01_DEN_SEA,2024,1,SEA,DEN,1.0,0.705033164260632,6.0,6.5,0.7368604651298912,backtest (recipe chosen on these seasons),-278.0,225.0,26.0,20.0,2024-09-08,home,SEA,-278.0,≤ −250,0.705033164260632,W,0.3597122302158273,-0.04135778384705435,0.705033164260632,0.3597122302158273,7.838822668951588
2024_01_GB_PHI,2024,1,PHI,GB,1.0,0.5427435387673957,5.0,2.0,0.5642230991230409,backtest (recipe chosen on these seasons),-130.0,110.0,34.0,29.0,2024-09-06,home,PHI,-130.0,−174 to −130,0.5427435387673957,W,0.7692307692307693,-0.03976143141153071,0.5427435387673957,0.7692307692307693,2.0000452661226533
2024_01_HOU_IND,2024,1,IND,HOU,0.0,0.4170073589533933,-2.0,-3.0,0.3661578340227047,backtest (recipe chosen on these seasons),130.0,-155.0,27.0,29.0,2024-09-08,away,HOU,-155.0,−174 to −130,0.5829926410466066,W,0.6451612903225806,-0.04088307440719552,0.4170073589533933,0.6451612903225806,-4.231118992350831
2024_01_JAX_MIA,2024,1,MIA,JAX,1.0,0.6164383561643836,3.0,3.5,0.6016157795911917,backtest (recipe chosen on these seasons),-180.0,150.0,20.0,17.0,2024-09-08,home,MIA,-180.0,−249 to −175,0.6164383561643836,W,0.5555555555555556,-0.041095890410958846,0.6164383561643836,0.5555555555555556,3.185665629552366
2024_01_LA_DET,2024,1,DET,LA,1.0,0.6636481241914618,6.0,5.0,0.6796949941364866,backtest (recipe chosen on these seasons),-225.0,185.0,26.0,20.0,2024-09-08,home,DET,-225.0,−249 to −175,0.6636481241914618,W,0.4444444444444444,-0.04139715394566629,0.6636481241914618,0.4444444444444444,5.774885892302341
2024_01_LV_LAC,2024,1,LAC,LV,1.0,0.5829926410466066,12.0,3.0,0.6133837425697268,backtest (recipe chosen on these seasons),-155.0,130.0,22.0,10.0,2024-09-08,home,LAC,-155.0,−174 to −130,0.5829926410466066,W,0.6451612903225806,-0.04088307440719552,0.5829926410466066,0.6451612903225806,3.5644058935905973
2024_01_MIN_NYG,2024,1,NYG,MIN,0.0,0.4891657638136511,-22.0,-1.0,0.4494043783674957,backtest (recipe chosen on these seasons),-105.0,-115.0,6.0,28.0,2024-09-08,away,MIN,-115.0,−129 to −100,0.5108342361863488,W,0.8695652173913043,-0.04496208017334785,0.4891657638136511,0.8695652173913043,-1.5730474555220422
2024_01_NE_CIN,2024,1,CIN,NE,0.0,0.7571884984025559,-6.0,8.0,0.805642409336663,backtest (recipe chosen on these seasons),-375.0,295.0,10.0,16.0,2024-09-08,home,CIN,-375.0,≤ −250,0.7571884984025559,L,-1.0,-0.04089456869009592,0.7571884984025559,-1.0,10.662318162055684
2024_01_NYJ_SF,2024,1,SF,NYJ,1.0,0.6164383561643836,13.0,3.5,0.3622011992606013,backtest (recipe chosen on these seasons),-180.0,150.0,32.0,19.0,2024-09-09,away,NYJ,150.0,+130 to +174,0.3835616438356164,L,-1.0,-0.04109589041095896,0.6164383561643836,0.5555555555555556,-4.361430025918363
2024_01_PIT_ATL,2024,1,ATL,PIT,0.0,0.6309403437815976,-8.0,4.0,0.6196673643714087,backtest (recipe chosen on these seasons),-192.0,160.0,10.0,18.0,2024-09-08,home,ATL,-192.0,−249 to −175,0.6309403437815976,L,-1.0,-0.04044489383215366,0.6309403437815976,-1.0,3.767992110061071
2024_01_TEN_CHI,2024,1,CHI,TEN,1.0,0.6369041816941223,7.0,4.0,0.7119306591916941,backtest (recipe chosen on these seasons),-198.0,164.0,24.0,17.0,2024-09-08,home,CHI,-198.0,−249 to −175,0.6369041816941223,W,0.5050505050505051,-0.04142703967248251,0.6369041816941223,0.5050505050505051,6.915247583732293
2024_01_WAS_TB,2024,1,TB,WAS,1.0,0.6369041816941223,17.0,4.0,0.5291033300861138,backtest (recipe chosen on these seasons),-198.0,164.0,37.0,20.0,2024-09-08,home,TB,-198.0,−249 to −175,0.6369041816941223,W,0.5050505050505051,-0.04142703967248251,0.6369041816941223,0.5050505050505051,0.9032086274320053
2024_02_ATL_PHI,2024,2,PHI,ATL,0.0,0.6957699520733487,-1.0,5.5,0.7134761066013843,backtest (recipe chosen on these seasons),-265.0,215.0,21.0,22.0,2024-09-16,home,PHI,-265.0,≤ −250,0.6957699520733487,L,-1.0,-0.041675349031048026,0.6957699520733487,-1.0,6.971343120830002
2024_02_BUF_MIA,2024,2,MIA,BUF,0.0,0.551441114716549,-21.0,2.5,0.47449848217158347,backtest (recipe chosen on these seasons),-135.0,114.0,10.0,31.0,2024-09-12,away,BUF,114.0,+100 to +129,0.448558885283451,W,1.14,-0.04008398549341485,0.551441114716549,-1.0,-0.7912646253839283
2024_02_CHI_HOU,2024,2,HOU,CHI,1.0,0.690792883054068,6.0,6.0,0.7146469165392922,backtest (recipe chosen on these seasons),-258.0,210.0,19.0,13.0,2024-09-15,home,HOU,-258.0,≤ −250,0.690792883054068,W,0.3875968992248062,-0.041457937467611006,0.690792883054068,0.3875968992248062,7.013935924595133
2024_02_CIN_KC,2024,2,KC,CIN,1.0,0.7135512302607419,1.0,6.5,0.6896571291024575,backtest (recipe chosen on these seasons),-290.0,235.0,26.0,25.0,2024-09-15,home,KC,-290.0,≤ −250,0.7135512302607419,W,0.3448275862068966,-0.04039662137348507,0.7135512302607419,0.3448275862068966,6.121649607614654
2024_02_CLE_JAX,2024,2,JAX,CLE,0.0,0.6037569709421778,-5.0,3.0,0.6374740637402082,backtest (recipe chosen on these seasons),-170.0,142.0,13.0,18.0,2024-09-15,home,JAX,-170.0,−174 to −130,0.6037569709421778,L,-1.0,-0.0410918696800705,0.6037569709421778,-1.0,4.350716818995476
2024_02_IND_GB,2024,2,GB,IND,1.0,0.43650793650793646,6.0,-3.0,0.44183171845728597,backtest (recipe chosen on these seasons),120.0,-142.0,16.0,10.0,2024-09-15,away,IND,-142.0,−174 to −130,0.5634920634920635,L,-1.0,-0.03968253968253971,0.43650793650793646,-1.0,-1.8100620975933266
2024_02_LAC_CAR,2024,2,CAR,LAC,0.0,0.33635187580853815,-23.0,-5.0,0.35497573282564254,backtest (recipe chosen on these seasons),185.0,-225.0,3.0,26.0,2024-09-15,away,LAC,-225.0,−249 to −175,0.6636481241914618,W,0.4444444444444444,-0.04139715394566629,0.33635187580853815,0.4444444444444444,-4.600666151512623
2024_02_LA_ARI,2024,2,ARI,LA,1.0,0.4956702459300312,31.0,-1.0,0.5531848817990231,backtest (recipe chosen on these seasons),-108.0,-112.0,41.0,10.0,2024-09-15,home,ARI,-108.0,−129 to −100,0.4956702459300312,W,0.9259259259259259,-0.04537582265327328,0.4956702459300312,-1.0,1.6540186812492734
2024_02_LV_BAL,2024,2,BAL,LV,0.0,0.7867435158501441,-3.0,9.0,0.8455849420392227,backtest (recipe chosen on these seasons),-455.0,350.0,23.0,26.0,2024-09-15,home,BAL,-455.0,≤ −250,0.7867435158501441,L,-1.0,-0.04034582132564837,0.7867435158501441,-1.0,12.5887000123533
2024_02_NO_DAL,2024,2,DAL,NO,0.0,0.7135512302607419,-25.0,6.5,0.6679338187390154,backtest (recipe chosen on these seasons),-290.0,235.0,19.0,44.0,2024-09-15,home,DAL,-290.0,≤ −250,0.7135512302607419,L,-1.0,-0.04039662137348507,0.7135512302607419,-1.0,5.3712388513133416
2024_02_NYG_WAS,2024,2,WAS,NYG,1.0,0.5324675324675325,3.0,1.5,0.5539968649507138,backtest (recipe chosen on these seasons),-125.0,105.0,21.0,18.0,2024-09-15,home,WAS,-125.0,−129 to −100,0.5324675324675325,W,0.8,-0.041558441558441406,0.5324675324675325,0.8,1.6794254216730211
2024_02_NYJ_TEN,2024,2,TEN,NYJ,0.0,0.3835616438356164,-7.0,-3.5,0.3341031753887437,backtest (recipe chosen on these seasons),150.0,-180.0,17.0,24.0,2024-09-15,away,NYJ,-180.0,−249 to −175,0.6164383561643836,W,0.5555555555555556,-0.041095890410958846,0.3835616438356164,0.5555555555555556,-5.30191787064915
2024_02_PIT_DEN,2024,2,DEN,PIT,0.0,0.4170073589533933,-7.0,-3.0,0.40572630758973,backtest (recipe chosen on these seasons),130.0,-155.0,6.0,13.0,2024-09-15,away,PIT,-155.0,−174 to −130,0.5829926410466066,W,0.6451612903225806,-0.04088307440719552,0.4170073589533933,0.6451612903225806,-2.9508942028639233
2024_02_SEA_NE,2024,2,NE,SEA,0.0,0.3962430290578221,-3.0,-3.5,0.33081087398836306,backtest (recipe chosen on these seasons),142.0,-170.0,20.0,23.0,2024-09-15,away,SEA,-170.0,−174 to −130,0.6037569709421778,W,0.5882352941176471,-0.0410918696800705,0.3962430290578221,0.5882352941176471,-5.4140422521544895
2024_02_SF_MIN,2024,2,MIN,SF,1.0,0.34252477380439467,6.0,-4.5,0.326871306563911,backtest (recipe chosen on these seasons),180.0,-218.0,23.0,17.0,2024-09-15,away,SF,-218.0,−249 to −175,0.6574752261956054,L,-1.0,-0.04093063334769487,0.34252477380439467,-1.0,-5.548798316662654
2024_02_TB_DET,2024,2,DET,TB,0.0,0.7571884984025559,-4.0,7.5,0.7473980902717343,backtest (recipe chosen on these seasons),-375.0,295.0,16.0,20.0,2024-09-15,home,DET,-375.0,≤ −250,0.7571884984025559,L,-1.0,-0.04089456869009592,0.7571884984025559,-1.0,8.242431925787068
2024_03_BAL_DAL,2024,3,DAL,BAL,0.0,0.4782608695652174,-3.0,-1.5,0.4419334852424335,backtest (recipe chosen on these seasons),100.0,-120.0,25.0,28.0,2024-09-22,away,BAL,-120.0,−129 to −100,0.5217391304347826,W,0.8333333333333334,-0.043478260869565244,0.4782608695652174,0.8333333333333334,-1.8068727125420188
2024_03_CAR_LV,2024,3,LV,CAR,0.0,0.6805555555555556,-14.0,5.5,0.6740448204903267,backtest (recipe chosen on these seasons),-245.0,200.0,22.0,36.0,2024-09-22,home,LV,-245.0,−249 to −175,0.6805555555555556,L,-1.0,-0.04166666666666663,0.6805555555555556,-1.0,5.580229184815077
2024_03_CHI_IND,2024,3,IND,CHI,1.0,0.5324675324675325,5.0,1.5,0.539366444306991,backtest (recipe chosen on these seasons),-125.0,105.0,21.0,16.0,2024-09-22,home,IND,-125.0,−129 to −100,0.5324675324675325,W,0.8,-0.041558441558441406,0.5324675324675325,0.8,1.2226227131225658
2024_03_DEN_TB,2024,3,TB,DEN,0.0,0.6805555555555556,-19.0,6.0,0.6327687640784971,backtest (recipe chosen on these seasons),-245.0,200.0,7.0,26.0,2024-09-22,home,TB,-245.0,−249 to −175,0.6805555555555556,L,-1.0,-0.04166666666666663,0.6805555555555556,-1.0,4.195848124465655
2024_03_DET_ARI,2024,3,ARI,DET,0.0,0.42794036443953615,-7.0,-3.0,0.34874160713302005,backtest (recipe chosen on these seasons),124.0,-148.0,13.0,20.0,2024-09-22,away,DET,-148.0,−174 to −130,0.5720596355604638,W,0.6756756756756757,-0.04141358365543907,0.42794036443953615,0.6756756756756757,-4.80846759651708
2024_03_GB_TEN,2024,3,TEN,GB,0.0,0.593369754159424,-16.0,3.0,0.5806766096713428,backtest (recipe chosen on these seasons),-162.0,136.0,14.0,30.0,2024-09-22,home,TEN,-162.0,−174 to −130,0.593369754159424,L,-1.0,-0.04035261981624033,0.593369754159424,-1.0,2.5188376823035257
2024_03_HOU_MIN,2024,3,MIN,HOU,1.0,0.448558885283451,27.0,-2.0,0.49916146217867996,backtest (recipe chosen on these seasons),114.0,-135.0,34.0,7.0,2024-09-22,away,HOU,-135.0,−174 to −130,0.551441114716549,L,-1.0,-0.04008398549341474,0.448558885283451,-1.0,-0.026000554458825754
2024_03_JAX_BUF,2024,3,BUF,JAX,1.0,0.6574752261956054,37.0,4.0,0.6881639069683503,backtest (recipe chosen on these seasons),-218.0,180.0,47.0,10.0,2024-09-23,home,BUF,-218.0,−249 to −175,0.6574752261956054,W,0.45871559633027525,-0.04093063334769487,0.6574752261956054,0.45871559633027525,6.06937249982167
2024_03_KC_ATL,2024,3,ATL,KC,0.0,0.3962430290578221,-5.0,-3.0,0.42451984718559066,backtest (recipe chosen on these seasons),142.0,-170.0,17.0,22.0,2024-09-22,away,KC,-170.0,−174 to −130,0.6037569709421778,W,0.5882352941176471,-0.0410918696800705,0.3962430290578221,0.5882352941176471,-2.354553424493454
2024_03_LAC_PIT,2024,3,PIT,LAC,1.0,0.5720596355604638,10.0,3.0,0.5891509154946505,backtest (recipe chosen on these seasons),-148.0,124.0,20.0,10.0,2024-09-22,home,PIT,-148.0,−174 to −130,0.5720596355604638,W,0.6756756756756757,-0.04141358365543907,0.5720596355604638,0.6756756756756757,2.7877200187150604
2024_03_MIA_SEA,2024,3,SEA,MIA,1.0,0.644729178800233,21.0,4.0,0.6159415692843142,backtest (recipe chosen on these seasons),-205.0,170.0,24.0,3.0,2024-09-22,home,SEA,-205.0,−249 to −175,0.644729178800233,W,0.4878048780487805,-0.04076878276062901,0.644729178800233,0.4878048780487805,3.647158606230388
2024_03_NE_NYJ,2024,3,NYJ,NE,1.0,0.7095435684647302,21.0,6.5,0.7480223541598533,backtest (recipe chosen on these seasons),-285.0,230.0,24.0,3.0,2024-09-19,home,NYJ,-285.0,≤ −250,0.7095435684647302,W,0.3508771929824561,-0.04149377593361009,0.7095435684647302,0.3508771929824561,8.266615570774555
2024_03_NYG_CLE,2024,3,CLE,NYG,0.0,0.7001620745542949,-6.0,6.5,0.6770407775247538,backtest (recipe chosen on these seasons),-270.0,220.0,15.0,21.0,2024-09-22,home,CLE,-270.0,≤ −250,0.7001620745542949,L,-1.0,-0.04051863857374405,0.7001620745542949,-1.0,5.6832690859212045
2024_03_PHI_NO,2024,3,NO,PHI,0.0,0.5634920634920635,-3.0,2.5,0.5408858738327859,backtest (recipe chosen on these seasons),-142.0,120.0,12.0,15.0,2024-09-22,home,NO,-142.0,−174 to −130,0.5634920634920635,L,-1.0,-0.03968253968253971,0.5634920634920635,-1.0,1.2699754080602845
2024_03_SF_LA,2024,3,LA,SF,1.0,0.30920711694593195,3.0,-6.0,0.2535973243698908,backtest (recipe chosen on these seasons),210.0,-258.0,27.0,24.0,2024-09-22,away,SF,-258.0,≤ −250,0.690792883054068,L,-1.0,-0.041457937467611006,0.30920711694593195,-1.0,-8.20393511239323
2024_03_WAS_CIN,2024,3,CIN,WAS,0.0,0.7477827050997783,-5.0,7.5,0.710662252319003,backtest (recipe chosen on these seasons),-355.0,280.0,33.0,38.0,2024-09-23,home,CIN,-355.0,≤ −250,0.7477827050997783,L,-1.0,-0.04157427937915739,0.7477827050997783,-1.0,6.8693139339290115
2024_04_BUF_BAL,2024,4,BAL,BUF,1.0,0.551441114716549,25.0,2.5,0.5297059857961512,backtest (recipe chosen on these seasons),-135.0,114.0,35.0,10.0,2024-09-29,home,BAL,-135.0,−174 to −130,0.551441114716549,W,0.7407407407407407,-0.04008398549341474,0.551441114716549,0.7407407407407407,0.9219460900285384
2024_04_CIN_CAR,2024,4,CAR,CIN,0.0,0.35527082119976705,-10.0,-4.5,0.2653372374875936,backtest (recipe chosen on these seasons),170.0,-205.0,24.0,34.0,2024-09-29,away,CIN,-205.0,−249 to −175,0.644729178800233,W,0.4878048780487805,-0.04076878276062901,0.35527082119976705,0.4878048780487805,-7.75570241044882
2024_04_CLE_LV,2024,4,LV,CLE,1.0,0.448558885283451,4.0,-2.5,0.4308230499585155,backtest (recipe chosen on these seasons),114.0,-135.0,20.0,16.0,2024-09-29,away,CLE,-135.0,−174 to −130,0.551441114716549,L,-1.0,-0.04008398549341474,0.448558885283451,-1.0,-2.155832840825409
2024_04_DAL_NYG,2024,4,NYG,DAL,0.0,0.31460674157303364,-5.0,-5.5,0.3179325376596494,backtest (recipe chosen on these seasons),205.0,-250.0,15.0,20.0,2024-09-26,away,DAL,-250.0,≤ −250,0.6853932584269663,W,0.4,-0.04044943820224717,0.31460674157303364,0.4,-5.85704629906124
2024_04_DEN_NYJ,2024,4,NYJ,DEN,0.0,0.7768331562167907,-1.0,7.5,0.7589253157688481,backtest (recipe chosen on these seasons),-425.0,330.0,9.0,10.0,2024-09-29,home,NYJ,-425.0,≤ −250,0.7768331562167907,L,-1.0,-0.040382571732199696,0.7768331562167907,-1.0,8.694251824340459
2024_04_JAX_HOU,2024,4,HOU,JAX,1.0,0.6750312469954812,4.0,5.5,0.617504442634172,backtest (recipe chosen on these seasons),-238.0,195.0,24.0,20.0,2024-09-29,home,HOU,-238.0,−249 to −175,0.6750312469954812,W,0.42016806722689076,-0.0413421786366695,0.6750312469954812,0.42016806722689076,3.697802062905416
2024_04_KC_LAC,2024,4,LAC,KC,0.0,0.2559309849029475,-7.0,-7.5,0.2566240221645985,backtest (recipe chosen on these seasons),275.0,-345.0,10.0,17.0,2024-09-29,away,KC,-345.0,≤ −250,0.7440690150970525,W,0.2898550724637681,-0.04025880661394679,0.2559309849029475,0.2898550724637681,-8.087364362835222
2024_04_LA_CHI,2024,4,CHI,LA,1.0,0.593369754159424,6.0,3.0,0.5923399330042914,backtest (recipe chosen on these seasons),-162.0,136.0,24.0,18.0,2024-09-29,home,CHI,-162.0,−174 to −130,0.593369754159424,W,0.6172839506172839,-0.04035261981624033,0.593369754159424,0.6172839506172839,2.8892399667822404
2024_04_MIN_GB,2024,4,GB,MIN,0.0,0.551441114716549,-2.0,2.5,0.5535180995995158,backtest (recipe chosen on these seasons),-135.0,114.0,29.0,31.0,2024-09-29,home,GB,-135.0,−174 to −130,0.551441114716549,L,-1.0,-0.04008398549341474,0.551441114716549,-1.0,1.664444128822258
2024_04_NE_SF,2024,4,SF,NE,1.0,0.8118668596237336,17.0,10.5,0.8171736926890166,backtest (recipe chosen on these seasons),-550.0,410.0,30.0,13.0,2024-09-29,home,SF,-550.0,≤ −250,0.8118668596237336,W,0.18181818181818182,-0.04052098408104207,0.8118668596237336,0.18181818181818182,11.190479021199033
2024_04_NO_ATL,2024,4,ATL,NO,1.0,0.5634920634920635,2.0,2.5,0.5483744097106861,backtest (recipe chosen on these seasons),-142.0,120.0,26.0,24.0,2024-09-29,home,ATL,-142.0,−174 to −130,0.5634920634920635,W,0.704225352112676,-0.03968253968253971,0.5634920634920635,0.704225352112676,1.5036396191265267
2024_04_PHI_TB,2024,4,TB,PHI,1.0,0.4891657638136511,17.0,-1.0,0.44251740049979477,backtest (recipe chosen on these seasons),-105.0,-115.0,33.0,16.0,2024-09-29,away,PHI,-115.0,−129 to −100,0.5108342361863488,L,-1.0,-0.04496208017334785,0.4891657638136511,-1.0,-1.788575043028294
2024_04_PIT_IND,2024,4,IND,PIT,1.0,0.4572564612326044,3.0,-2.5,0.49925616123093314,backtest (recipe chosen on these seasons),110.0,-130.0,27.0,24.0,2024-09-29,away,PIT,-130.0,−174 to −130,0.5427435387673957,L,-1.0,-0.03976143141153071,0.4572564612326044,-1.0,-0.023064215944784822
2024_04_SEA_DET,2024,4,DET,SEA,1.0,0.6224665518611737,13.0,3.5,0.6542285391328533,backtest (recipe chosen on these seasons),-185.0,154.0,42.0,29.0,2024-09-30,home,DET,-185.0,−249 to −175,0.6224665518611737,W,0.5405405405405406,-0.04106504172738101,0.6224665518611737,0.5405405405405406,4.9079468363815755
2024_04_TEN_MIA,2024,4,MIA,TEN,0.0,0.551441114716549,-19.0,2.5,0.6351306046360432,backtest (recipe chosen on these seasons),-135.0,114.0,12.0,31.0,2024-09-30,home,MIA,-135.0,−174 to −130,0.551441114716549,L,-1.0,-0.04008398549341474,0.551441114716549,-1.0,4.273501246184244
2024_04_WAS_ARI,2024,4,ARI,WAS,0.0,0.6164383561643836,-28.0,3.5,0.5396780639719643,backtest (recipe chosen on these seasons),-180.0,150.0,14.0,42.0,2024-09-29,home,ARI,-180.0,−249 to −175,0.6164383561643836,L,-1.0,-0.041095890410958846,0.6164383561643836,-1.0,1.232332790056572
2024_05_ARI_SF,2024,5,SF,ARI,0.0,0.7335423197492164,-1.0,7.0,0.8877071767340289,backtest (recipe chosen on these seasons),-325.0,260.0,23.0,24.0,2024-10-06,home,SF,-325.0,≤ −250,0.7335423197492164,L,-1.0,-0.04075235109717859,0.7335423197492164,-1.0,15.022431644986705
2024_05_BAL_CIN,2024,5,CIN,BAL,0.0,0.42794036443953615,-3.0,-2.5,0.38631340007926196,backtest (recipe chosen on these seasons),124.0,-148.0,38.0,41.0,2024-10-06,away,BAL,-148.0,−174 to −130,0.5720596355604638,W,0.6756756756756757,-0.04141358365543907,0.42794036443953615,0.6756756756756757,-3.5741957663537853
2024_05_BUF_HOU,2024,5,HOU,BUF,1.0,0.5173641257162701,3.0,1.0,0.5246248194115852,backtest (recipe chosen on these seasons),-118.0,-102.0,23.0,20.0,2024-10-06,home,HOU,-118.0,−129 to −100,0.5173641257162701,W,0.847457627118644,-0.04419169994790778,0.5173641257162701,0.847457627118644,0.7640270701484936
2024_05_CAR_CHI,2024,5,CHI,CAR,1.0,0.6369041816941223,26.0,4.0,0.5877534287908547,backtest (recipe chosen on these seasons),-198.0,164.0,36.0,10.0,2024-10-06,home,CHI,-198.0,−249 to −175,0.6369041816941223,W,0.5050505050505051,-0.04142703967248251,0.6369041816941223,0.5050505050505051,2.7432915958743527
2024_05_CLE_WAS,2024,5,WAS,CLE,1.0,0.5829926410466066,21.0,3.0,0.6839476499780182,backtest (recipe chosen on these seasons),-155.0,130.0,34.0,13.0,2024-10-06,home,WAS,-155.0,−174 to −130,0.5829926410466066,W,0.6451612903225806,-0.04088307440719552,0.5829926410466066,0.6451612903225806,5.922342495542413
2024_05_DAL_PIT,2024,5,PIT,DAL,0.0,0.551441114716549,-3.0,2.5,0.518170927441012,backtest (recipe chosen on these seasons),-135.0,114.0,17.0,20.0,2024-10-06,home,PIT,-135.0,−174 to −130,0.551441114716549,L,-1.0,-0.04008398549341474,0.551441114716549,-1.0,0.5636207526846113
2024_05_GB_LA,2024,5,LA,GB,0.0,0.4170073589533933,-5.0,-3.0,0.3212132551072871,backtest (recipe chosen on these seasons),130.0,-155.0,19.0,24.0,2024-10-06,away,GB,-155.0,−174 to −130,0.5829926410466066,W,0.6451612903225806,-0.04088307440719552,0.4170073589533933,0.6451612903225806,-5.743500026229268
2024_05_IND_JAX,2024,5,JAX,IND,1.0,0.6224665518611737,3.0,3.5,0.630317415514491,backtest (recipe chosen on these seasons),-185.0,154.0,37.0,34.0,2024-10-06,home,JAX,-185.0,−249 to −175,0.6224665518611737,W,0.5405405405405406,-0.04106504172738101,0.6224665518611737,0.5405405405405406,4.115426584640839
2024_05_LV_DEN,2024,5,DEN,LV,1.0,0.5829926410466066,16.0,3.0,0.6438038373704448,backtest (recipe chosen on these seasons),-155.0,130.0,34.0,18.0,2024-10-06,home,DEN,-155.0,−174 to −130,0.5829926410466066,W,0.6451612903225806,-0.04088307440719552,0.5829926410466066,0.6451612903225806,4.560139046610144
2024_05_MIA_NE,2024,5,NE,MIA,0.0,0.4572564612326044,-5.0,-2.0,0.486734009682339,backtest (recipe chosen on these seasons),110.0,-130.0,10.0,15.0,2024-10-06,away,MIA,-130.0,−174 to −130,0.5427435387673957,W,0.7692307692307693,-0.03976143141153071,0.4572564612326044,0.7692307692307693,-0.4114142884285042
2024_05_NO_KC,2024,5,KC,NO,1.0,0.6690070210631895,13.0,5.5,0.6596818941408213,backtest (recipe chosen on these seasons),-230.0,190.0,26.0,13.0,2024-10-07,home,KC,-230.0,−249 to −175,0.6690070210631895,W,0.43478260869565216,-0.04012036108324979,0.6690070210631895,0.43478260869565216,5.091431589470662
2024_05_NYG_SEA,2024,5,SEA,NYG,0.0,0.725752508361204,-9.0,7.0,0.7315695391812126,backtest (recipe chosen on these seasons),-310.0,250.0,20.0,29.0,2024-10-06,home,SEA,-310.0,≤ −250,0.725752508361204,L,-1.0,-0.0401337792642141,0.725752508361204,-1.0,7.6393015689605885
2024_05_NYJ_MIN,2024,5,MIN,NYJ,1.0,0.5634920634920635,6.0,2.5,0.640009749075774,backtest (recipe chosen on these seasons),-142.0,120.0,23.0,17.0,2024-10-06,home,MIN,-142.0,−174 to −130,0.5634920634920635,W,0.704225352112676,-0.03968253968253971,0.5634920634920635,0.704225352112676,4.434457621975666
2024_05_TB_ATL,2024,5,ATL,TB,1.0,0.5634920634920635,6.0,2.5,0.6044042606123552,backtest (recipe chosen on these seasons),-142.0,120.0,36.0,30.0,2024-10-03,home,ATL,-142.0,−174 to −130,0.5634920634920635,W,0.704225352112676,-0.03968253968253971,0.5634920634920635,0.704225352112676,3.2751273482572634
2024_06_ARI_GB,2024,6,GB,ARI,1.0,0.6750312469954812,21.0,5.5,0.6699399141844742,backtest (recipe chosen on these seasons),-238.0,195.0,34.0,13.0,2024-10-13,home,GB,-238.0,−249 to −175,0.6750312469954812,W,0.42016806722689076,-0.0413421786366695,0.6750312469954812,0.42016806722689076,5.439673568751483
2024_06_ATL_CAR,2024,6,CAR,ATL,0.0,0.30920711694593195,-18.0,-6.0,0.29703328665713236,backtest (recipe chosen on these seasons),210.0,-258.0,20.0,38.0,2024-10-13,away,ATL,-258.0,≤ −250,0.690792883054068,W,0.3875968992248062,-0.041457937467611006,0.30920711694593195,0.3875968992248062,-6.592620430284062
2024_06_BUF_NYJ,2024,6,NYJ,BUF,0.0,0.4739134147382802,-3.0,-1.0,0.4539759547228116,backtest (recipe chosen on these seasons),102.0,-122.0,20.0,23.0,2024-10-14,away,BUF,-122.0,−129 to −100,0.5260865852617197,W,0.819672131147541,-0.042694902228674,0.4739134147382802,0.819672131147541,-1.4302475255572669
2024_06_CIN_NYG,2024,6,NYG,CIN,0.0,0.33099297893681046,-10.0,-4.5,0.27282209640152677,backtest (recipe chosen on these seasons),190.0,-230.0,7.0,17.0,2024-10-13,away,CIN,-230.0,−249 to −175,0.6690070210631895,W,0.43478260869565216,-0.04012036108324979,0.33099297893681046,0.43478260869565216,-7.475191252022391
2024_06_CLE_PHI,2024,6,PHI,CLE,1.0,0.7768331562167907,4.0,8.0,0.8531098839189504,backtest (recipe chosen on these seasons),-425.0,330.0,20.0,16.0,2024-10-13,home,PHI,-425.0,≤ −250,0.7768331562167907,W,0.23529411764705882,-0.040382571732199696,0.7768331562167907,0.23529411764705882,12.986828790126559
2024_06_DET_DAL,2024,6,DAL,DET,0.0,0.3835616438356164,-38.0,-3.5,0.3088917994426786,backtest (recipe chosen on these seasons),150.0,-180.0,9.0,47.0,2024-10-13,away,DET,-180.0,−249 to −175,0.6164383561643836,W,0.5555555555555556,-0.041095890410958846,0.3835616438356164,0.5555555555555556,-6.172555991862753
2024_06_HOU_NE,2024,6,NE,HOU,0.0,0.30423004792665137,-20.0,-6.5,0.2969013709586368,backtest (recipe chosen on these seasons),215.0,-265.0,21.0,41.0,2024-10-13,away,HOU,-265.0,≤ −250,0.6957699520733487,W,0.37735849056603776,-0.041675349031048026,0.30423004792665137,0.37735849056603776,-6.597335393912187
2024_06_IND_TEN,2024,6,TEN,IND,0.0,0.551441114716549,-3.0,2.5,0.4853766245221262,backtest (recipe chosen on these seasons),-135.0,114.0,17.0,20.0,2024-10-13,away,IND,114.0,+100 to +129,0.448558885283451,W,1.14,-0.04008398549341485,0.551441114716549,-1.0,-0.4535284692765662
2024_06_JAX_CHI,2024,6,CHI,JAX,1.0,0.4782608695652174,19.0,-1.5,0.41909747421494636,backtest (recipe chosen on these seasons),100.0,-120.0,35.0,16.0,2024-10-13,away,JAX,-120.0,−129 to −100,0.5217391304347826,L,-1.0,-0.043478260869565244,0.4782608695652174,-1.0,-2.525989822397435
2024_06_LAC_DEN,2024,6,DEN,LAC,0.0,0.4170073589533933,-7.0,-3.0,0.45074582181541495,backtest (recipe chosen on these seasons),130.0,-155.0,16.0,23.0,2024-10-13,away,LAC,-155.0,−174 to −130,0.5829926410466066,W,0.6451612903225806,-0.04088307440719552,0.4170073589533933,0.6451612903225806,-1.5311246061352373
2024_06_PIT_LV,2024,6,LV,PIT,0.0,0.3835616438356164,-19.0,-3.5,0.3811520298194256,backtest (recipe chosen on these seasons),150.0,-180.0,13.0,32.0,2024-10-13,away,PIT,-180.0,−249 to −175,0.6164383561643836,W,0.5555555555555556,-0.041095890410958846,0.3835616438356164,0.5555555555555556,-3.7413873885112907
2024_06_SF_SEA,2024,6,SEA,SF,0.0,0.3630958183058778,-12.0,-3.5,0.32108728165605666,backtest (recipe chosen on these seasons),164.0,-198.0,24.0,36.0,2024-10-10,away,SF,-198.0,−249 to −175,0.6369041816941223,W,0.5050505050505051,-0.04142703967248251,0.3630958183058778,0.5050505050505051,-5.747851008525547
2024_06_TB_NO,2024,6,NO,TB,0.0,0.39076376554174075,-24.0,-3.5,0.4001209273300495,backtest (recipe chosen on these seasons),145.0,-175.0,27.0,51.0,2024-10-13,away,TB,-175.0,−249 to −175,0.6092362344582594,W,0.5714285714285714,-0.04262877442273533,0.39076376554174075,0.5714285714285714,-3.130031941451942
2024_06_WAS_BAL,2024,6,BAL,WAS,1.0,0.7095435684647302,7.0,6.5,0.6978838772774565,backtest (recipe chosen on these seasons),-285.0,230.0,30.0,23.0,2024-10-13,home,BAL,-285.0,≤ −250,0.7095435684647302,W,0.3508771929824561,-0.04149377593361009,0.7095435684647302,0.3508771929824561,6.411667617275844
2024_07_BAL_TB,2024,7,TB,BAL,0.0,0.33635187580853815,-10.0,-4.5,0.28211522909783604,backtest (recipe chosen on these seasons),185.0,-225.0,31.0,41.0,2024-10-21,away,BAL,-225.0,−249 to −175,0.6636481241914618,W,0.4444444444444444,-0.04139715394566629,0.33635187580853815,0.4444444444444444,-7.132161962456346
2024_07_CAR_WAS,2024,7,WAS,CAR,1.0,0.8081570996978852,33.0,10.0,0.8410743662997429,backtest (recipe chosen on these seasons),-535.0,400.0,40.0,7.0,2024-10-20,home,WAS,-535.0,≤ −250,0.8081570996978852,W,0.18691588785046728,-0.040785498489426,0.8081570996978852,0.18691588785046728,12.356185390014312
2024_07_CIN_CLE,2024,7,CLE,CIN,0.0,0.33099297893681046,-7.0,-5.5,0.22915780637448985,backtest (recipe chosen on these seasons),190.0,-230.0,14.0,21.0,2024-10-20,away,CIN,-230.0,−249 to −175,0.6690070210631895,W,0.43478260869565216,-0.04012036108324979,0.33099297893681046,0.43478260869565216,-9.173880011364075
2024_07_DEN_NO,2024,7,NO,DEN,0.0,0.42794036443953615,-23.0,-2.5,0.47513002124765674,backtest (recipe chosen on these seasons),124.0,-148.0,10.0,33.0,2024-10-17,away,DEN,-148.0,−174 to −130,0.5720596355604638,W,0.6756756756756757,-0.04141358365543907,0.42794036443953615,0.6756756756756757,-0.7716433825484859
2024_07_DET_MIN,2024,7,MIN,DET,0.0,0.5173641257162701,-2.0,1.0,0.4784316923000351,backtest (recipe chosen on these seasons),-118.0,-102.0,29.0,31.0,2024-10-20,away,DET,-102.0,−129 to −100,0.4826358742837298,W,0.9803921568627451,-0.044191699947907725,0.5173641257162701,-1.0,-0.6690944618116215
2024_07_HOU_GB,2024,7,GB,HOU,1.0,0.6037569709421778,2.0,3.0,0.6186349144734578,backtest (recipe chosen on these seasons),-170.0,142.0,24.0,22.0,2024-10-20,home,GB,-170.0,−174 to −130,0.6037569709421778,W,0.5882352941176471,-0.0410918696800705,0.6037569709421778,0.5882352941176471,3.7344725708142783
2024_07_KC_SF,2024,7,SF,KC,0.0,0.5634920634920635,-10.0,2.5,0.5348454776025952,backtest (recipe chosen on these seasons),-142.0,120.0,18.0,28.0,2024-10-20,home,SF,-142.0,−174 to −130,0.5634920634920635,L,-1.0,-0.03968253968253971,0.5634920634920635,-1.0,1.0818309299275652
2024_07_LAC_ARI,2024,7,ARI,LAC,1.0,0.4739134147382802,2.0,-1.0,0.5969591618055149,backtest (recipe chosen on these seasons),102.0,-122.0,17.0,15.0,2024-10-21,home,ARI,102.0,+100 to +129,0.4739134147382802,W,1.02,-0.042694902228674,0.4739134147382802,-1.0,3.0366373834114153
2024_07_LV_LA,2024,7,LA,LV,1.0,0.7477827050997783,5.0,7.0,0.7846185520519712,backtest (recipe chosen on these seasons),-355.0,280.0,20.0,15.0,2024-10-20,home,LA,-355.0,≤ −250,0.7477827050997783,W,0.28169014084507044,-0.04157427937915739,0.7477827050997783,0.28169014084507044,9.746160286941944
2024_07_MIA_IND,2024,7,IND,MIA,1.0,0.5829926410466066,6.0,3.0,0.6051117441958866,backtest (recipe chosen on these seasons),-155.0,130.0,16.0,10.0,2024-10-20,home,IND,-155.0,−174 to −130,0.5829926410466066,W,0.6451612903225806,-0.04088307440719552,0.5829926410466066,0.6451612903225806,3.297852345869002
2024_07_NE_JAX,2024,7,JAX,NE,1.0,0.7179705215419501,16.0,6.5,0.7406023340100675,backtest (recipe chosen on these seasons),-298.0,240.0,32.0,16.0,2024-10-20,home,JAX,-298.0,≤ −250,0.7179705215419501,W,0.33557046979865773,-0.04109977324263042,0.7179705215419501,0.33557046979865773,7.981167034915739
2024_07_NYJ_PIT,2024,7,PIT,NYJ,1.0,0.4003612281757977,22.0,-3.0,0.38519437134209517,backtest (recipe chosen on these seasons),140.0,-166.0,37.0,15.0,2024-10-20,away,NYJ,-166.0,−174 to −130,0.5996387718242023,L,-1.0,-0.0391330523780854,0.4003612281757977,-1.0,-3.6103878809090517
2024_07_PHI_NYG,2024,7,NYG,PHI,0.0,0.4003612281757977,-25.0,-3.0,0.33591400292732704,backtest (recipe chosen on these seasons),140.0,-166.0,3.0,28.0,2024-10-20,away,PHI,-166.0,−174 to −130,0.5996387718242023,W,0.6024096385542169,-0.0391330523780854,0.4003612281757977,0.6024096385542169,-5.240433126407755
2024_07_SEA_ATL,2024,7,ATL,SEA,0.0,0.593369754159424,-20.0,3.0,0.605588755019916,backtest (recipe chosen on these seasons),-162.0,136.0,14.0,34.0,2024-10-20,home,ATL,-162.0,−174 to −130,0.593369754159424,L,-1.0,-0.04035261981624033,0.593369754159424,-1.0,3.313180634582046
2024_07_TEN_BUF,2024,7,BUF,TEN,1.0,0.8081570996978852,24.0,9.5,0.817387490193924,backtest (recipe chosen on these seasons),-535.0,400.0,34.0,10.0,2024-10-20,home,BUF,-535.0,≤ −250,0.8081570996978852,W,0.18691588785046728,-0.040785498489426,0.8081570996978852,0.18691588785046728,11.200463629444632
2024_08_ARI_MIA,2024,8,MIA,ARI,0.0,0.6369041816941223,-1.0,4.0,0.47380237715556234,backtest (recipe chosen on these seasons),-198.0,164.0,27.0,28.0,2024-10-27,away,ARI,164.0,+130 to +174,0.3630958183058778,W,1.64,-0.041427039672482735,0.6369041816941223,-1.0,-0.8128941715789643
2024_08_ATL_TB,2024,8,TB,ATL,0.0,0.4739134147382802,-5.0,-1.5,0.396200664690664,backtest (recipe chosen on these seasons),102.0,-122.0,26.0,31.0,2024-10-27,away,ATL,-122.0,−129 to −100,0.5260865852617197,W,0.819672131147541,-0.042694902228674,0.4739134147382802,0.819672131147541,-3.255705378360539
2024_08_BAL_CLE,2024,8,CLE,BAL,1.0,0.24000000000000005,5.0,-7.5,0.14778382473650306,backtest (recipe chosen on these seasons),300.0,-380.0,29.0,24.0,2024-10-27,away,BAL,-380.0,≤ −250,0.7600000000000001,L,-1.0,-0.03999999999999987,0.24000000000000005,-1.0,-12.938842712862494
2024_08_BUF_SEA,2024,8,SEA,BUF,0.0,0.3962430290578221,-21.0,-3.0,0.4147255289961515,backtest (recipe chosen on these seasons),142.0,-170.0,10.0,31.0,2024-10-27,away,BUF,-170.0,−174 to −130,0.6037569709421778,W,0.5882352941176471,-0.0410918696800705,0.3962430290578221,0.5882352941176471,-2.664568007032771
2024_08_CAR_DEN,2024,8,DEN,CAR,1.0,0.8465011286681716,14.0,13.0,0.7895657522016831,backtest (recipe chosen on these seasons),-750.0,525.0,28.0,14.0,2024-10-27,home,DEN,-750.0,≤ −250,0.8465011286681716,W,0.13333333333333333,-0.04063205417607217,0.8465011286681716,0.13333333333333333,9.956803613354815
2024_08_CHI_WAS,2024,8,WAS,CHI,1.0,0.5260865852617197,3.0,1.5,0.5424214694396593,backtest (recipe chosen on these seasons),-122.0,102.0,18.0,15.0,2024-10-27,home,WAS,-122.0,−129 to −100,0.5260865852617197,W,0.819672131147541,-0.042694902228674,0.5260865852617197,0.819672131147541,1.3178508335145078
2024_08_DAL_SF,2024,8,SF,DAL,1.0,0.6750312469954812,6.0,5.5,0.6809716158742851,backtest (recipe chosen on these seasons),-238.0,195.0,30.0,24.0,2024-10-27,home,SF,-238.0,−249 to −175,0.6750312469954812,W,0.42016806722689076,-0.0413421786366695,0.6750312469954812,0.42016806722689076,5.819064396018339
2024_08_GB_JAX,2024,8,JAX,GB,0.0,0.3690596562184025,-3.0,-3.5,0.2887810892321429,backtest (recipe chosen on these seasons),160.0,-192.0,27.0,30.0,2024-10-27,away,GB,-192.0,−249 to −175,0.6309403437815976,W,0.5208333333333334,-0.04044489383215366,0.3690596562184025,0.5208333333333334,-6.889460872112795
2024_08_IND_HOU,2024,8,HOU,IND,1.0,0.6636481241914618,3.0,5.0,0.5942423213025151,backtest (recipe chosen on these seasons),-225.0,185.0,23.0,20.0,2024-10-27,home,HOU,-225.0,−249 to −175,0.6636481241914618,W,0.4444444444444444,-0.04139715394566629,0.6636481241914618,0.4444444444444444,2.949893413783569
2024_08_KC_LV,2024,8,LV,KC,0.0,0.21809369951534735,-7.0,-9.0,0.20787398393840312,backtest (recipe chosen on these seasons),340.0,-440.0,20.0,27.0,2024-10-27,away,KC,-440.0,≤ −250,0.7819063004846527,W,0.22727272727272727,-0.04038772213247169,0.21809369951534735,0.22727272727272727,-10.066955731160517
2024_08_MIN_LA,2024,8,LA,MIN,1.0,0.4170073589533933,10.0,-3.0,0.35008217478770903,backtest (recipe chosen on these seasons),130.0,-155.0,30.0,20.0,2024-10-24,away,MIN,-155.0,−174 to −130,0.5829926410466066,L,-1.0,-0.04088307440719552,0.4170073589533933,-1.0,-4.763669943168437
2024_08_NO_LAC,2024,8,LAC,NO,1.0,0.725752508361204,18.0,7.0,0.6994446744605941,backtest (recipe chosen on these seasons),-310.0,250.0,26.0,8.0,2024-10-27,home,LAC,-310.0,≤ −250,0.725752508361204,W,0.3225806451612903,-0.0401337792642141,0.725752508361204,0.3225806451612903,6.46708556293141
2024_08_NYG_PIT,2024,8,PIT,NYG,1.0,0.7001620745542949,8.0,6.0,0.7253825983714316,backtest (recipe chosen on these seasons),-270.0,220.0,26.0,18.0,2024-10-28,home,PIT,-270.0,≤ −250,0.7001620745542949,W,0.37037037037037035,-0.04051863857374405,0.7001620745542949,0.37037037037037035,7.408481444591333
2024_08_NYJ_NE,2024,8,NE,NYJ,1.0,0.27792074112197634,3.0,-7.0,0.35835918700821445,backtest (recipe chosen on these seasons),245.0,-305.0,25.0,22.0,2024-10-27,away,NYJ,-305.0,≤ −250,0.7220792588780237,L,-1.0,-0.04117344312918164,0.27792074112197634,-1.0,-4.488430737961924
2024_08_PHI_CIN,2024,8,CIN,PHI,0.0,0.5720596355604638,-20.0,2.5,0.5782494256958525,backtest (recipe chosen on these seasons),-148.0,124.0,17.0,37.0,2024-10-27,home,CIN,-148.0,−174 to −130,0.5720596355604638,L,-1.0,-0.04141358365543907,0.5720596355604638,-1.0,2.4420495343229973
2024_08_TEN_DET,2024,8,DET,TEN,1.0,0.8524590163934427,38.0,12.5,0.8815195164807372,backtest (recipe chosen on these seasons),-800.0,550.0,52.0,14.0,2024-10-27,home,DET,-800.0,≤ −250,0.8524590163934427,W,0.125,-0.040983606557376984,0.8524590163934427,0.125,14.628972444127495
2024_09_CHI_ARI,2024,9,ARI,CHI,1.0,0.5217391304347826,20.0,1.5,0.6364382180955082,backtest (recipe chosen on these seasons),-120.0,100.0,29.0,9.0,2024-11-03,home,ARI,-120.0,−129 to −100,0.5217391304347826,W,0.8333333333333334,-0.043478260869565244,0.5217391304347826,0.8333333333333334,4.3165655970254795
2024_09_DAL_ATL,2024,9,ATL,DAL,1.0,0.5996387718242023,6.0,3.0,0.6302554924978204,backtest (recipe chosen on these seasons),-166.0,140.0,27.0,21.0,2024-11-03,home,ATL,-166.0,−174 to −130,0.5996387718242023,W,0.6024096385542169,-0.0391330523780854,0.5996387718242023,0.6024096385542169,4.1133973376155675
2024_09_DEN_BAL,2024,9,BAL,DEN,1.0,0.7779605263157894,31.0,9.0,0.7468098519077608,backtest (recipe chosen on these seasons),-440.0,330.0,41.0,10.0,2024-11-03,home,BAL,-440.0,≤ −250,0.7779605263157894,W,0.22727272727272727,-0.04523026315789486,0.7779605263157894,0.22727272727272727,8.219672684643076
2024_09_DET_GB,2024,9,GB,DET,0.0,0.4170073589533933,-10.0,-2.5,0.41516081986340914,backtest (recipe chosen on these seasons),130.0,-155.0,14.0,24.0,2024-11-03,away,DET,-155.0,−174 to −130,0.5829926410466066,W,0.6451612903225806,-0.04088307440719552,0.4170073589533933,0.6451612903225806,-2.6507558154054367
2024_09_HOU_NYJ,2024,9,NYJ,HOU,1.0,0.5720596355604638,8.0,2.5,0.5078028624220333,backtest (recipe chosen on these seasons),-148.0,124.0,21.0,13.0,2024-10-31,home,NYJ,-148.0,−174 to −130,0.5720596355604638,W,0.6756756756756757,-0.04141358365543907,0.5720596355604638,0.6756756756756757,0.24195871875358935
2024_09_IND_MIN,2024,9,MIN,IND,1.0,0.7179705215419501,8.0,6.5,0.6926726329695814,backtest (recipe chosen on these seasons),-298.0,240.0,21.0,13.0,2024-11-03,home,MIN,-298.0,≤ −250,0.7179705215419501,W,0.33557046979865773,-0.04109977324263042,0.7179705215419501,0.33557046979865773,6.227556682502204
2024_09_JAX_PHI,2024,9,PHI,JAX,1.0,0.740871613663133,5.0,7.5,0.7120122819929969,backtest (recipe chosen on these seasons),-340.0,270.0,28.0,23.0,2024-11-03,home,PHI,-340.0,≤ −250,0.740871613663133,W,0.29411764705882354,-0.04122497055359253,0.740871613663133,0.29411764705882354,6.918206704944837
2024_09_LAC_CLE,2024,9,CLE,LAC,0.0,0.4572564612326044,-17.0,-2.0,0.48588843582201596,backtest (recipe chosen on these seasons),110.0,-130.0,10.0,27.0,2024-11-03,away,LAC,-130.0,−174 to −130,0.5427435387673957,W,0.7692307692307693,-0.03976143141153071,0.4572564612326044,0.7692307692307693,-0.437648440103386
2024_09_LA_SEA,2024,9,SEA,LA,0.0,0.4675324675324675,-6.0,-1.5,0.45980097755030935,backtest (recipe chosen on these seasons),105.0,-125.0,20.0,26.0,2024-11-03,away,LA,-125.0,−129 to −100,0.5324675324675325,W,0.8,-0.041558441558441406,0.4675324675324675,0.8,-1.248567568902306
2024_09_LV_CIN,2024,9,CIN,LV,1.0,0.771505376344086,17.0,8.0,0.7878373806384051,backtest (recipe chosen on these seasons),-410.0,320.0,41.0,24.0,2024-11-03,home,CIN,-410.0,≤ −250,0.771505376344086,W,0.24390243902439024,-0.04032258064516131,0.771505376344086,0.24390243902439024,9.88288705106754
2024_09_MIA_BUF,2024,9,BUF,MIA,1.0,0.7095435684647302,3.0,6.5,0.6608947719008634,backtest (recipe chosen on these seasons),-285.0,230.0,30.0,27.0,2024-11-03,home,BUF,-285.0,≤ −250,0.7095435684647302,W,0.3508771929824561,-0.04149377593361009,0.7095435684647302,0.3508771929824561,5.132391632614377
2024_09_NE_TEN,2024,9,TEN,NE,1.0,0.593369754159424,3.0,3.0,0.5624333502504618,backtest (recipe chosen on these seasons),-162.0,136.0,20.0,17.0,2024-11-03,home,TEN,-162.0,−174 to −130,0.593369754159424,W,0.6172839506172839,-0.04035261981624033,0.593369754159424,0.6172839506172839,1.9438408585503744
2024_09_NO_CAR,2024,9,CAR,NO,1.0,0.2559309849029475,1.0,-7.0,0.3080523307107596,backtest (recipe chosen on these seasons),275.0,-345.0,23.0,22.0,2024-11-03,away,NO,-345.0,≤ −250,0.7440690150970525,L,-1.0,-0.04025880661394679,0.2559309849029475,-1.0,-6.2020539201276685
2024_09_TB_KC,2024,9,KC,TB,1.0,0.7768331562167907,6.0,9.0,0.7479745367662197,backtest (recipe chosen on these seasons),-425.0,330.0,30.0,24.0,2024-11-04,home,KC,-425.0,≤ −250,0.7768331562167907,W,0.23529411764705882,-0.040382571732199696,0.7768331562167907,0.23529411764705882,8.264762034195908
2024_09_WAS_NYG,2024,9,NYG,WAS,0.0,0.34252477380439467,-5.0,-4.5,0.2759104800435572,backtest (recipe chosen on these seasons),180.0,-218.0,22.0,27.0,2024-11-03,away,WAS,-218.0,−249 to −175,0.6574752261956054,W,0.45871559633027525,-0.04093063334769487,0.34252477380439467,0.45871559633027525,-7.360566583776219
2024_10_ATL_NO,2024,10,NO,ATL,1.0,0.3690596562184025,3.0,-3.5,0.30841441110517087,backtest (recipe chosen on these seasons),160.0,-192.0,20.0,17.0,2024-11-10,away,ATL,-192.0,−249 to −175,0.6309403437815976,L,-1.0,-0.04044489383215366,0.3690596562184025,-1.0,-6.189326531946008
2024_10_BUF_IND,2024,10,IND,BUF,0.0,0.33099297893681046,-10.0,-4.5,0.361794074950147,backtest (recipe chosen on these seasons),190.0,-230.0,20.0,30.0,2024-11-10,away,BUF,-230.0,−249 to −175,0.6690070210631895,W,0.43478260869565216,-0.04012036108324979,0.33099297893681046,0.43478260869565216,-4.37486584825945
2024_10_CIN_BAL,2024,10,BAL,CIN,1.0,0.7001620745542949,1.0,6.0,0.7294065484931278,backtest (recipe chosen on these seasons),-270.0,220.0,35.0,34.0,2024-11-07,home,BAL,-270.0,≤ −250,0.7001620745542949,W,0.37037037037037035,-0.04051863857374405,0.7001620745542949,0.37037037037037035,7.5583068779545854
2024_10_DEN_KC,2024,10,KC,DEN,1.0,0.7600000000000001,2.0,7.5,0.7286328619700232,backtest (recipe chosen on these seasons),-380.0,300.0,16.0,14.0,2024-11-10,home,KC,-380.0,≤ −250,0.7600000000000001,W,0.2631578947368421,-0.03999999999999987,0.7600000000000001,0.2631578947368421,7.529414330993103
2024_10_DET_HOU,2024,10,HOU,DET,0.0,0.33099297893681046,-3.0,-4.5,0.2752004883963254,backtest (recipe chosen on these seasons),190.0,-230.0,23.0,26.0,2024-11-10,away,DET,-230.0,−249 to −175,0.6690070210631895,W,0.43478260869565216,-0.04012036108324979,0.33099297893681046,0.43478260869565216,-7.386861517928026
2024_10_MIA_LA,2024,10,LA,MIA,0.0,0.5634920634920635,-8.0,2.5,0.48778401438544644,backtest (recipe chosen on these seasons),-142.0,120.0,15.0,23.0,2024-11-11,away,MIA,120.0,+100 to +129,0.43650793650793646,W,1.2,-0.039682539682539764,0.5634920634920635,-1.0,-0.3788401781586624
2024_10_MIN_JAX,2024,10,JAX,MIN,0.0,0.25341685649202733,-5.0,-7.0,0.22916551185944634,backtest (recipe chosen on these seasons),280.0,-345.0,7.0,12.0,2024-11-10,away,MIN,-345.0,≤ −250,0.7465831435079726,W,0.2898550724637681,-0.037015945330296174,0.25341685649202733,0.2898550724637681,-9.173565462874281
2024_10_NE_CHI,2024,10,CHI,NE,0.0,0.7335423197492164,-16.0,6.5,0.70272927778645,backtest (recipe chosen on these seasons),-325.0,260.0,3.0,19.0,2024-11-10,home,CHI,-325.0,≤ −250,0.7335423197492164,L,-1.0,-0.04075235109717859,0.7335423197492164,-1.0,6.584136361946948
2024_10_NYG_CAR,2024,10,CAR,NYG,1.0,0.2820294784580499,3.0,-6.5,0.3455688628451113,backtest (recipe chosen on these seasons),240.0,-298.0,20.0,17.0,2024-11-10,away,NYG,-298.0,≤ −250,0.7179705215419501,L,-1.0,-0.04109977324263042,0.2820294784580499,-1.0,-4.914743965919638
2024_10_NYJ_ARI,2024,10,ARI,NYJ,1.0,0.4572564612326044,25.0,-2.0,0.6180636570931046,backtest (recipe chosen on these seasons),110.0,-130.0,31.0,6.0,2024-11-10,home,ARI,110.0,+100 to +129,0.4572564612326044,W,1.1,-0.03976143141153066,0.4572564612326044,-1.0,3.715937909651574
2024_10_PHI_DAL,2024,10,DAL,PHI,0.0,0.2491874322860238,-28.0,-7.5,0.19806114122454982,backtest (recipe chosen on these seasons),285.0,-360.0,6.0,34.0,2024-11-10,away,PHI,-360.0,≤ −250,0.7508125677139762,W,0.2777777777777778,-0.040628385698808195,0.2491874322860238,0.2777777777777778,-10.496773648158106
2024_10_PIT_WAS,2024,10,WAS,PIT,0.0,0.5260865852617197,-1.0,1.5,0.5598064857512788,backtest (recipe chosen on these seasons),-122.0,102.0,27.0,28.0,2024-11-10,home,WAS,-122.0,−129 to −100,0.5260865852617197,L,-1.0,-0.042694902228674,0.5260865852617197,-1.0,1.8614203559220894
2024_10_SF_TB,2024,10,TB,SF,0.0,0.2820294784580499,-3.0,-6.5,0.20356059443522112,backtest (recipe chosen on these seasons),240.0,-298.0,20.0,23.0,2024-11-10,away,SF,-298.0,≤ −250,0.7179705215419501,W,0.33557046979865773,-0.04109977324263042,0.2820294784580499,0.33557046979865773,-10.254363147681529
2024_10_TEN_LAC,2024,10,LAC,TEN,1.0,0.7600000000000001,10.0,8.0,0.7330787820104276,backtest (recipe chosen on these seasons),-380.0,300.0,27.0,17.0,2024-11-10,home,LAC,-380.0,≤ −250,0.7600000000000001,W,0.2631578947368421,-0.03999999999999987,0.7600000000000001,0.2631578947368421,7.696010626881517
2024_11_ATL_DEN,2024,11,DEN,ATL,1.0,0.551441114716549,32.0,2.0,0.5327275664076414,backtest (recipe chosen on these seasons),-135.0,114.0,38.0,6.0,2024-11-17,home,DEN,-135.0,−174 to −130,0.551441114716549,W,0.7407407407407407,-0.04008398549341474,0.551441114716549,0.7407407407407407,1.015924299030699
2024_11_BAL_PIT,2024,11,PIT,BAL,1.0,0.39076376554174075,2.0,-3.0,0.3148239205248365,backtest (recipe chosen on these seasons),145.0,-175.0,18.0,16.0,2024-11-17,away,BAL,-175.0,−249 to −175,0.6092362344582594,L,-1.0,-0.04262877442273533,0.39076376554174075,-1.0,-5.9650932627715045
2024_11_CIN_LAC,2024,11,LAC,CIN,1.0,0.5,7.0,1.0,0.42010720090332226,backtest (recipe chosen on these seasons),-110.0,-110.0,34.0,27.0,2024-11-17,away,CIN,-110.0,−129 to −100,0.5,L,-1.0,-0.04545454545454547,0.5,,-2.494030013999171
2024_11_CLE_NO,2024,11,NO,CLE,1.0,0.4891657638136511,21.0,-1.0,0.5540148702302484,backtest (recipe chosen on these seasons),-105.0,-115.0,35.0,14.0,2024-11-17,home,NO,-105.0,−129 to −100,0.4891657638136511,W,0.9523809523809523,-0.04496208017334791,0.4891657638136511,-1.0,1.6799888820628142
2024_11_GB_CHI,2024,11,CHI,GB,0.0,0.30423004792665137,-1.0,-6.0,0.22720354501862586,backtest (recipe chosen on these seasons),215.0,-265.0,19.0,20.0,2024-11-17,away,GB,-265.0,≤ −250,0.6957699520733487,W,0.37735849056603776,-0.041675349031048026,0.30423004792665137,0.37735849056603776,-9.25384834691737
2024_11_HOU_DAL,2024,11,DAL,HOU,0.0,0.2491874322860238,-24.0,-7.5,0.24744213066335155,backtest (recipe chosen on these seasons),285.0,-360.0,10.0,34.0,2024-11-18,away,HOU,-360.0,≤ −250,0.7508125677139762,W,0.2777777777777778,-0.040628385698808195,0.2491874322860238,0.2777777777777778,-8.443280032648913
2024_11_IND_NYJ,2024,11,NYJ,IND,0.0,0.644729178800233,-1.0,4.0,0.4991161253765308,backtest (recipe chosen on these seasons),-205.0,170.0,27.0,28.0,2024-11-17,away,IND,170.0,+130 to +174,0.35527082119976705,W,1.7,-0.04076878276062901,0.644729178800233,-1.0,-0.027406315585606283
2024_11_JAX_DET,2024,11,DET,JAX,1.0,0.8720930232558138,46.0,14.0,0.8734359725234598,backtest (recipe chosen on these seasons),-1000.0,650.0,52.0,6.0,2024-11-17,home,DET,-1000.0,≤ −250,0.8720930232558138,W,0.1,-0.04069767441860478,0.8720930232558138,0.1,14.136244886186791
2024_11_KC_BUF,2024,11,BUF,KC,1.0,0.5634920634920635,9.0,2.5,0.5337339446287027,backtest (recipe chosen on these seasons),-142.0,120.0,30.0,21.0,2024-11-17,home,BUF,-142.0,−174 to −130,0.5634920634920635,W,0.704225352112676,-0.03968253968253971,0.5634920634920635,0.704225352112676,1.047237764512908
2024_11_LA_NE,2024,11,NE,LA,0.0,0.3630958183058778,-6.0,-4.0,0.3323286788708792,backtest (recipe chosen on these seasons),164.0,-198.0,22.0,28.0,2024-11-17,away,LA,-198.0,−249 to −175,0.6369041816941223,W,0.5050505050505051,-0.04142703967248251,0.3630958183058778,0.5050505050505051,-5.3622963632415
2024_11_LV_MIA,2024,11,MIA,LV,1.0,0.7768331562167907,15.0,8.0,0.7822017658152994,backtest (recipe chosen on these seasons),-425.0,330.0,34.0,19.0,2024-11-17,home,MIA,-425.0,≤ −250,0.7768331562167907,W,0.23529411764705882,-0.040382571732199696,0.7768331562167907,0.23529411764705882,9.644279921715903
2024_11_MIN_TEN,2024,11,TEN,MIN,0.0,0.28644876973925815,-10.0,-6.0,0.22955127910101586,backtest (recipe chosen on these seasons),235.0,-290.0,13.0,23.0,2024-11-17,away,MIN,-290.0,≤ −250,0.7135512302607419,W,0.3448275862068966,-0.04039662137348507,0.28644876973925815,0.3448275862068966,-9.157825486645013
2024_11_SEA_SF,2024,11,SF,SEA,0.0,0.6957699520733487,-3.0,6.0,0.7538936861731357,backtest (recipe chosen on these seasons),-265.0,215.0,17.0,20.0,2024-11-17,home,SF,-265.0,≤ −250,0.6957699520733487,L,-1.0,-0.041675349031048026,0.6957699520733487,-1.0,8.49564028153001
2024_11_WAS_PHI,2024,11,PHI,WAS,1.0,0.6690070210631895,8.0,4.5,0.6609022590906368,backtest (recipe chosen on these seasons),-230.0,190.0,26.0,18.0,2024-11-14,home,PHI,-230.0,−249 to −175,0.6690070210631895,W,0.43478260869565216,-0.04012036108324979,0.6690070210631895,0.43478260869565216,5.1326446565611334
2024_12_ARI_SEA,2024,12,SEA,ARI,1.0,0.4891657638136511,10.0,-1.0,0.4525946113183184,backtest (recipe chosen on these seasons),-105.0,-115.0,16.0,6.0,2024-11-24,away,ARI,-115.0,−129 to −100,0.5108342361863488,L,-1.0,-0.04496208017334785,0.4891657638136511,-1.0,-1.4733748621682965
2024_12_BAL_LAC,2024,12,LAC,BAL,0.0,0.4003612281757977,-7.0,-3.0,0.318759341263278,backtest (recipe chosen on these seasons),140.0,-166.0,23.0,30.0,2024-11-25,away,BAL,-166.0,−174 to −130,0.5996387718242023,W,0.6024096385542169,-0.0391330523780854,0.4003612281757977,0.6024096385542169,-5.828384294710638
2024_12_DAL_WAS,2024,12,WAS,DAL,0.0,0.827123695976155,-8.0,10.5,0.8358508401096341,backtest (recipe chosen on these seasons),-625.0,455.0,26.0,34.0,2024-11-24,home,WAS,-625.0,≤ −250,0.827123695976155,L,-1.0,-0.04053651266766023,0.827123695976155,-1.0,12.092258929671782
2024_12_DEN_LV,2024,12,LV,DEN,0.0,0.2949668357393679,-10.0,-6.5,0.3039036815468826,backtest (recipe chosen on these seasons),225.0,-278.0,19.0,29.0,2024-11-24,away,DEN,-278.0,≤ −250,0.705033164260632,W,0.3597122302158273,-0.04135778384705435,0.2949668357393679,0.3597122302158273,-6.348355854525158
2024_12_DET_IND,2024,12,IND,DET,0.0,0.2428115015974441,-18.0,-7.0,0.15925273749222277,backtest (recipe chosen on these seasons),295.0,-375.0,6.0,24.0,2024-11-24,away,DET,-375.0,≤ −250,0.7571884984025559,W,0.26666666666666666,-0.04089456869009592,0.2428115015974441,0.26666666666666666,-12.33949313096278
2024_12_KC_CAR,2024,12,CAR,KC,0.0,0.15999999999999998,-3.0,-11.0,0.18551944224909794,backtest (recipe chosen on these seasons),500.0,-700.0,27.0,30.0,2024-11-24,away,KC,-700.0,≤ −250,0.84,W,0.14285714285714285,-0.040000000000000036,0.15999999999999998,0.14285714285714285,-11.065324566868561
2024_12_MIN_CHI,2024,12,CHI,MIN,0.0,0.39076376554174075,-3.0,-3.0,0.36358798782832497,backtest (recipe chosen on these seasons),145.0,-175.0,27.0,30.0,2024-11-24,away,MIN,-175.0,−249 to −175,0.6092362344582594,W,0.5714285714285714,-0.04262877442273533,0.39076376554174075,0.5714285714285714,-4.31570203078788
2024_12_NE_MIA,2024,12,MIA,NE,1.0,0.7508125677139762,19.0,7.5,0.7367812817902181,backtest (recipe chosen on these seasons),-360.0,285.0,34.0,15.0,2024-11-24,home,MIA,-360.0,≤ −250,0.7508125677139762,W,0.2777777777777778,-0.040628385698808195,0.7508125677139762,0.2777777777777778,7.835821709746113
2024_12_PHI_LA,2024,12,LA,PHI,0.0,0.3962430290578221,-17.0,-3.0,0.37473148900939307,backtest (recipe chosen on these seasons),142.0,-170.0,20.0,37.0,2024-11-24,away,PHI,-170.0,−174 to −130,0.6037569709421778,W,0.5882352941176471,-0.0410918696800705,0.3962430290578221,0.5882352941176471,-3.9503292109338948
2024_12_PIT_CLE,2024,12,CLE,PIT,1.0,0.35527082119976705,5.0,-3.5,0.3451963310848503,backtest (recipe chosen on these seasons),170.0,-205.0,24.0,19.0,2024-11-21,away,PIT,-205.0,−249 to −175,0.644729178800233,L,-1.0,-0.04076878276062901,0.35527082119976705,-1.0,-4.927246219535467
2024_12_SF_GB,2024,12,GB,SF,1.0,0.7135512302607419,28.0,6.5,0.7569045101443681,backtest (recipe chosen on these seasons),-290.0,235.0,38.0,10.0,2024-11-24,home,GB,-290.0,≤ −250,0.7135512302607419,W,0.3448275862068966,-0.04039662137348507,0.7135512302607419,0.3448275862068966,8.614218723359551
2024_12_TB_NYG,2024,12,NYG,TB,0.0,0.2820294784580499,-23.0,-6.5,0.2181906310045149,backtest (recipe chosen on these seasons),240.0,-298.0,7.0,30.0,2024-11-24,away,TB,-298.0,≤ −250,0.7179705215419501,W,0.33557046979865773,-0.04109977324263042,0.2820294784580499,0.33557046979865773,-9.627800051866517
2024_12_TEN_HOU,2024,12,HOU,TEN,0.0,0.7571884984025559,-5.0,8.0,0.7551727199949246,backtest (recipe chosen on these seasons),-375.0,295.0,27.0,32.0,2024-11-24,home,HOU,-375.0,≤ −250,0.7571884984025559,L,-1.0,-0.04089456869009592,0.7571884984025559,-1.0,8.545917836627439
2024_13_ARI_MIN,2024,13,MIN,ARI,1.0,0.6224665518611737,1.0,3.5,0.5993303569011357,backtest (recipe chosen on these seasons),-185.0,154.0,23.0,22.0,2024-12-01,home,MIN,-185.0,−249 to −175,0.6224665518611737,W,0.5405405405405406,-0.04106504172738101,0.6224665518611737,0.5405405405405406,3.112467581603962
2024_13_CHI_DET,2024,13,DET,CHI,1.0,0.8042929292929294,3.0,9.5,0.8314278720943603,backtest (recipe chosen on these seasons),-520.0,390.0,23.0,20.0,2024-11-28,home,DET,-520.0,≤ −250,0.8042929292929294,W,0.19230769230769232,-0.0410353535353534,0.8042929292929294,0.19230769230769232,11.87301170891264
2024_13_CLE_DEN,2024,13,DEN,CLE,1.0,0.7135512302607419,9.0,6.5,0.6649949184489975,backtest (recipe chosen on these seasons),-290.0,235.0,41.0,32.0,2024-12-02,home,DEN,-290.0,≤ −250,0.7135512302607419,W,0.3448275862068966,-0.04039662137348507,0.7135512302607419,0.3448275862068966,5.271278317299121
2024_13_HOU_JAX,2024,13,JAX,HOU,0.0,0.3690596562184025,-3.0,-3.5,0.42624493879030406,backtest (recipe chosen on these seasons),160.0,-192.0,20.0,23.0,2024-12-01,away,HOU,-192.0,−249 to −175,0.6309403437815976,W,0.5208333333333334,-0.04044489383215366,0.3690596562184025,0.5208333333333334,-2.3001083396742867
2024_13_IND_NE,2024,13,NE,IND,0.0,0.448558885283451,-1.0,-2.5,0.44394756749746767,backtest (recipe chosen on these seasons),114.0,-135.0,24.0,25.0,2024-12-01,away,IND,-135.0,−174 to −130,0.551441114716549,W,0.7407407407407407,-0.04008398549341474,0.448558885283451,0.7407407407407407,-1.7437755248453162
2024_13_LAC_ATL,2024,13,ATL,LAC,0.0,0.4826358742837298,-4.0,-1.0,0.5752662878506146,backtest (recipe chosen on these seasons),-102.0,-118.0,13.0,17.0,2024-12-01,home,ATL,-102.0,−129 to −100,0.4826358742837298,L,-1.0,-0.044191699947907725,0.4826358742837298,0.847457627118644,2.3478012423289587
2024_13_LA_NO,2024,13,NO,LA,0.0,0.43650793650793646,-7.0,-2.5,0.43716536283094437,backtest (recipe chosen on these seasons),120.0,-142.0,14.0,21.0,2024-12-01,away,LA,-142.0,−174 to −130,0.5634920634920635,W,0.704225352112676,-0.03968253968253971,0.43650793650793646,0.704225352112676,-1.9564391479688759
2024_13_LV_KC,2024,13,KC,LV,1.0,0.8524590163934427,2.0,13.5,0.8395987959033446,backtest (recipe chosen on these seasons),-800.0,550.0,19.0,17.0,2024-11-29,home,KC,-800.0,≤ −250,0.8524590163934427,W,0.125,-0.040983606557376984,0.8524590163934427,0.125,12.281063443910107
2024_13_MIA_GB,2024,13,GB,MIA,1.0,0.6092362344582594,13.0,3.5,0.5921392724119396,backtest (recipe chosen on these seasons),-175.0,145.0,30.0,17.0,2024-11-28,home,GB,-175.0,−249 to −175,0.6092362344582594,W,0.5714285714285714,-0.04262877442273533,0.6092362344582594,0.5714285714285714,2.8828464205121085
2024_13_NYG_DAL,2024,13,DAL,NYG,1.0,0.661450015969339,7.0,4.5,0.7144935891031873,backtest (recipe chosen on these seasons),-218.0,185.0,27.0,20.0,2024-11-28,home,DAL,-218.0,−249 to −175,0.661450015969339,W,0.45871559633027525,-0.03513254551261563,0.661450015969339,0.45871559633027525,7.008353314345844
2024_13_PHI_BAL,2024,13,BAL,PHI,0.0,0.593369754159424,-5.0,3.0,0.3993105032932524,backtest (recipe chosen on these seasons),-162.0,136.0,19.0,24.0,2024-12-01,away,PHI,136.0,+130 to +174,0.4066302458405761,W,1.36,-0.040352619816240276,0.593369754159424,-1.0,-3.1559851267090155
2024_13_PIT_CIN,2024,13,CIN,PIT,0.0,0.5829926410466066,-6.0,3.0,0.5523864816843025,backtest (recipe chosen on these seasons),-155.0,130.0,38.0,44.0,2024-12-01,home,CIN,-155.0,−174 to −130,0.5829926410466066,L,-1.0,-0.04088307440719552,0.5829926410466066,-1.0,1.6290437526215666
2024_13_SEA_NYJ,2024,13,NYJ,SEA,0.0,0.5108342361863488,-5.0,1.0,0.44965935382264666,backtest (recipe chosen on these seasons),-115.0,-105.0,21.0,26.0,2024-12-01,away,SEA,-105.0,−129 to −100,0.4891657638136511,W,0.9523809523809523,-0.04496208017334791,0.5108342361863488,-1.0,-1.565077575277177
2024_13_SF_BUF,2024,13,BUF,SF,1.0,0.740871613663133,25.0,6.5,0.7666479016772775,backtest (recipe chosen on these seasons),-340.0,270.0,35.0,10.0,2024-12-01,home,BUF,-340.0,≤ −250,0.740871613663133,W,0.29411764705882354,-0.04122497055359253,0.740871613663133,0.29411764705882354,9.003529083129107
2024_13_TB_CAR,2024,13,CAR,TB,0.0,0.28644876973925815,-3.0,-6.5,0.25311676926931864,backtest (recipe chosen on these seasons),235.0,-290.0,23.0,26.0,2024-12-01,away,TB,-290.0,≤ −250,0.7135512302607419,W,0.3448275862068966,-0.04039662137348507,0.28644876973925815,0.3448275862068966,-8.222510228484214
2024_13_TEN_WAS,2024,13,WAS,TEN,1.0,0.6853932584269663,23.0,6.0,0.6694825730333543,backtest (recipe chosen on these seasons),-250.0,205.0,42.0,19.0,2024-12-01,home,WAS,-250.0,≤ −250,0.6853932584269663,W,0.4,-0.04044943820224717,0.6853932584269663,0.4,5.424057529221582
2024_14_ATL_MIN,2024,14,MIN,ATL,1.0,0.6853932584269663,21.0,6.0,0.6839753867869807,backtest (recipe chosen on these seasons),-250.0,205.0,42.0,21.0,2024-12-08,home,MIN,-250.0,≤ −250,0.6853932584269663,W,0.4,-0.04044943820224717,0.6853932584269663,0.4,5.923306986517316
2024_14_BUF_LA,2024,14,LA,BUF,1.0,0.3690596562184025,2.0,-3.5,0.28733556562293405,backtest (recipe chosen on these seasons),160.0,-192.0,44.0,42.0,2024-12-08,away,BUF,-192.0,−249 to −175,0.6309403437815976,L,-1.0,-0.04044489383215366,0.3690596562184025,-1.0,-6.941863826176213
2024_14_CAR_PHI,2024,14,PHI,CAR,1.0,0.8677165354330709,6.0,14.0,0.7584803900018265,backtest (recipe chosen on these seasons),-950.0,625.0,22.0,16.0,2024-12-08,home,PHI,-950.0,≤ −250,0.8677165354330709,W,0.10526315789473684,-0.04094488188976372,0.8677165354330709,0.10526315789473684,8.676599585715683
2024_14_CHI_SF,2024,14,SF,CHI,1.0,0.593369754159424,25.0,3.0,0.6618337446507526,backtest (recipe chosen on these seasons),-162.0,136.0,38.0,13.0,2024-12-08,home,SF,-162.0,−174 to −130,0.593369754159424,W,0.6172839506172839,-0.04035261981624033,0.593369754159424,0.6172839506172839,5.16414030908128
2024_14_CIN_DAL,2024,14,DAL,CIN,0.0,0.33099297893681046,-7.0,-5.0,0.2148035006845297,backtest (recipe chosen on these seasons),190.0,-230.0,20.0,27.0,2024-12-09,away,CIN,-230.0,−249 to −175,0.6690070210631895,W,0.43478260869565216,-0.04012036108324979,0.33099297893681046,0.43478260869565216,-9.770621836431644
2024_14_CLE_PIT,2024,14,PIT,CLE,1.0,0.690792883054068,13.0,6.0,0.7151500414461632,backtest (recipe chosen on these seasons),-258.0,210.0,27.0,14.0,2024-12-08,home,PIT,-258.0,≤ −250,0.690792883054068,W,0.3875968992248062,-0.041457937467611006,0.690792883054068,0.3875968992248062,7.0322646129305735
2024_14_GB_DET,2024,14,DET,GB,1.0,0.6037569709421778,3.0,3.0,0.5145755653876594,backtest (recipe chosen on these seasons),-170.0,142.0,34.0,31.0,2024-12-05,home,DET,-170.0,−174 to −130,0.6037569709421778,W,0.5882352941176471,-0.0410918696800705,0.6037569709421778,0.5882352941176471,0.4520450287600774
2024_14_JAX_TEN,2024,14,TEN,JAX,0.0,0.6037569709421778,-4.0,3.0,0.5742303686886581,backtest (recipe chosen on these seasons),-170.0,142.0,6.0,10.0,2024-12-08,home,TEN,-170.0,−174 to −130,0.6037569709421778,L,-1.0,-0.0410918696800705,0.6037569709421778,-1.0,2.315104881281791
2024_14_LAC_KC,2024,14,KC,LAC,1.0,0.6750312469954812,2.0,5.0,0.6948726210136572,backtest (recipe chosen on these seasons),-238.0,195.0,19.0,17.0,2024-12-08,home,KC,-238.0,−249 to −175,0.6750312469954812,W,0.42016806722689076,-0.0413421786366695,0.6750312469954812,0.42016806722689076,6.305110725110737
2024_14_LV_TB,2024,14,TB,LV,1.0,0.7335423197492164,15.0,7.0,0.7379012871819923,backtest (recipe chosen on these seasons),-325.0,260.0,28.0,13.0,2024-12-08,home,TB,-325.0,≤ −250,0.7335423197492164,W,0.3076923076923077,-0.04075235109717859,0.7335423197492164,0.3076923076923077,7.878311664303843
2024_14_NO_NYG,2024,14,NYG,NO,0.0,0.3194444444444444,-3.0,-5.5,0.1844184206334665,backtest (recipe chosen on these seasons),200.0,-245.0,11.0,14.0,2024-12-08,away,NO,-245.0,−249 to −175,0.6805555555555556,W,0.40816326530612246,-0.04166666666666663,0.3194444444444444,0.40816326530612246,-11.116353340372966
2024_14_NYJ_MIA,2024,14,MIA,NYJ,1.0,0.7179705215419501,6.0,6.5,0.7438832290994377,backtest (recipe chosen on these seasons),-298.0,240.0,32.0,26.0,2024-12-08,home,MIA,-298.0,≤ −250,0.7179705215419501,W,0.33557046979865773,-0.04109977324263042,0.7179705215419501,0.33557046979865773,8.106850415473263
2024_14_SEA_ARI,2024,14,ARI,SEA,0.0,0.6092362344582594,-12.0,3.0,0.6054170690031382,backtest (recipe chosen on these seasons),-175.0,145.0,18.0,30.0,2024-12-08,home,ARI,-175.0,−249 to −175,0.6092362344582594,L,-1.0,-0.04262877442273533,0.6092362344582594,-1.0,3.307663083081856
2024_15_ATL_LV,2024,15,LV,ATL,0.0,0.2559309849029475,-6.0,-6.5,0.1773517201999596,backtest (recipe chosen on these seasons),275.0,-345.0,9.0,15.0,2024-12-16,away,ATL,-345.0,≤ −250,0.7440690150970525,W,0.2898550724637681,-0.04025880661394679,0.2559309849029475,0.2898550724637681,-11.448493130592263
2024_15_BAL_NYG,2024,15,NYG,BAL,0.0,0.08755760368663595,-21.0,-16.5,0.04642489800550395,backtest (recipe chosen on these seasons),1000.0,-1800.0,14.0,35.0,2024-12-15,away,BAL,-1800.0,≤ −250,0.912442396313364,W,0.05555555555555555,-0.03686635944700468,0.08755760368663595,0.05555555555555555,-20.788439050653032
2024_15_BUF_DET,2024,15,DET,BUF,0.0,0.5427435387673957,-6.0,2.5,0.4497212928251732,backtest (recipe chosen on these seasons),-130.0,110.0,42.0,48.0,2024-12-15,away,BUF,110.0,+100 to +129,0.4572564612326044,W,1.1,-0.03976143141153066,0.5427435387673957,-1.0,-1.5631416187622122
2024_15_CHI_MIN,2024,15,MIN,CHI,1.0,0.7335423197492164,18.0,7.0,0.7659133154444513,backtest (recipe chosen on these seasons),-325.0,260.0,30.0,12.0,2024-12-16,home,MIN,-325.0,≤ −250,0.7335423197492164,W,0.3076923076923077,-0.04075235109717859,0.7335423197492164,0.3076923076923077,8.97386973546292
2024_15_CIN_TEN,2024,15,TEN,CIN,0.0,0.31460674157303364,-10.0,-6.0,0.23278043037692056,backtest (recipe chosen on these seasons),205.0,-250.0,27.0,37.0,2024-12-15,away,CIN,-250.0,≤ −250,0.6853932584269663,W,0.4,-0.04044943820224717,0.31460674157303364,0.4,-9.026646368525707
2024_15_DAL_CAR,2024,15,CAR,DAL,0.0,0.5634920634920635,-16.0,2.5,0.5390741992750128,backtest (recipe chosen on these seasons),-142.0,120.0,14.0,30.0,2024-12-15,home,CAR,-142.0,−174 to −130,0.5634920634920635,L,-1.0,-0.03968253968253971,0.5634920634920635,-1.0,1.2135170348731759
2024_15_GB_SEA,2024,15,SEA,GB,0.0,0.4066302458405761,-17.0,-3.0,0.3559850925449955,backtest (recipe chosen on these seasons),136.0,-162.0,13.0,30.0,2024-12-15,away,GB,-162.0,−174 to −130,0.593369754159424,W,0.6172839506172839,-0.04035261981624033,0.4066302458405761,0.6172839506172839,-4.567144589609215
2024_15_IND_DEN,2024,15,DEN,IND,1.0,0.6750312469954812,18.0,4.5,0.615071779581879,backtest (recipe chosen on these seasons),-238.0,195.0,31.0,13.0,2024-12-15,home,DEN,-238.0,−249 to −175,0.6750312469954812,W,0.42016806722689076,-0.0413421786366695,0.6750312469954812,0.42016806722689076,3.619000389773087
2024_15_KC_CLE,2024,15,CLE,KC,0.0,0.33099297893681046,-14.0,-4.5,0.34467744589783667,backtest (recipe chosen on these seasons),190.0,-230.0,7.0,21.0,2024-12-15,away,KC,-230.0,−249 to −175,0.6690070210631895,W,0.43478260869565216,-0.04012036108324979,0.33099297893681046,0.43478260869565216,-4.944668523267234
2024_15_LA_SF,2024,15,SF,LA,0.0,0.5829926410466066,-6.0,3.0,0.640387517383111,backtest (recipe chosen on these seasons),-155.0,130.0,6.0,12.0,2024-12-12,home,SF,-155.0,−174 to −130,0.5829926410466066,L,-1.0,-0.04088307440719552,0.5829926410466066,-1.0,4.446950708208055
2024_15_MIA_HOU,2024,15,HOU,MIA,1.0,0.5829926410466066,8.0,2.5,0.5609342665229605,backtest (recipe chosen on these seasons),-155.0,130.0,20.0,12.0,2024-12-15,home,HOU,-155.0,−174 to −130,0.5829926410466066,W,0.6451612903225806,-0.04088307440719552,0.5829926410466066,0.6451612903225806,1.8967952700134953
2024_15_NE_ARI,2024,15,ARI,NE,1.0,0.690792883054068,13.0,6.0,0.6843795548957321,backtest (recipe chosen on these seasons),-258.0,210.0,30.0,17.0,2024-12-15,home,ARI,-258.0,≤ −250,0.690792883054068,W,0.3875968992248062,-0.041457937467611006,0.690792883054068,0.3875968992248062,5.9373651982670115
2024_15_NYJ_JAX,2024,15,JAX,NYJ,0.0,0.39076376554174075,-7.0,-3.5,0.5156800118302743,backtest (recipe chosen on these seasons),145.0,-175.0,25.0,32.0,2024-12-15,home,JAX,145.0,+130 to +174,0.39076376554174075,L,-1.0,-0.04262877442273516,0.39076376554174075,0.5714285714285714,0.4863152431277523
2024_15_PIT_PHI,2024,15,PHI,PIT,1.0,0.6957699520733487,14.0,5.5,0.657976317627238,backtest (recipe chosen on these seasons),-265.0,215.0,27.0,13.0,2024-12-15,home,PHI,-265.0,≤ −250,0.6957699520733487,W,0.37735849056603776,-0.041675349031048026,0.6957699520733487,0.37735849056603776,5.033926817899189
2024_15_TB_LAC,2024,15,LAC,TB,0.0,0.593369754159424,-23.0,3.0,0.49877797729354884,backtest (recipe chosen on these seasons),-162.0,136.0,17.0,40.0,2024-12-15,away,TB,136.0,+130 to +174,0.4066302458405761,W,1.36,-0.040352619816240276,0.593369754159424,-1.0,-0.03789130724136618
2024_15_WAS_NO,2024,15,NO,WAS,0.0,0.2428115015974441,-1.0,-7.5,0.19717452254589965,backtest (recipe chosen on these seasons),295.0,-375.0,19.0,20.0,2024-12-15,away,WAS,-375.0,≤ −250,0.7571884984025559,W,0.26666666666666666,-0.04089456869009592,0.2428115015974441,0.26666666666666666,-10.536232571050526
2024_16_ARI_CAR,2024,16,CAR,ARI,1.0,0.3194444444444444,6.0,-5.5,0.24192625667524437,backtest (recipe chosen on these seasons),200.0,-245.0,36.0,30.0,2024-12-22,away,ARI,-245.0,−249 to −175,0.6805555555555556,L,-1.0,-0.04166666666666663,0.3194444444444444,-1.0,-8.660481493967032
2024_16_CLE_CIN,2024,16,CIN,CLE,1.0,0.817258883248731,18.0,10.0,0.9066316394096416,backtest (recipe chosen on these seasons),-575.0,425.0,24.0,6.0,2024-12-22,home,CIN,-575.0,≤ −250,0.817258883248731,W,0.17391304347826086,-0.040609137055837546,0.817258883248731,0.17391304347826086,16.332042594327117
2024_16_DEN_LAC,2024,16,LAC,DEN,1.0,0.5720596355604638,7.0,3.0,0.5130284954910804,backtest (recipe chosen on these seasons),-148.0,124.0,34.0,27.0,2024-12-19,home,LAC,-148.0,−174 to −130,0.5720596355604638,W,0.6756756756756757,-0.04141358365543907,0.5720596355604638,0.6756756756756757,0.404046286823303
2024_16_DET_CHI,2024,16,CHI,DET,0.0,0.2591283863368669,-17.0,-7.0,0.18780951573680674,backtest (recipe chosen on these seasons),270.0,-340.0,17.0,34.0,2024-12-22,away,DET,-340.0,≤ −250,0.740871613663133,W,0.29411764705882354,-0.04122497055359253,0.2591283863368669,0.29411764705882354,-10.959785468596035
2024_16_HOU_KC,2024,16,KC,HOU,1.0,0.6164383561643836,8.0,3.5,0.5744597107992742,backtest (recipe chosen on these seasons),-180.0,150.0,27.0,19.0,2024-12-21,home,KC,-180.0,−249 to −175,0.6164383561643836,W,0.5555555555555556,-0.041095890410958846,0.6164383561643836,0.5555555555555556,2.322342125688889
2024_16_JAX_LV,2024,16,LV,JAX,1.0,0.5427435387673957,5.0,2.5,0.4507165408456875,backtest (recipe chosen on these seasons),-130.0,110.0,19.0,14.0,2024-12-22,away,JAX,110.0,+100 to +129,0.4572564612326044,L,-1.0,-0.03976143141153066,0.5427435387673957,0.7692307692307693,-1.5320395068121613
2024_16_LA_NYJ,2024,16,NYJ,LA,0.0,0.4066302458405761,-10.0,-3.0,0.3385508233672344,backtest (recipe chosen on these seasons),136.0,-162.0,9.0,19.0,2024-12-22,away,LA,-162.0,−174 to −130,0.593369754159424,W,0.6172839506172839,-0.04035261981624033,0.4066302458405761,0.6172839506172839,-5.151133140550499
2024_16_MIN_SEA,2024,16,SEA,MIN,0.0,0.42794036443953615,-3.0,-2.5,0.41831971722960115,backtest (recipe chosen on these seasons),124.0,-148.0,24.0,27.0,2024-12-22,away,MIN,-148.0,−174 to −130,0.5720596355604638,W,0.6756756756756757,-0.04141358365543907,0.42794036443953615,0.6756756756756757,-2.5506188297686
2024_16_NE_BUF,2024,16,BUF,NE,1.0,0.8800000000000001,3.0,14.0,0.9075124330738571,backtest (recipe chosen on these seasons),-1100.0,700.0,24.0,21.0,2024-12-22,home,BUF,-1100.0,≤ −250,0.8800000000000001,W,0.09090909090909091,-0.03999999999999987,0.8800000000000001,0.09090909090909091,16.3975634727101
2024_16_NO_GB,2024,16,GB,NO,1.0,0.8677165354330709,34.0,14.0,0.9209728896914623,backtest (recipe chosen on these seasons),-950.0,625.0,34.0,0.0,2024-12-23,home,GB,-950.0,≤ −250,0.8677165354330709,W,0.10526315789473684,-0.04094488188976372,0.8677165354330709,0.10526315789473684,17.462061024889856
2024_16_NYG_ATL,2024,16,ATL,NYG,1.0,0.8118668596237336,27.0,9.5,0.8798719536929951,backtest (recipe chosen on these seasons),-550.0,410.0,34.0,7.0,2024-12-22,home,ATL,-550.0,≤ −250,0.8118668596237336,W,0.18181818181818182,-0.04052098408104207,0.8118668596237336,0.18181818181818182,14.526671532134676
2024_16_PHI_WAS,2024,16,WAS,PHI,1.0,0.34252477380439467,3.0,-4.0,0.32715704156581094,backtest (recipe chosen on these seasons),180.0,-218.0,36.0,33.0,2024-12-22,away,PHI,-218.0,−249 to −175,0.6574752261956054,L,-1.0,-0.04093063334769487,0.34252477380439467,-1.0,-5.539002535395453
2024_16_PIT_BAL,2024,16,BAL,PIT,1.0,0.7440690150970525,17.0,7.0,0.7458391023281339,backtest (recipe chosen on these seasons),-345.0,275.0,34.0,17.0,2024-12-21,home,BAL,-345.0,≤ −250,0.7440690150970525,W,0.2898550724637681,-0.04025880661394679,0.7440690150970525,0.2898550724637681,8.182174595204177
2024_16_SF_MIA,2024,16,MIA,SF,1.0,0.4675324675324675,12.0,-2.0,0.4156494286861308,backtest (recipe chosen on these seasons),105.0,-125.0,29.0,17.0,2024-12-22,away,SF,-125.0,−129 to −100,0.5324675324675325,L,-1.0,-0.041558441558441406,0.4675324675324675,-1.0,-2.635255729564959
2024_16_TB_DAL,2024,16,DAL,TB,1.0,0.34252477380439467,2.0,-4.5,0.30069007222871313,backtest (recipe chosen on these seasons),180.0,-218.0,26.0,24.0,2024-12-22,away,TB,-218.0,−249 to −175,0.6574752261956054,L,-1.0,-0.04093063334769487,0.34252477380439467,-1.0,-6.462296116157539
2024_16_TEN_IND,2024,16,IND,TEN,1.0,0.6369041816941223,8.0,4.0,0.6181106018953478,backtest (recipe chosen on these seasons),-198.0,164.0,38.0,30.0,2024-12-22,home,IND,-198.0,−249 to −175,0.6369041816941223,W,0.5050505050505051,-0.04142703967248251,0.6369041816941223,0.5050505050505051,3.7174607363225047
2024_17_ARI_LA,2024,17,LA,ARI,1.0,0.740871613663133,4.0,6.5,0.7250790340215272,backtest (recipe chosen on these seasons),-340.0,270.0,13.0,9.0,2024-12-28,home,LA,-340.0,≤ −250,0.740871613663133,W,0.29411764705882354,-0.04122497055359253,0.740871613663133,0.29411764705882354,7.397222943215165
2024_17_ATL_WAS,2024,17,WAS,ATL,1.0,0.6309403437815976,6.0,3.5,0.6032443309874101,backtest (recipe chosen on these seasons),-192.0,160.0,30.0,24.0,2024-12-29,home,WAS,-192.0,−249 to −175,0.6309403437815976,W,0.5208333333333334,-0.04044489383215366,0.6309403437815976,0.5208333333333334,3.23789324924733
2024_17_BAL_HOU,2024,17,HOU,BAL,0.0,0.3194444444444444,-29.0,-5.5,0.331155281566269,backtest (recipe chosen on these seasons),200.0,-245.0,2.0,31.0,2024-12-25,away,BAL,-245.0,−249 to −175,0.6805555555555556,W,0.40816326530612246,-0.04166666666666663,0.3194444444444444,0.40816326530612246,-5.40229222817874
2024_17_CAR_TB,2024,17,TB,CAR,1.0,0.7999999999999999,34.0,9.5,0.8248431351823936,backtest (recipe chosen on these seasons),-500.0,380.0,48.0,14.0,2024-12-29,home,TB,-500.0,≤ −250,0.7999999999999999,W,0.2,-0.04000000000000006,0.7999999999999999,0.2,11.553344113936008
2024_17_DAL_PHI,2024,17,PHI,DAL,1.0,0.7335423197492164,34.0,7.5,0.6887881476943992,backtest (recipe chosen on these seasons),-325.0,260.0,41.0,7.0,2024-12-29,home,PHI,-325.0,≤ −250,0.7335423197492164,W,0.3076923076923077,-0.04075235109717859,0.7335423197492164,0.3076923076923077,6.091213679071505
2024_17_DEN_CIN,2024,17,CIN,DEN,1.0,0.6092362344582594,6.0,3.5,0.6606873954355109,backtest (recipe chosen on these seasons),-175.0,145.0,30.0,24.0,2024-12-28,home,CIN,-175.0,−249 to −175,0.6092362344582594,W,0.5714285714285714,-0.04262877442273533,0.6092362344582594,0.5714285714285714,5.125384353850942
2024_17_DET_SF,2024,17,SF,DET,0.0,0.33099297893681046,-6.0,-4.0,0.4085885065632421,backtest (recipe chosen on these seasons),190.0,-230.0,34.0,40.0,2024-12-30,away,DET,-230.0,−249 to −175,0.6690070210631895,W,0.43478260869565216,-0.04012036108324979,0.33099297893681046,0.43478260869565216,-2.8596640169275336
2024_17_GB_MIN,2024,17,MIN,GB,1.0,0.4956702459300312,2.0,-1.0,0.4731623645446435,backtest (recipe chosen on these seasons),-108.0,-112.0,27.0,25.0,2024-12-29,away,GB,-112.0,−129 to −100,0.5043297540699688,L,-1.0,-0.04537582265327328,0.4956702459300312,-1.0,-0.832782992467321
2024_17_IND_NYG,2024,17,NYG,IND,1.0,0.22849462365591394,12.0,-7.5,0.1721665979181642,backtest (recipe chosen on these seasons),320.0,-410.0,45.0,33.0,2024-12-29,away,IND,-410.0,≤ −250,0.771505376344086,L,-1.0,-0.04032258064516131,0.22849462365591394,-1.0,-11.697543504521018
2024_17_KC_PIT,2024,17,PIT,KC,0.0,0.4066302458405761,-19.0,-3.0,0.4630027000387024,backtest (recipe chosen on these seasons),136.0,-162.0,10.0,29.0,2024-12-25,away,KC,-162.0,−174 to −130,0.593369754159424,W,0.6172839506172839,-0.04035261981624033,0.4066302458405761,0.6172839506172839,-1.148824308640589
2024_17_LAC_NE,2024,17,NE,LAC,0.0,0.27792074112197634,-33.0,-6.0,0.33317628319987125,backtest (recipe chosen on these seasons),245.0,-305.0,7.0,40.0,2024-12-28,away,LAC,-305.0,≤ −250,0.7220792588780237,W,0.32786885245901637,-0.04117344312918164,0.27792074112197634,0.32786885245901637,-5.3334401800548035
2024_17_LV_NO,2024,17,NO,LV,0.0,0.4675324675324675,-15.0,-2.0,0.4243748281445482,backtest (recipe chosen on these seasons),105.0,-125.0,10.0,25.0,2024-12-29,away,LV,-125.0,−129 to −100,0.5324675324675325,W,0.8,-0.041558441558441406,0.4675324675324675,0.8,-2.35913239015583
2024_17_MIA_CLE,2024,17,CLE,MIA,0.0,0.3962430290578221,-17.0,-3.0,0.35145604659608026,backtest (recipe chosen on these seasons),142.0,-170.0,3.0,20.0,2024-12-29,away,MIA,-170.0,−174 to −130,0.6037569709421778,W,0.5882352941176471,-0.0410918696800705,0.3962430290578221,0.5882352941176471,-4.717824094110178
2024_17_NYJ_BUF,2024,17,BUF,NYJ,1.0,0.8042929292929294,26.0,10.0,0.8374675436922583,backtest (recipe chosen on these seasons),-520.0,390.0,40.0,14.0,2024-12-29,home,BUF,-520.0,≤ −250,0.8042929292929294,W,0.19230769230769232,-0.0410353535353534,0.8042929292929294,0.19230769230769232,12.173353088869872
2024_17_SEA_CHI,2024,17,CHI,SEA,0.0,0.3690596562184025,-3.0,-3.5,0.3686760907413856,backtest (recipe chosen on these seasons),160.0,-192.0,3.0,6.0,2024-12-26,away,SEA,-192.0,−249 to −175,0.6309403437815976,W,0.5208333333333334,-0.04044489383215366,0.3690596562184025,0.5208333333333334,-4.14842544666438
2024_17_TEN_JAX,2024,17,JAX,TEN,1.0,0.5043297540699688,7.0,-1.0,0.4639189956754879,backtest (recipe chosen on these seasons),-112.0,-108.0,20.0,13.0,2024-12-29,away,TEN,-108.0,−129 to −100,0.4956702459300312,L,-1.0,-0.04537582265327328,0.5043297540699688,0.8928571428571429,-1.1202929761752167
2024_18_BUF_NE,2024,18,NE,BUF,1.0,0.4003612281757977,7.0,-3.0,0.28683653054364816,backtest (recipe chosen on these seasons),140.0,-166.0,23.0,16.0,2025-01-05,away,BUF,-166.0,−174 to −130,0.5996387718242023,L,-1.0,-0.0391330523780854,0.4003612281757977,-1.0,-6.959983707073694
2024_18_CAR_ATL,2024,18,ATL,CAR,0.0,0.7600000000000001,-6.0,7.5,0.7740914727367374,backtest (recipe chosen on these seasons),-380.0,300.0,38.0,44.0,2025-01-05,home,ATL,-380.0,≤ −250,0.7600000000000001,L,-1.0,-0.03999999999999987,0.7600000000000001,-1.0,9.30705409434963
2024_18_CHI_GB,2024,18,GB,CHI,0.0,0.771505376344086,-2.0,10.0,0.6959798264567276,backtest (recipe chosen on these seasons),-410.0,320.0,22.0,24.0,2025-01-05,home,GB,-410.0,≤ −250,0.771505376344086,L,-1.0,-0.04032258064516131,0.771505376344086,-1.0,6.3442357247517664
2024_18_CIN_PIT,2024,18,PIT,CIN,0.0,0.42794036443953615,-2.0,-2.5,0.37191040822588745,backtest (recipe chosen on these seasons),124.0,-148.0,17.0,19.0,2025-01-04,away,CIN,-148.0,−174 to −130,0.5720596355604638,W,0.6756756756756757,-0.04141358365543907,0.42794036443953615,0.6756756756756757,-4.042488901324265
2024_18_CLE_BAL,2024,18,BAL,CLE,1.0,0.9258160237388724,25.0,19.5,0.9527201524648375,backtest (recipe chosen on these seasons),-2400.0,1200.0,35.0,10.0,2025-01-04,home,BAL,-2400.0,≤ −250,0.9258160237388724,W,0.041666666666666664,-0.035608308605341255,0.9258160237388724,0.041666666666666664,20.680421345221685
2024_18_HOU_TEN,2024,18,TEN,HOU,0.0,0.5634920634920635,-9.0,2.5,0.6229590900080982,backtest (recipe chosen on these seasons),-142.0,120.0,14.0,23.0,2025-01-05,home,TEN,-142.0,−174 to −130,0.5634920634920635,L,-1.0,-0.03968253968253971,0.5634920634920635,-1.0,3.875047647892709
2024_18_JAX_IND,2024,18,IND,JAX,1.0,0.6164383561643836,3.0,3.5,0.6415891543356959,backtest (recipe chosen on these seasons),-180.0,150.0,26.0,23.0,2025-01-05,home,IND,-180.0,−249 to −175,0.6164383561643836,W,0.5555555555555556,-0.041095890410958846,0.6164383561643836,0.5555555555555556,4.486720009141601
2024_18_KC_DEN,2024,18,DEN,KC,1.0,0.7957758771164253,38.0,10.5,0.8497775900561576,backtest (recipe chosen on these seasons),-485.0,370.0,38.0,0.0,2025-01-05,home,DEN,-485.0,≤ −250,0.7957758771164253,W,0.20618556701030927,-0.04014662244719838,0.7957758771164253,0.20618556701030927,12.808887123570132
2024_18_LAC_LV,2024,18,LV,LAC,0.0,0.2559309849029475,-14.0,-7.0,0.2712187963133343,backtest (recipe chosen on these seasons),275.0,-345.0,20.0,34.0,2025-01-05,away,LAC,-345.0,≤ −250,0.7440690150970525,W,0.2898550724637681,-0.04025880661394679,0.2559309849029475,0.2898550724637681,-7.534950816800418
2024_18_MIA_NYJ,2024,18,NYJ,MIA,1.0,0.5260865852617197,12.0,1.5,0.5766901687029103,backtest (recipe chosen on these seasons),-122.0,102.0,32.0,20.0,2025-01-05,home,NYJ,-122.0,−129 to −100,0.5260865852617197,W,0.819672131147541,-0.042694902228674,0.5260865852617197,0.819672131147541,2.39276953634058
2024_18_MIN_DET,2024,18,DET,MIN,1.0,0.5720596355604638,22.0,3.0,0.508186669835686,backtest (recipe chosen on these seasons),-148.0,124.0,31.0,9.0,2025-01-05,home,DET,-148.0,−174 to −130,0.5720596355604638,W,0.6756756756756757,-0.04141358365543907,0.5720596355604638,0.6756756756756757,0.253861822735143
2024_18_NO_TB,2024,18,TB,NO,1.0,0.8761776581426649,8.0,14.5,0.909992098921748,backtest (recipe chosen on these seasons),-1050.0,675.0,27.0,19.0,2025-01-05,home,TB,-1050.0,≤ −250,0.8761776581426649,W,0.09523809523809523,-0.04037685060565273,0.8761776581426649,0.09523809523809523,16.584537926902946
2024_18_NYG_PHI,2024,18,PHI,NYG,1.0,0.5829926410466066,7.0,3.0,0.4455118207383666,backtest (recipe chosen on these seasons),-155.0,130.0,20.0,13.0,2025-01-05,away,NYG,130.0,+130 to +174,0.4170073589533933,L,-1.0,-0.0408830744071953,0.5829926410466066,0.6451612903225806,-1.6948019521161806
2024_18_SEA_LA,2024,18,LA,SEA,0.0,0.2491874322860238,-5.0,-7.5,0.21182824156228375,backtest (recipe chosen on these seasons),285.0,-360.0,25.0,30.0,2025-01-05,away,SEA,-360.0,≤ −250,0.7508125677139762,W,0.2777777777777778,-0.040628385698808195,0.2491874322860238,0.2777777777777778,-9.897159664290605
2024_18_SF_ARI,2024,18,ARI,SF,1.0,0.6309403437815976,23.0,4.5,0.6642292451383205,backtest (recipe chosen on these seasons),-192.0,160.0,47.0,24.0,2025-01-05,home,ARI,-192.0,−249 to −175,0.6309403437815976,W,0.5208333333333334,-0.04044489383215366,0.6309403437815976,0.5208333333333334,5.245292230922474
2024_18_WAS_DAL,2024,18,DAL,WAS,0.0,0.27424749163879597,-4.0,-7.0,0.279767461291365,backtest (recipe chosen on these seasons),250.0,-310.0,19.0,23.0,2025-01-05,away,WAS,-310.0,≤ −250,0.725752508361204,W,0.3225806451612903,-0.0401337792642141,0.27424749163879597,0.3225806451612903,-7.218296336688227
2025_01_ARI_NO,2025,1,NO,ARI,0.0,0.299837925445705,-7.0,-6.0,0.2077878548267743,backtest (recipe chosen on these seasons),220.0,-270.0,13.0,20.0,2025-09-07,away,ARI,-270.0,≤ −250,0.7001620745542949,W,0.37037037037037035,-0.04051863857374405,0.299837925445705,0.37037037037037035,-10.070675192745458
2025_01_BAL_BUF,2025,1,BUF,BAL,1.0,0.4572564612326044,1.0,-1.5,0.4352074482104136,backtest (recipe chosen on these seasons),110.0,-130.0,41.0,40.0,2025-09-07,away,BAL,-130.0,−174 to −130,0.5427435387673957,L,-1.0,-0.03976143141153071,0.4572564612326044,-1.0,-2.0179366888873416
2025_01_CAR_JAX,2025,1,JAX,CAR,1.0,0.644729178800233,16.0,4.5,0.6746630340507398,backtest (recipe chosen on these seasons),-205.0,170.0,26.0,10.0,2025-09-07,home,JAX,-205.0,−249 to −175,0.644729178800233,W,0.4878048780487805,-0.04076878276062901,0.644729178800233,0.4878048780487805,5.601459477156474
2025_01_CIN_CLE,2025,1,CLE,CIN,0.0,0.3249687530045188,-1.0,-5.5,0.1932481337231276,backtest (recipe chosen on these seasons),195.0,-238.0,16.0,17.0,2025-09-07,away,CIN,-238.0,−249 to −175,0.6750312469954812,W,0.42016806722689076,-0.0413421786366695,0.3249687530045188,0.42016806722689076,-10.712282275601071
2025_01_DAL_PHI,2025,1,PHI,DAL,1.0,0.7768331562167907,4.0,8.5,0.7343712662737104,backtest (recipe chosen on these seasons),-425.0,330.0,24.0,20.0,2025-09-04,home,PHI,-425.0,≤ −250,0.7768331562167907,W,0.23529411764705882,-0.040382571732199696,0.7768331562167907,0.23529411764705882,7.744703943938142
2025_01_DET_GB,2025,1,GB,DET,1.0,0.5217391304347826,14.0,1.5,0.5345281854241267,backtest (recipe chosen on these seasons),-120.0,100.0,27.0,13.0,2025-09-07,home,GB,-120.0,−129 to −100,0.5217391304347826,W,0.8333333333333334,-0.043478260869565244,0.5217391304347826,0.8333333333333334,1.0719553013545537
2025_01_HOU_LA,2025,1,LA,HOU,1.0,0.5996387718242023,5.0,3.5,0.627104978677434,backtest (recipe chosen on these seasons),-166.0,140.0,14.0,9.0,2025-09-07,home,LA,-166.0,−174 to −130,0.5996387718242023,W,0.6024096385542169,-0.0391330523780854,0.5996387718242023,0.6024096385542169,4.010298107848403
2025_01_KC_LAC,2025,1,LAC,KC,1.0,0.39076376554174075,6.0,-3.0,0.34462846472937086,backtest (recipe chosen on these seasons),145.0,-175.0,27.0,21.0,2025-09-05,away,KC,-175.0,−249 to −175,0.6092362344582594,L,-1.0,-0.04262877442273533,0.39076376554174075,-1.0,-4.946313641474121
2025_01_LV_NE,2025,1,NE,LV,0.0,0.5829926410466066,-7.0,2.5,0.5474967799443771,backtest (recipe chosen on these seasons),-155.0,130.0,13.0,20.0,2025-09-07,home,NE,-155.0,−174 to −130,0.5829926410466066,L,-1.0,-0.04088307440719552,0.5829926410466066,-1.0,1.4762288421731453
2025_01_MIA_IND,2025,1,IND,MIA,1.0,0.5043297540699688,25.0,1.5,0.4816680405063727,backtest (recipe chosen on these seasons),-112.0,-108.0,33.0,8.0,2025-09-07,away,MIA,-108.0,−129 to −100,0.4956702459300312,L,-1.0,-0.04537582265327328,0.5043297540699688,0.8928571428571429,-0.5686191039953826
2025_01_MIN_CHI,2025,1,CHI,MIN,0.0,0.4956702459300312,-3.0,-1.5,0.5803672802492392,backtest (recipe chosen on these seasons),-108.0,-112.0,24.0,27.0,2025-09-08,home,CHI,-108.0,−129 to −100,0.4956702459300312,L,-1.0,-0.04537582265327328,0.4956702459300312,0.8928571428571429,2.5090461763960827
2025_01_NYG_WAS,2025,1,WAS,NYG,1.0,0.7179705215419501,15.0,6.0,0.6682265988856836,backtest (recipe chosen on these seasons),-298.0,240.0,21.0,6.0,2025-09-07,home,WAS,-298.0,≤ −250,0.7179705215419501,W,0.33557046979865773,-0.04109977324263042,0.7179705215419501,0.33557046979865773,5.3812162853075245
2025_01_PIT_NYJ,2025,1,NYJ,PIT,0.0,0.4170073589533933,-2.0,-3.0,0.41193403484173235,backtest (recipe chosen on these seasons),130.0,-155.0,32.0,34.0,2025-09-07,away,PIT,-155.0,−174 to −130,0.5829926410466066,W,0.6451612903225806,-0.04088307440719552,0.4170073589533933,0.6451612903225806,-2.7532245539974998
2025_01_SF_SEA,2025,1,SEA,SF,0.0,0.448558885283451,-4.0,-2.5,0.42365138117511886,backtest (recipe chosen on these seasons),114.0,-135.0,13.0,17.0,2025-09-07,away,SF,-135.0,−174 to −130,0.551441114716549,W,0.7407407407407407,-0.04008398549341474,0.448558885283451,0.7407407407407407,-2.3819800179264683
2025_01_TB_ATL,2025,1,ATL,TB,0.0,0.4891657638136511,-3.0,-1.5,0.4473202894497093,backtest (recipe chosen on these seasons),-105.0,-115.0,20.0,23.0,2025-09-07,away,TB,-115.0,−129 to −100,0.5108342361863488,W,0.8695652173913043,-0.04496208017334785,0.4891657638136511,0.8695652173913043,-1.6382155319745766
2025_01_TEN_DEN,2025,1,DEN,TEN,1.0,0.7867435158501441,8.0,8.5,0.7839001902847307,backtest (recipe chosen on these seasons),-455.0,350.0,20.0,12.0,2025-09-07,home,DEN,-455.0,≤ −250,0.7867435158501441,W,0.21978021978021978,-0.04034582132564837,0.7867435158501441,0.21978021978021978,9.715808729570908
2025_02_ATL_MIN,2025,2,MIN,ATL,0.0,0.6164383561643836,-16.0,3.5,0.5539591592498982,backtest (recipe chosen on these seasons),-180.0,150.0,6.0,22.0,2025-09-14,home,MIN,-180.0,−249 to −175,0.6164383561643836,L,-1.0,-0.041095890410958846,0.6164383561643836,-1.0,1.6782454641167686
2025_02_BUF_NYJ,2025,2,NYJ,BUF,0.0,0.28644876973925815,-20.0,-6.0,0.2467505164754632,backtest (recipe chosen on these seasons),235.0,-290.0,10.0,30.0,2025-09-14,away,BUF,-290.0,≤ −250,0.7135512302607419,W,0.3448275862068966,-0.04039662137348507,0.28644876973925815,0.3448275862068966,-8.470370410558207
2025_02_CAR_ARI,2025,2,ARI,CAR,1.0,0.725752508361204,5.0,7.0,0.7095333490554704,backtest (recipe chosen on these seasons),-310.0,250.0,27.0,22.0,2025-09-14,home,ARI,-310.0,≤ −250,0.725752508361204,W,0.3225806451612903,-0.0401337792642141,0.725752508361204,0.3225806451612903,6.828511752945734
2025_02_CHI_DET,2025,2,DET,CHI,1.0,0.7001620745542949,31.0,6.0,0.7718905858980625,backtest (recipe chosen on these seasons),-270.0,220.0,52.0,21.0,2025-09-14,home,DET,-270.0,≤ −250,0.7001620745542949,W,0.37037037037037035,-0.04051863857374405,0.7001620745542949,0.37037037037037035,9.216732314067118
2025_02_CLE_BAL,2025,2,BAL,CLE,1.0,0.863013698630137,24.0,12.5,0.8881024853357359,backtest (recipe chosen on these seasons),-900.0,600.0,41.0,17.0,2025-09-14,home,BAL,-900.0,≤ −250,0.863013698630137,W,0.1111111111111111,-0.0410958904109589,0.863013698630137,0.1111111111111111,15.04808815976458
2025_02_DEN_IND,2025,2,IND,DEN,1.0,0.4572564612326044,1.0,-2.5,0.5176684673020414,backtest (recipe chosen on these seasons),110.0,-130.0,29.0,28.0,2025-09-14,home,IND,110.0,+100 to +129,0.4572564612326044,W,1.1,-0.03976143141153066,0.4572564612326044,-1.0,0.5480252386376722
2025_02_JAX_CIN,2025,2,CIN,JAX,1.0,0.6309403437815976,4.0,3.5,0.6789945850690862,backtest (recipe chosen on these seasons),-192.0,160.0,31.0,27.0,2025-09-14,home,CIN,-192.0,−249 to −175,0.6309403437815976,W,0.5208333333333334,-0.04044489383215366,0.6309403437815976,0.5208333333333334,5.750678975015193
2025_02_LAC_LV,2025,2,LV,LAC,0.0,0.3630958183058778,-11.0,-3.5,0.4226557315269019,backtest (recipe chosen on these seasons),164.0,-198.0,9.0,20.0,2025-09-15,away,LAC,-198.0,−249 to −175,0.6369041816941223,W,0.5050505050505051,-0.04142703967248251,0.3630958183058778,0.5050505050505051,-2.413437556913071
2025_02_LA_TEN,2025,2,TEN,LA,0.0,0.31460674157303364,-14.0,-5.5,0.2532692556243004,backtest (recipe chosen on these seasons),205.0,-250.0,19.0,33.0,2025-09-14,away,LA,-250.0,≤ −250,0.6853932584269663,W,0.4,-0.04044943820224717,0.31460674157303364,0.4,-8.21661409720931
2025_02_NE_MIA,2025,2,MIA,NE,0.0,0.5324675324675325,-6.0,1.5,0.5251435942543778,backtest (recipe chosen on these seasons),-125.0,105.0,27.0,33.0,2025-09-14,home,MIA,-125.0,−129 to −100,0.5324675324675325,L,-1.0,-0.041558441558441406,0.5324675324675325,-1.0,0.7801440819534696
2025_02_NYG_DAL,2025,2,DAL,NYG,1.0,0.6750312469954812,3.0,4.5,0.6838999775145524,backtest (recipe chosen on these seasons),-238.0,195.0,40.0,37.0,2025-09-14,home,DAL,-238.0,−249 to −175,0.6750312469954812,W,0.42016806722689076,-0.0413421786366695,0.6750312469954812,0.42016806722689076,5.920684866944158
2025_02_PHI_KC,2025,2,KC,PHI,0.0,0.4739134147382802,-3.0,-1.5,0.4916729824658419,backtest (recipe chosen on these seasons),102.0,-122.0,17.0,20.0,2025-09-14,away,PHI,-122.0,−129 to −100,0.5260865852617197,W,0.819672131147541,-0.042694902228674,0.4739134147382802,0.819672131147541,-0.2582145149782192
2025_02_SEA_PIT,2025,2,PIT,SEA,0.0,0.6309403437815976,-14.0,3.5,0.6626550607849477,backtest (recipe chosen on these seasons),-192.0,160.0,17.0,31.0,2025-09-14,home,PIT,-192.0,−249 to −175,0.6309403437815976,L,-1.0,-0.04044489383215366,0.6309403437815976,-1.0,5.191938675331127
2025_02_SF_NO,2025,2,NO,SF,0.0,0.4003612281757977,-5.0,-3.0,0.3451075639551439,backtest (recipe chosen on these seasons),140.0,-166.0,21.0,26.0,2025-09-14,away,SF,-166.0,−174 to −130,0.5996387718242023,W,0.6024096385542169,-0.0391330523780854,0.4003612281757977,0.6024096385542169,-4.930226007523429
2025_02_TB_HOU,2025,2,HOU,TB,0.0,0.551441114716549,-1.0,2.5,0.5131637318743344,backtest (recipe chosen on these seasons),-135.0,114.0,19.0,20.0,2025-09-15,home,HOU,-135.0,−174 to −130,0.551441114716549,L,-1.0,-0.04008398549341474,0.551441114716549,-1.0,0.4082418210584348
2025_02_WAS_GB,2025,2,GB,WAS,1.0,0.6224665518611737,9.0,3.5,0.6109082240130932,backtest (recipe chosen on these seasons),-185.0,154.0,27.0,18.0,2025-09-11,home,GB,-185.0,−249 to −175,0.6224665518611737,W,0.5405405405405406,-0.04106504172738101,0.6224665518611737,0.5405405405405406,3.484467730837442
2025_03_ARI_SF,2025,3,SF,ARI,1.0,0.5324675324675325,1.0,1.5,0.5623717833564922,backtest (recipe chosen on these seasons),-125.0,105.0,16.0,15.0,2025-09-21,home,SF,-125.0,−129 to −100,0.5324675324675325,W,0.8,-0.041558441558441406,0.5324675324675325,0.8,1.9419081620251066
2025_03_ATL_CAR,2025,3,CAR,ATL,1.0,0.33635187580853815,30.0,-5.5,0.3361624512675688,backtest (recipe chosen on these seasons),185.0,-225.0,30.0,0.0,2025-09-21,away,ATL,-225.0,−249 to −175,0.6636481241914618,L,-1.0,-0.04139715394566629,0.33635187580853815,-1.0,-5.232007449529004
2025_03_CIN_MIN,2025,3,MIN,CIN,1.0,0.593369754159424,38.0,3.0,0.48346312844193895,backtest (recipe chosen on these seasons),-162.0,136.0,48.0,10.0,2025-09-21,away,CIN,136.0,+130 to +174,0.4066302458405761,L,-1.0,-0.040352619816240276,0.593369754159424,0.6172839506172839,-0.5129055697953286
2025_03_DAL_CHI,2025,3,CHI,DAL,1.0,0.4675324675324675,17.0,-1.5,0.40034935177897474,backtest (recipe chosen on these seasons),105.0,-125.0,31.0,14.0,2025-09-21,away,DAL,-125.0,−129 to −100,0.5324675324675325,L,-1.0,-0.041558441558441406,0.4675324675324675,-1.0,-3.1227193234221855
2025_03_DEN_LAC,2025,3,LAC,DEN,1.0,0.5829926410466066,3.0,2.5,0.5304071255400222,backtest (recipe chosen on these seasons),-155.0,130.0,23.0,20.0,2025-09-21,home,LAC,-155.0,−174 to −130,0.5829926410466066,W,0.6451612903225806,-0.04088307440719552,0.5829926410466066,0.6451612903225806,0.9437482331890833
2025_03_DET_BAL,2025,3,BAL,DET,0.0,0.6805555555555556,-8.0,4.5,0.7137787376798296,backtest (recipe chosen on these seasons),-245.0,200.0,30.0,38.0,2025-09-22,home,BAL,-245.0,−249 to −175,0.6805555555555556,L,-1.0,-0.04166666666666663,0.6805555555555556,-1.0,6.982344574704603
2025_03_GB_CLE,2025,3,CLE,GB,1.0,0.20863836017569545,3.0,-8.5,0.18784236776133365,backtest (recipe chosen on these seasons),360.0,-470.0,13.0,10.0,2025-09-21,away,GB,-470.0,≤ −250,0.7913616398243045,L,-1.0,-0.040263543191800893,0.20863836017569545,-1.0,-10.958277275468774
2025_03_HOU_JAX,2025,3,JAX,HOU,1.0,0.5324675324675325,7.0,1.5,0.594714965192084,backtest (recipe chosen on these seasons),-125.0,105.0,17.0,10.0,2025-09-21,home,JAX,-125.0,−129 to −100,0.5324675324675325,W,0.8,-0.041558441558441406,0.5324675324675325,0.8,2.964973568458029
2025_03_IND_TEN,2025,3,TEN,IND,0.0,0.3194444444444444,-21.0,-6.0,0.20977016638422114,backtest (recipe chosen on these seasons),200.0,-245.0,20.0,41.0,2025-09-21,away,IND,-245.0,−249 to −175,0.6805555555555556,W,0.40816326530612246,-0.04166666666666663,0.3194444444444444,0.40816326530612246,-9.985298778607998
2025_03_KC_NYG,2025,3,NYG,KC,0.0,0.26645768025078376,-13.0,-6.0,0.27731172723918945,backtest (recipe chosen on these seasons),260.0,-325.0,9.0,22.0,2025-09-21,away,KC,-325.0,≤ −250,0.7335423197492164,W,0.3076923076923077,-0.04075235109717859,0.26645768025078376,0.3076923076923077,-7.308767897762281
2025_03_LA_PHI,2025,3,PHI,LA,1.0,0.6369041816941223,7.0,3.5,0.6423742843230333,backtest (recipe chosen on these seasons),-198.0,164.0,33.0,26.0,2025-09-21,home,PHI,-198.0,−249 to −175,0.6369041816941223,W,0.5050505050505051,-0.04142703967248251,0.6369041816941223,0.5050505050505051,4.512729667994266
2025_03_LV_WAS,2025,3,WAS,LV,1.0,0.5829926410466066,17.0,2.5,0.5302393805277434,backtest (recipe chosen on these seasons),-155.0,130.0,41.0,24.0,2025-09-21,home,WAS,-155.0,−174 to −130,0.5829926410466066,W,0.6451612903225806,-0.04088307440719552,0.5829926410466066,0.6451612903225806,0.9385318892541754
2025_03_MIA_BUF,2025,3,BUF,MIA,1.0,0.8524590163934427,10.0,12.5,0.8585315609500338,backtest (recipe chosen on these seasons),-800.0,550.0,31.0,21.0,2025-09-18,home,BUF,-800.0,≤ −250,0.8524590163934427,W,0.125,-0.040983606557376984,0.8524590163934427,0.125,13.28222864491911
2025_03_NO_SEA,2025,3,SEA,NO,1.0,0.7571884984025559,31.0,7.5,0.7909364266555878,backtest (recipe chosen on these seasons),-375.0,295.0,44.0,13.0,2025-09-21,home,SEA,-375.0,≤ −250,0.7571884984025559,W,0.26666666666666666,-0.04089456869009592,0.7571884984025559,0.26666666666666666,10.015676380891884
2025_03_NYJ_TB,2025,3,TB,NYJ,1.0,0.7440690150970525,2.0,6.5,0.7549164361713127,backtest (recipe chosen on these seasons),-345.0,275.0,29.0,27.0,2025-09-21,home,TB,-345.0,≤ −250,0.7440690150970525,W,0.2898550724637681,-0.04025880661394679,0.7440690150970525,0.2898550724637681,8.535832283156795
2025_03_PIT_NE,2025,3,NE,PIT,0.0,0.4782608695652174,-7.0,-1.5,0.4558366738243075,backtest (recipe chosen on these seasons),100.0,-120.0,14.0,21.0,2025-09-21,away,PIT,-120.0,−129 to −100,0.5217391304347826,W,0.8333333333333334,-0.043478260869565244,0.4782608695652174,0.8333333333333334,-1.372180829162571
2025_04_BAL_KC,2025,4,KC,BAL,1.0,0.42794036443953615,17.0,-2.5,0.44303047323800765,backtest (recipe chosen on these seasons),124.0,-148.0,37.0,20.0,2025-09-28,away,BAL,-148.0,−174 to −130,0.5720596355604638,L,-1.0,-0.04141358365543907,0.42794036443953615,-1.0,-1.772500537711102
2025_04_CAR_NE,2025,4,NE,CAR,1.0,0.6957699520733487,29.0,5.5,0.759070786670233,backtest (recipe chosen on these seasons),-265.0,215.0,42.0,13.0,2025-09-28,home,NE,-265.0,≤ −250,0.6957699520733487,W,0.37735849056603776,-0.041675349031048026,0.6957699520733487,0.37735849056603776,8.700027160891523
2025_04_CHI_LV,2025,4,LV,CHI,0.0,0.5324675324675325,-1.0,1.5,0.46522311579482817,backtest (recipe chosen on these seasons),-125.0,105.0,24.0,25.0,2025-09-28,away,CHI,105.0,+100 to +129,0.4675324675324675,W,1.05,-0.04155844155844163,0.5324675324675325,-1.0,-1.0796959217895354
2025_04_CIN_DEN,2025,4,DEN,CIN,1.0,0.7913616398243045,25.0,7.5,0.7549122174554708,backtest (recipe chosen on these seasons),-470.0,360.0,28.0,3.0,2025-09-29,home,DEN,-470.0,≤ −250,0.7913616398243045,W,0.2127659574468085,-0.040263543191800893,0.7913616398243045,0.2127659574468085,8.53566631124616
2025_04_CLE_DET,2025,4,DET,CLE,1.0,0.8118668596237336,24.0,10.0,0.8774433599696089,backtest (recipe chosen on these seasons),-550.0,410.0,34.0,10.0,2025-09-28,home,DET,-550.0,≤ −250,0.8118668596237336,W,0.18181818181818182,-0.04052098408104207,0.8118668596237336,0.18181818181818182,14.37766155766107
2025_04_GB_DAL,2025,4,DAL,GB,0.5,0.2559309849029475,0.0,-7.0,0.4741236074277649,backtest (recipe chosen on these seasons),275.0,-345.0,40.0,40.0,2025-09-28,away,GB,-345.0,≤ −250,0.7440690150970525,P,0.0,-0.04025880661394679,0.2559309849029475,0.0,-0.8029125207638885
2025_04_IND_LA,2025,4,LA,IND,1.0,0.6224665518611737,7.0,3.5,0.5452156044261437,backtest (recipe chosen on these seasons),-185.0,154.0,27.0,20.0,2025-09-28,home,LA,-185.0,−249 to −175,0.6224665518611737,W,0.5405405405405406,-0.04106504172738101,0.6224665518611737,0.5405405405405406,1.4050150473992655
2025_04_JAX_SF,2025,4,SF,JAX,0.0,0.6164383561643836,-5.0,3.5,0.6110278179653709,backtest (recipe chosen on these seasons),-180.0,150.0,21.0,26.0,2025-09-28,home,SF,-180.0,−249 to −175,0.6164383561643836,L,-1.0,-0.041095890410958846,0.6164383561643836,-1.0,3.488326226703247
2025_04_LAC_NYG,2025,4,NYG,LAC,1.0,0.2904564315352697,3.0,-6.0,0.2888358835733817,backtest (recipe chosen on these seasons),230.0,-285.0,21.0,18.0,2025-09-28,away,LAC,-285.0,≤ −250,0.7095435684647302,L,-1.0,-0.04149377593361009,0.2904564315352697,-1.0,-6.8874769100626265
2025_04_MIN_PIT,2025,4,PIT,MIN,1.0,0.42794036443953615,3.0,-2.5,0.528681361486524,backtest (recipe chosen on these seasons),124.0,-148.0,24.0,21.0,2025-09-28,home,PIT,124.0,+100 to +129,0.42794036443953615,W,1.24,-0.04141358365543912,0.42794036443953615,-1.0,0.8900902318767102
2025_04_NO_BUF,2025,4,BUF,NO,1.0,0.8933823529411765,12.0,15.5,0.9116363875063267,backtest (recipe chosen on these seasons),-1350.0,800.0,31.0,19.0,2025-09-28,home,BUF,-1350.0,≤ −250,0.8933823529411765,W,0.07407407407407407,-0.04044117647058819,0.8933823529411765,0.07407407407407407,16.710642391891835
2025_04_NYJ_MIA,2025,4,MIA,NYJ,1.0,0.5720596355604638,6.0,2.5,0.579652458454556,backtest (recipe chosen on these seasons),-148.0,124.0,27.0,21.0,2025-09-29,home,MIA,-148.0,−174 to −130,0.5720596355604638,W,0.6756756756756757,-0.04141358365543907,0.5720596355604638,0.6756756756756757,2.4864252267819165
2025_04_PHI_TB,2025,4,TB,PHI,0.0,0.3775334481388264,-6.0,-3.5,0.33249528629341746,backtest (recipe chosen on these seasons),154.0,-185.0,25.0,31.0,2025-09-28,away,PHI,-185.0,−249 to −175,0.6224665518611737,W,0.5405405405405406,-0.04106504172738101,0.3775334481388264,0.5405405405405406,-5.356622013358402
2025_04_SEA_ARI,2025,4,ARI,SEA,0.0,0.4675324675324675,-3.0,-1.5,0.4033538275148597,backtest (recipe chosen on these seasons),105.0,-125.0,20.0,23.0,2025-09-25,away,SEA,-125.0,−129 to −100,0.5324675324675325,W,0.8,-0.041558441558441406,0.4675324675324675,0.8,-3.0266366484345726
2025_04_TEN_HOU,2025,4,HOU,TEN,1.0,0.7819063004846527,26.0,7.5,0.7413069736606761,backtest (recipe chosen on these seasons),-440.0,340.0,26.0,0.0,2025-09-28,home,HOU,-440.0,≤ −250,0.7819063004846527,W,0.22727272727272727,-0.04038772213247169,0.7819063004846527,0.22727272727272727,8.008090294783981
2025_04_WAS_ATL,2025,4,ATL,WAS,1.0,0.5634920634920635,7.0,2.5,0.5914957713309547,backtest (recipe chosen on these seasons),-142.0,120.0,34.0,27.0,2025-09-28,home,ATL,-142.0,−174 to −130,0.5634920634920635,W,0.704225352112676,-0.03968253968253971,0.5634920634920635,0.704225352112676,2.8623480582608325
2025_05_DAL_NYJ,2025,5,NYJ,DAL,0.0,0.5108342361863488,-15.0,1.5,0.4149717540455913,backtest (recipe chosen on these seasons),-115.0,-105.0,22.0,37.0,2025-10-05,away,DAL,-105.0,−129 to −100,0.4891657638136511,W,0.9523809523809523,-0.04496208017334791,0.5108342361863488,-1.0,-2.6567546459384426
2025_05_DEN_PHI,2025,5,PHI,DEN,0.0,0.6574752261956054,-4.0,3.5,0.6807027936900837,backtest (recipe chosen on these seasons),-218.0,180.0,17.0,21.0,2025-10-05,home,PHI,-218.0,−249 to −175,0.6574752261956054,L,-1.0,-0.04093063334769487,0.6574752261956054,-1.0,5.809755439808817
2025_05_DET_CIN,2025,5,CIN,DET,0.0,0.18274111675126903,-13.0,-10.5,0.13459195594378973,backtest (recipe chosen on these seasons),425.0,-575.0,24.0,37.0,2025-10-05,away,DET,-575.0,≤ −250,0.817258883248731,W,0.17391304347826086,-0.040609137055837546,0.18274111675126903,0.17391304347826086,-13.668155661554849
2025_05_HOU_BAL,2025,5,BAL,HOU,0.0,0.42794036443953615,-34.0,-2.5,0.4062548070145886,backtest (recipe chosen on these seasons),124.0,-148.0,10.0,44.0,2025-10-05,away,HOU,-148.0,−174 to −130,0.5720596355604638,W,0.6756756756756757,-0.04141358365543907,0.42794036443953615,0.6756756756756757,-2.934036788854603
2025_05_KC_JAX,2025,5,JAX,KC,1.0,0.3630958183058778,3.0,-3.5,0.4265799688304318,backtest (recipe chosen on these seasons),164.0,-198.0,31.0,28.0,2025-10-06,away,KC,-198.0,−249 to −175,0.6369041816941223,L,-1.0,-0.04142703967248251,0.3630958183058778,-1.0,-2.2895397577557994
2025_05_LV_IND,2025,5,IND,LV,1.0,0.7508125677139762,34.0,7.0,0.8014080333186838,backtest (recipe chosen on these seasons),-360.0,285.0,40.0,6.0,2025-10-05,home,IND,-360.0,≤ −250,0.7508125677139762,W,0.2777777777777778,-0.040628385698808195,0.7508125677139762,0.2777777777777778,10.473200326977377
2025_05_MIA_CAR,2025,5,CAR,MIA,1.0,0.4782608695652174,3.0,-1.5,0.42835524596499547,backtest (recipe chosen on these seasons),100.0,-120.0,27.0,24.0,2025-10-05,away,MIA,-120.0,−129 to −100,0.5217391304347826,L,-1.0,-0.043478260869565244,0.4782608695652174,-1.0,-2.2335660156223556
2025_05_MIN_CLE,2025,5,CLE,MIN,0.0,0.3630958183058778,-4.0,-3.5,0.32570325876124157,backtest (recipe chosen on these seasons),164.0,-198.0,17.0,21.0,2025-10-05,away,MIN,-198.0,−249 to −175,0.6369041816941223,W,0.5050505050505051,-0.04142703967248251,0.3630958183058778,0.5050505050505051,-5.588878497317246
2025_05_NE_BUF,2025,5,BUF,NE,0.0,0.7659021045164341,-3.0,7.5,0.766709266523535,backtest (recipe chosen on these seasons),-395.0,310.0,20.0,23.0,2025-10-05,home,BUF,-395.0,≤ −250,0.7659021045164341,L,-1.0,-0.040198628517379986,0.7659021045164341,-1.0,9.006009066364062
2025_05_NYG_NO,2025,5,NO,NYG,1.0,0.5217391304347826,12.0,1.5,0.6089177868484733,backtest (recipe chosen on these seasons),-120.0,100.0,26.0,14.0,2025-10-05,home,NO,-120.0,−129 to −100,0.5217391304347826,W,0.8333333333333334,-0.043478260869565244,0.5217391304347826,0.8333333333333334,3.4202990940420785
2025_05_SF_LA,2025,5,LA,SF,0.0,0.7819063004846527,-3.0,8.5,0.8066072971872574,backtest (recipe chosen on these seasons),-440.0,340.0,23.0,26.0,2025-10-02,home,LA,-440.0,≤ −250,0.7819063004846527,L,-1.0,-0.04038772213247169,0.7819063004846527,-1.0,10.705761749149653
2025_05_TB_SEA,2025,5,SEA,TB,0.0,0.6164383561643836,-3.0,3.5,0.6538207007809104,backtest (recipe chosen on these seasons),-180.0,150.0,35.0,38.0,2025-10-05,home,SEA,-180.0,−249 to −175,0.6164383561643836,L,-1.0,-0.041095890410958846,0.6164383561643836,-1.0,4.894268418648949
2025_05_TEN_ARI,2025,5,ARI,TEN,0.0,0.7768331562167907,-1.0,7.5,0.7462520222300673,backtest (recipe chosen on these seasons),-425.0,330.0,21.0,22.0,2025-10-05,home,ARI,-425.0,≤ −250,0.7768331562167907,L,-1.0,-0.040382571732199696,0.7768331562167907,-1.0,8.198115646273115
2025_05_WAS_LAC,2025,5,LAC,WAS,0.0,0.5829926410466066,-17.0,2.5,0.5063029168474965,backtest (recipe chosen on these seasons),-155.0,130.0,10.0,27.0,2025-10-05,home,LAC,-155.0,−174 to −130,0.5829926410466066,L,-1.0,-0.04088307440719552,0.5829926410466066,-1.0,0.19544262186700168
2025_06_ARI_IND,2025,6,IND,ARI,1.0,0.7913616398243045,4.0,8.5,0.8487504561719571,backtest (recipe chosen on these seasons),-470.0,360.0,31.0,27.0,2025-10-12,home,IND,-470.0,≤ −250,0.7913616398243045,W,0.2127659574468085,-0.040263543191800893,0.7913616398243045,0.2127659574468085,12.754570878271574
2025_06_BUF_ATL,2025,6,ATL,BUF,1.0,0.35527082119976705,10.0,-3.5,0.32384240105555434,backtest (recipe chosen on these seasons),170.0,-205.0,24.0,14.0,2025-10-13,away,BUF,-205.0,−249 to −175,0.644729178800233,L,-1.0,-0.04076878276062901,0.35527082119976705,-1.0,-5.6528532499459825
2025_06_CHI_WAS,2025,6,WAS,CHI,0.0,0.690792883054068,-1.0,5.5,0.5885695399921601,backtest (recipe chosen on these seasons),-258.0,210.0,24.0,25.0,2025-10-13,home,WAS,-258.0,≤ −250,0.690792883054068,L,-1.0,-0.041457937467611006,0.690792883054068,-1.0,2.769232790487578
2025_06_CIN_GB,2025,6,GB,CIN,1.0,0.8720930232558138,9.0,14.0,0.8327988546100932,backtest (recipe chosen on these seasons),-1000.0,650.0,27.0,18.0,2025-10-12,home,GB,-1000.0,≤ −250,0.8720930232558138,W,0.1,-0.04069767441860478,0.8720930232558138,0.1,11.940570311431822
2025_06_CLE_PIT,2025,6,PIT,CLE,1.0,0.705033164260632,14.0,5.5,0.7606308919257261,backtest (recipe chosen on these seasons),-278.0,225.0,23.0,9.0,2025-10-12,home,PIT,-278.0,≤ −250,0.705033164260632,W,0.3597122302158273,-0.04135778384705435,0.705033164260632,0.3597122302158273,8.762084640047199
2025_06_DAL_CAR,2025,6,CAR,DAL,1.0,0.39076376554174075,3.0,-3.0,0.2666700038390228,backtest (recipe chosen on these seasons),145.0,-175.0,30.0,27.0,2025-10-12,away,DAL,-175.0,−249 to −175,0.6092362344582594,L,-1.0,-0.04262877442273533,0.39076376554174075,-1.0,-7.705465564782863
2025_06_DEN_NYJ,2025,6,NYJ,DEN,0.0,0.23409789548356585,-2.0,-7.5,0.27627005731746906,backtest (recipe chosen on these seasons),310.0,-395.0,11.0,13.0,2025-10-12,away,DEN,-395.0,≤ −250,0.7659021045164341,W,0.25316455696202533,-0.040198628517379986,0.23409789548356585,0.25316455696202533,-7.347262124471173
2025_06_DET_KC,2025,6,KC,DET,1.0,0.5634920634920635,13.0,2.5,0.5332353935660842,backtest (recipe chosen on these seasons),-142.0,120.0,30.0,17.0,2025-10-12,home,KC,-142.0,−174 to −130,0.5634920634920635,W,0.704225352112676,-0.03968253968253971,0.5634920634920635,0.704225352112676,1.0317245183998343
2025_06_LAC_MIA,2025,6,MIA,LAC,0.0,0.35527082119976705,-2.0,-3.5,0.438919026540588,backtest (recipe chosen on these seasons),170.0,-205.0,27.0,29.0,2025-10-12,away,LAC,-205.0,−249 to −175,0.644729178800233,W,0.4878048780487805,-0.04076878276062901,0.35527082119976705,0.4878048780487805,-1.9013981366105792
2025_06_LA_BAL,2025,6,BAL,LA,0.0,0.2522172949002217,-14.0,-7.0,0.18795802779196608,backtest (recipe chosen on these seasons),280.0,-355.0,3.0,17.0,2025-10-12,away,LA,-355.0,≤ −250,0.7477827050997783,W,0.28169014084507044,-0.04157427937915739,0.2522172949002217,0.28169014084507044,-10.95296877175316
2025_06_NE_NO,2025,6,NO,NE,0.0,0.3690596562184025,-6.0,-3.5,0.2959263598204971,backtest (recipe chosen on these seasons),160.0,-192.0,19.0,25.0,2025-10-12,away,NE,-192.0,−249 to −175,0.6309403437815976,W,0.5208333333333334,-0.04044489383215366,0.3690596562184025,0.5208333333333334,-6.632214284071332
2025_06_PHI_NYG,2025,6,NYG,PHI,1.0,0.23409789548356585,17.0,-7.0,0.25971307516559156,backtest (recipe chosen on these seasons),310.0,-395.0,34.0,17.0,2025-10-09,away,PHI,-395.0,≤ −250,0.7659021045164341,L,-1.0,-0.040198628517379986,0.23409789548356585,-1.0,-7.969127953514666
2025_06_SEA_JAX,2025,6,JAX,SEA,0.0,0.4891657638136511,-8.0,-1.5,0.44096468059159893,backtest (recipe chosen on these seasons),-105.0,-115.0,12.0,20.0,2025-10-12,away,SEA,-115.0,−129 to −100,0.5108342361863488,W,0.8695652173913043,-0.04496208017334785,0.4891657638136511,0.8695652173913043,-1.837240086075187
2025_06_SF_TB,2025,6,TB,SF,1.0,0.6309403437815976,11.0,3.5,0.597439364212386,backtest (recipe chosen on these seasons),-192.0,160.0,30.0,19.0,2025-10-12,home,TB,-192.0,−249 to −175,0.6309403437815976,W,0.5208333333333334,-0.04044489383215366,0.6309403437815976,0.5208333333333334,3.0519848263799645
2025_06_TEN_LV,2025,6,LV,TEN,1.0,0.6224665518611737,10.0,3.5,0.6301126105981066,backtest (recipe chosen on these seasons),-185.0,154.0,20.0,10.0,2025-10-12,home,LV,-185.0,−249 to −175,0.6224665518611737,W,0.5405405405405406,-0.04106504172738101,0.6224665518611737,0.5405405405405406,4.108715451329597
2025_07_ATL_SF,2025,7,SF,ATL,1.0,0.5108342361863488,10.0,1.5,0.5282473157948139,backtest (recipe chosen on these seasons),-115.0,-105.0,20.0,10.0,2025-10-19,home,SF,-115.0,−129 to −100,0.5108342361863488,W,0.8695652173913043,-0.04496208017334785,0.5108342361863488,0.8695652173913043,0.87659742114409
2025_07_CAR_NYJ,2025,7,NYJ,CAR,0.0,0.5043297540699688,-7.0,1.5,0.42233001855790303,backtest (recipe chosen on these seasons),-112.0,-108.0,6.0,13.0,2025-10-19,away,CAR,-108.0,−129 to −100,0.4956702459300312,W,0.9259259259259259,-0.04537582265327328,0.5043297540699688,-1.0,-2.4237318335059155
2025_07_GB_ARI,2025,7,ARI,GB,0.0,0.23409789548356585,-4.0,-7.0,0.26802085736975323,backtest (recipe chosen on these seasons),310.0,-395.0,23.0,27.0,2025-10-19,away,GB,-395.0,≤ −250,0.7659021045164341,W,0.25316455696202533,-0.040198628517379986,0.23409789548356585,0.25316455696202533,-7.654676300380243
2025_07_HOU_SEA,2025,7,SEA,HOU,1.0,0.5996387718242023,8.0,3.0,0.6512539457423673,backtest (recipe chosen on these seasons),-166.0,140.0,27.0,19.0,2025-10-20,home,SEA,-166.0,−174 to −130,0.5996387718242023,W,0.6024096385542169,-0.0391330523780854,0.5996387718242023,0.6024096385542169,4.808318883294203
2025_07_IND_LAC,2025,7,LAC,IND,0.0,0.551441114716549,-14.0,2.5,0.43612516894956876,backtest (recipe chosen on these seasons),-135.0,114.0,24.0,38.0,2025-10-19,away,IND,114.0,+100 to +129,0.448558885283451,W,1.14,-0.04008398549341485,0.551441114716549,-1.0,-1.9891052242655496
2025_07_LA_JAX,2025,7,JAX,LA,0.0,0.4003612281757977,-28.0,-3.0,0.4737777843088187,backtest (recipe chosen on these seasons),140.0,-166.0,7.0,35.0,2025-10-19,away,LA,-166.0,−174 to −130,0.5996387718242023,W,0.6024096385542169,-0.0391330523780854,0.4003612281757977,0.6024096385542169,-0.8136583716260353
2025_07_LV_KC,2025,7,KC,LV,1.0,0.8677165354330709,31.0,13.5,0.8672671693443047,backtest (recipe chosen on these seasons),-950.0,625.0,31.0,0.0,2025-10-19,home,KC,-950.0,≤ −250,0.8677165354330709,W,0.10526315789473684,-0.04094488188976372,0.8677165354330709,0.10526315789473684,13.774804446299985
2025_07_MIA_CLE,2025,7,CLE,MIA,1.0,0.5720596355604638,25.0,2.5,0.5469253855396917,backtest (recipe chosen on these seasons),-148.0,124.0,31.0,6.0,2025-10-19,home,CLE,-148.0,−174 to −130,0.5720596355604638,W,0.6756756756756757,-0.04141358365543907,0.5720596355604638,0.6756756756756757,1.458386536375223
2025_07_NE_TEN,2025,7,TEN,NE,0.0,0.28644876973925815,-18.0,-6.5,0.22386432263627662,backtest (recipe chosen on these seasons),235.0,-290.0,13.0,31.0,2025-10-19,away,NE,-290.0,≤ −250,0.7135512302607419,W,0.3448275862068966,-0.04039662137348507,0.28644876973925815,0.3448275862068966,-9.391392535262474
2025_07_NO_CHI,2025,7,CHI,NO,1.0,0.6636481241914618,12.0,4.5,0.7324476184000587,backtest (recipe chosen on these seasons),-225.0,185.0,26.0,14.0,2025-10-19,home,CHI,-225.0,−249 to −175,0.6636481241914618,W,0.4444444444444444,-0.04139715394566629,0.6636481241914618,0.4444444444444444,7.67227535281963
2025_07_NYG_DEN,2025,7,DEN,NYG,1.0,0.7768331562167907,1.0,7.5,0.7031461853258928,backtest (recipe chosen on these seasons),-425.0,330.0,33.0,32.0,2025-10-19,home,DEN,-425.0,≤ −250,0.7768331562167907,W,0.23529411764705882,-0.040382571732199696,0.7768331562167907,0.23529411764705882,6.5990353974795815
2025_07_PHI_MIN,2025,7,MIN,PHI,0.0,0.42794036443953615,-6.0,-2.5,0.40263239434066317,backtest (recipe chosen on these seasons),124.0,-148.0,22.0,28.0,2025-10-19,away,PHI,-148.0,−174 to −130,0.5720596355604638,W,0.6756756756756757,-0.04141358365543907,0.42794036443953615,0.6756756756756757,-3.0496910990028683
2025_07_PIT_CIN,2025,7,CIN,PIT,1.0,0.3194444444444444,2.0,-5.5,0.3633446824217032,backtest (recipe chosen on these seasons),200.0,-245.0,33.0,31.0,2025-10-16,away,PIT,-245.0,−249 to −175,0.6805555555555556,L,-1.0,-0.04166666666666663,0.3194444444444444,-1.0,-4.323720505960981
2025_07_TB_DET,2025,7,DET,TB,1.0,0.705033164260632,15.0,6.0,0.6840072207919775,backtest (recipe chosen on these seasons),-278.0,225.0,24.0,9.0,2025-10-20,home,DET,-278.0,≤ −250,0.705033164260632,W,0.3597122302158273,-0.04135778384705435,0.705033164260632,0.3597122302158273,5.924413993513704
2025_07_WAS_DAL,2025,7,DAL,WAS,1.0,0.5324675324675325,22.0,1.5,0.5808246489728002,backtest (recipe chosen on these seasons),-125.0,105.0,44.0,22.0,2025-10-19,home,DAL,-125.0,−129 to −100,0.5324675324675325,W,0.8,-0.041558441558441406,0.5324675324675325,0.8,2.523524272767765
2025_08_BUF_CAR,2025,8,CAR,BUF,0.0,0.23409789548356585,-31.0,-7.0,0.2363651958336058,backtest (recipe chosen on these seasons),310.0,-395.0,9.0,40.0,2025-10-26,away,BUF,-395.0,≤ −250,0.7659021045164341,W,0.25316455696202533,-0.040198628517379986,0.23409789548356585,0.25316455696202533,-8.88219957895564
2025_08_CHI_BAL,2025,8,BAL,CHI,1.0,0.5720596355604638,14.0,2.5,0.44843680952349985,backtest (recipe chosen on these seasons),-148.0,124.0,30.0,16.0,2025-10-26,away,CHI,124.0,+100 to +129,0.42794036443953615,L,-1.0,-0.04141358365543912,0.5720596355604638,0.6756756756756757,-1.60329715156265
2025_08_CLE_NE,2025,8,NE,CLE,1.0,0.7600000000000001,19.0,7.0,0.8634700615334047,backtest (recipe chosen on these seasons),-380.0,300.0,32.0,13.0,2025-10-26,home,NE,-380.0,≤ −250,0.7600000000000001,W,0.2631578947368421,-0.03999999999999987,0.7600000000000001,0.2631578947368421,13.558054177942859
2025_08_DAL_DEN,2025,8,DEN,DAL,1.0,0.6309403437815976,20.0,3.5,0.5545969708354833,backtest (recipe chosen on these seasons),-192.0,160.0,44.0,24.0,2025-10-26,home,DEN,-192.0,−249 to −175,0.6309403437815976,W,0.5208333333333334,-0.04044489383215366,0.6309403437815976,0.5208333333333334,1.6982071257634228
2025_08_GB_PIT,2025,8,PIT,GB,0.0,0.4170073589533933,-10.0,-3.0,0.44916633095519487,backtest (recipe chosen on these seasons),130.0,-155.0,25.0,35.0,2025-10-26,away,GB,-155.0,−174 to −130,0.5829926410466066,W,0.6451612903225806,-0.04088307440719552,0.4170073589533933,0.6451612903225806,-1.5804887978460005
2025_08_MIA_ATL,2025,8,ATL,MIA,0.0,0.7477827050997783,-24.0,7.0,0.7671195068880144,backtest (recipe chosen on these seasons),-355.0,280.0,10.0,34.0,2025-10-26,home,ATL,-355.0,≤ −250,0.7477827050997783,L,-1.0,-0.04157427937915739,0.7477827050997783,-1.0,9.022597726161463
2025_08_MIN_LAC,2025,8,LAC,MIN,1.0,0.6037569709421778,27.0,3.0,0.6005273880250119,backtest (recipe chosen on these seasons),-170.0,142.0,37.0,10.0,2025-10-23,home,LAC,-170.0,−174 to −130,0.6037569709421778,W,0.5882352941176471,-0.0410918696800705,0.6037569709421778,0.5882352941176471,3.1507926171242695
2025_08_NYG_PHI,2025,8,PHI,NYG,1.0,0.7600000000000001,18.0,7.0,0.744214438841589,backtest (recipe chosen on these seasons),-380.0,300.0,38.0,20.0,2025-10-26,home,PHI,-380.0,≤ −250,0.7600000000000001,W,0.2631578947368421,-0.03999999999999987,0.7600000000000001,0.2631578947368421,8.119584696279508
2025_08_NYJ_CIN,2025,8,CIN,NYJ,0.0,0.690792883054068,-1.0,5.5,0.8457839021119142,backtest (recipe chosen on these seasons),-258.0,210.0,38.0,39.0,2025-10-26,home,CIN,-258.0,≤ −250,0.690792883054068,L,-1.0,-0.041457937467611006,0.690792883054068,-1.0,12.59905868345509
2025_08_SF_HOU,2025,8,HOU,SF,1.0,0.5829926410466066,11.0,2.5,0.5152580479975915,backtest (recipe chosen on these seasons),-155.0,130.0,26.0,15.0,2025-10-26,home,HOU,-155.0,−174 to −130,0.5829926410466066,W,0.6451612903225806,-0.04088307440719552,0.5829926410466066,0.6451612903225806,0.47322156897120826
2025_08_TB_NO,2025,8,NO,TB,0.0,0.34252477380439467,-20.0,-4.5,0.32149738203183853,backtest (recipe chosen on these seasons),180.0,-218.0,3.0,23.0,2025-10-26,away,TB,-218.0,−249 to −175,0.6574752261956054,W,0.45871559633027525,-0.04093063334769487,0.34252477380439467,0.45871559633027525,-5.733689206722812
2025_08_TEN_IND,2025,8,IND,TEN,1.0,0.9082568807339451,24.0,15.5,0.9421327800172659,backtest (recipe chosen on these seasons),-1650.0,950.0,38.0,14.0,2025-10-26,home,IND,-1650.0,≤ −250,0.9082568807339451,W,0.06060606060606061,-0.0366972477064219,0.9082568807339451,0.06060606060606061,19.457175492838456
2025_08_WAS_KC,2025,8,KC,WAS,1.0,0.84,21.0,10.5,0.8464734249363219,backtest (recipe chosen on these seasons),-700.0,500.0,28.0,7.0,2025-10-27,home,KC,-700.0,≤ −250,0.84,W,0.14285714285714285,-0.040000000000000036,0.84,0.14285714285714285,12.635026615325568
2025_09_ARI_DAL,2025,9,DAL,ARI,0.0,0.6092362344582594,-10.0,3.5,0.6586656023559636,backtest (recipe chosen on these seasons),-175.0,145.0,17.0,27.0,2025-11-03,home,DAL,-175.0,−249 to −175,0.6092362344582594,L,-1.0,-0.04262877442273533,0.6092362344582594,-1.0,5.057153394639315
2025_09_ATL_NE,2025,9,NE,ATL,1.0,0.6853932584269663,1.0,5.5,0.7263096437022536,backtest (recipe chosen on these seasons),-250.0,205.0,24.0,23.0,2025-11-02,home,NE,-250.0,≤ −250,0.6853932584269663,W,0.4,-0.04044943820224717,0.6853932584269663,0.4,7.442901493409818
2025_09_BAL_MIA,2025,9,MIA,BAL,0.0,0.2132564841498559,-22.0,-7.5,0.1489343344341287,backtest (recipe chosen on these seasons),350.0,-455.0,6.0,28.0,2025-10-30,away,BAL,-455.0,≤ −250,0.7867435158501441,W,0.21978021978021978,-0.04034582132564837,0.2132564841498559,0.21978021978021978,-12.877353357969461
2025_09_CAR_GB,2025,9,GB,CAR,0.0,0.8720930232558138,-3.0,12.5,0.8501369330380592,backtest (recipe chosen on these seasons),-1000.0,650.0,13.0,16.0,2025-11-02,home,GB,-1000.0,≤ −250,0.8720930232558138,L,-1.0,-0.04069767441860478,0.8720930232558138,-1.0,12.827948082456677
2025_09_CHI_CIN,2025,9,CIN,CHI,0.0,0.4066302458405761,-5.0,-3.0,0.35987780372710704,backtest (recipe chosen on these seasons),136.0,-162.0,42.0,47.0,2025-11-02,away,CHI,-162.0,−174 to −130,0.593369754159424,W,0.6172839506172839,-0.04035261981624033,0.4066302458405761,0.6172839506172839,-4.438175863247157
2025_09_DEN_HOU,2025,9,HOU,DEN,0.0,0.5324675324675325,-3.0,1.5,0.5747435879964327,backtest (recipe chosen on these seasons),-125.0,105.0,15.0,18.0,2025-11-02,home,HOU,-125.0,−129 to −100,0.5324675324675325,L,-1.0,-0.041558441558441406,0.5324675324675325,-1.0,2.331301410320833
2025_09_IND_PIT,2025,9,PIT,IND,1.0,0.3775334481388264,7.0,-3.5,0.29375557335977914,backtest (recipe chosen on these seasons),154.0,-185.0,27.0,20.0,2025-11-02,away,IND,-185.0,−249 to −175,0.6224665518611737,L,-1.0,-0.04106504172738101,0.3775334481388264,-1.0,-6.710059736890321
2025_09_JAX_LV,2025,9,LV,JAX,0.0,0.4572564612326044,-1.0,-2.5,0.41805379798574316,backtest (recipe chosen on these seasons),110.0,-130.0,29.0,30.0,2025-11-02,away,JAX,-130.0,−174 to −130,0.5427435387673957,W,0.7692307692307693,-0.03976143141153071,0.4572564612326044,0.7692307692307693,-2.55904193332753
2025_09_KC_BUF,2025,9,BUF,KC,1.0,0.448558885283451,7.0,-2.5,0.3864454912621111,backtest (recipe chosen on these seasons),114.0,-135.0,28.0,21.0,2025-11-02,away,KC,-135.0,−174 to −130,0.551441114716549,L,-1.0,-0.04008398549341474,0.448558885283451,-1.0,-3.5699256400760673
2025_09_LAC_TEN,2025,9,TEN,LAC,0.0,0.16835016835016833,-7.0,-10.0,0.1974448972417367,backtest (recipe chosen on these seasons),470.0,-650.0,20.0,27.0,2025-11-02,away,LAC,-650.0,≤ −250,0.8316498316498315,W,0.15384615384615385,-0.040404040404040525,0.16835016835016833,0.15384615384615385,-10.524188210442812
2025_09_MIN_DET,2025,9,DET,MIN,0.0,0.8118668596237336,-3.0,9.5,0.8576496416060051,backtest (recipe chosen on these seasons),-550.0,410.0,24.0,27.0,2025-11-02,home,DET,-550.0,≤ −250,0.8118668596237336,L,-1.0,-0.04052098408104207,0.8118668596237336,-1.0,13.233662994822133
2025_09_NO_LA,2025,9,LA,NO,1.0,0.8869565217391304,24.0,14.0,0.8675710794343547,backtest (recipe chosen on these seasons),-1200.0,750.0,34.0,10.0,2025-11-02,home,LA,-1200.0,≤ −250,0.8869565217391304,W,0.08333333333333333,-0.03913043478260872,0.8869565217391304,0.08333333333333333,13.792335830603715
2025_09_SEA_WAS,2025,9,WAS,SEA,0.0,0.42794036443953615,-24.0,-2.5,0.43651667525838217,backtest (recipe chosen on these seasons),124.0,-148.0,14.0,38.0,2025-11-02,away,SEA,-148.0,−174 to −130,0.5720596355604638,W,0.6756756756756757,-0.04141358365543907,0.42794036443953615,0.6756756756756757,-1.9768088093226508
2025_09_SF_NYG,2025,9,NYG,SF,0.0,0.42794036443953615,-10.0,-2.5,0.2949208868587058,backtest (recipe chosen on these seasons),124.0,-148.0,24.0,34.0,2025-11-02,away,SF,-148.0,−174 to −130,0.5720596355604638,W,0.6756756756756757,-0.04141358365543907,0.42794036443953615,0.6756756756756757,-6.6682381930118915
2025_10_ARI_SEA,2025,10,SEA,ARI,1.0,0.740871613663133,22.0,7.0,0.7291204842267474,backtest (recipe chosen on these seasons),-340.0,270.0,44.0,22.0,2025-11-09,home,SEA,-340.0,≤ −250,0.740871613663133,W,0.29411764705882354,-0.04122497055359253,0.740871613663133,0.29411764705882354,7.547619298278457
2025_10_ATL_IND,2025,10,IND,ATL,1.0,0.725752508361204,6.0,6.5,0.7409751771896965,backtest (recipe chosen on these seasons),-310.0,250.0,31.0,25.0,2025-11-09,home,IND,-310.0,≤ −250,0.725752508361204,W,0.3225806451612903,-0.0401337792642141,0.725752508361204,0.3225806451612903,7.995408114302269
2025_10_BAL_MIN,2025,10,MIN,BAL,0.0,0.33099297893681046,-8.0,-4.5,0.23442308893857228,backtest (recipe chosen on these seasons),190.0,-230.0,19.0,27.0,2025-11-09,away,BAL,-230.0,−249 to −175,0.6690070210631895,W,0.43478260869565216,-0.04012036108324979,0.33099297893681046,0.43478260869565216,-8.960304425882185
2025_10_BUF_MIA,2025,10,MIA,BUF,1.0,0.2132564841498559,17.0,-8.5,0.17969301579949962,backtest (recipe chosen on these seasons),350.0,-455.0,30.0,13.0,2025-11-09,away,BUF,-455.0,≤ −250,0.7867435158501441,L,-1.0,-0.04034582132564837,0.2132564841498559,-1.0,-11.337545671414096
2025_10_CLE_NYJ,2025,10,NYJ,CLE,1.0,0.4572564612326044,7.0,-1.5,0.4841334624197211,backtest (recipe chosen on these seasons),110.0,-130.0,27.0,20.0,2025-11-09,away,CLE,-130.0,−174 to −130,0.5427435387673957,L,-1.0,-0.03976143141153071,0.4572564612326044,-1.0,-0.49210337025764067
2025_10_DET_WAS,2025,10,WAS,DET,0.0,0.2132564841498559,-22.0,-8.5,0.3573507886205354,backtest (recipe chosen on these seasons),350.0,-455.0,22.0,44.0,2025-11-09,away,DET,-455.0,≤ −250,0.7867435158501441,W,0.21978021978021978,-0.04034582132564837,0.2132564841498559,0.21978021978021978,-4.521842119393716
2025_10_JAX_HOU,2025,10,HOU,JAX,1.0,0.4891657638136511,7.0,-1.5,0.3681504838404366,backtest (recipe chosen on these seasons),-105.0,-115.0,36.0,29.0,2025-11-09,away,JAX,-115.0,−129 to −100,0.5108342361863488,L,-1.0,-0.04496208017334785,0.4891657638136511,-1.0,-4.1656696987171005
2025_10_LA_SF,2025,10,SF,LA,0.0,0.30920711694593195,-16.0,-5.5,0.33426694922647815,backtest (recipe chosen on these seasons),210.0,-258.0,26.0,42.0,2025-11-09,away,LA,-258.0,≤ −250,0.690792883054068,W,0.3875968992248062,-0.041457937467611006,0.30920711694593195,0.3875968992248062,-5.296351734257251
2025_10_LV_DEN,2025,10,DEN,LV,1.0,0.7999999999999999,3.0,9.5,0.7375256620551363,backtest (recipe chosen on these seasons),-500.0,380.0,10.0,7.0,2025-11-06,home,DEN,-500.0,≤ −250,0.7999999999999999,W,0.2,-0.04000000000000006,0.7999999999999999,0.2,7.864051132638061
2025_10_NE_TB,2025,10,TB,NE,0.0,0.5720596355604638,-5.0,2.5,0.49102114279186465,backtest (recipe chosen on these seasons),-148.0,124.0,23.0,28.0,2025-11-09,away,NE,124.0,+100 to +129,0.42794036443953615,W,1.24,-0.04141358365543912,0.5720596355604638,-1.0,-0.27843086013293483
2025_10_NO_CAR,2025,10,CAR,NO,0.0,0.6805555555555556,-10.0,5.5,0.6733480542517051,backtest (recipe chosen on these seasons),-245.0,200.0,7.0,17.0,2025-11-09,home,CAR,-245.0,−249 to −175,0.6805555555555556,L,-1.0,-0.04166666666666663,0.6805555555555556,-1.0,5.5563209698631075
2025_10_NYG_CHI,2025,10,CHI,NYG,1.0,0.6574752261956054,4.0,4.5,0.787529114983584,backtest (recipe chosen on these seasons),-218.0,180.0,24.0,20.0,2025-11-09,home,CHI,-218.0,−249 to −175,0.6574752261956054,W,0.45871559633027525,-0.04093063334769487,0.6574752261956054,0.45871559633027525,9.869740657116447
2025_10_PHI_GB,2025,10,GB,PHI,0.0,0.5,-3.0,1.5,0.4745598892547291,backtest (recipe chosen on these seasons),-110.0,-110.0,7.0,10.0,2025-11-10,away,PHI,-110.0,−129 to −100,0.5,W,0.9090909090909091,-0.04545454545454547,0.5,,-0.7893566864786944
2025_10_PIT_LAC,2025,10,LAC,PIT,1.0,0.593369754159424,15.0,3.0,0.5099799529754252,backtest (recipe chosen on these seasons),-162.0,136.0,25.0,10.0,2025-11-09,home,LAC,-162.0,−174 to −130,0.593369754159424,W,0.6172839506172839,-0.04035261981624033,0.593369754159424,0.6172839506172839,0.30948060227366425
2025_11_BAL_CLE,2025,11,CLE,BAL,0.0,0.21809369951534735,-7.0,-7.5,0.1731978946840952,backtest (recipe chosen on these seasons),340.0,-440.0,16.0,23.0,2025-11-16,away,BAL,-440.0,≤ −250,0.7819063004846527,W,0.22727272727272727,-0.04038772213247169,0.21809369951534735,0.22727272727272727,-11.647632584745237
2025_11_CAR_ATL,2025,11,ATL,CAR,0.0,0.6574752261956054,-3.0,4.5,0.6261774282252779,backtest (recipe chosen on these seasons),-218.0,180.0,27.0,30.0,2025-11-16,home,ATL,-218.0,−249 to −175,0.6574752261956054,L,-1.0,-0.04093063334769487,0.6574752261956054,-1.0,3.9799977385820777
2025_11_CHI_MIN,2025,11,MIN,CHI,0.0,0.5720596355604638,-2.0,3.0,0.4288041503653362,backtest (recipe chosen on these seasons),-148.0,124.0,17.0,19.0,2025-11-16,away,CHI,124.0,+100 to +129,0.42794036443953615,W,1.24,-0.04141358365543912,0.5720596355604638,-1.0,-2.2194195348941714
2025_11_CIN_PIT,2025,11,PIT,CIN,1.0,0.6853932584269663,22.0,5.5,0.5986518855617777,backtest (recipe chosen on these seasons),-250.0,205.0,34.0,12.0,2025-11-16,home,PIT,-250.0,≤ −250,0.6853932584269663,W,0.4,-0.04044943820224717,0.6853932584269663,0.4,3.0907584226106417
2025_11_DAL_LV,2025,11,LV,DAL,0.0,0.3630958183058778,-17.0,-3.5,0.2655138425545436,backtest (recipe chosen on these seasons),164.0,-198.0,16.0,33.0,2025-11-17,away,DAL,-198.0,−249 to −175,0.6369041816941223,W,0.5050505050505051,-0.04142703967248251,0.3630958183058778,0.5050505050505051,-7.7490381799181085
2025_11_DET_PHI,2025,11,PHI,DET,1.0,0.5829926410466066,7.0,2.5,0.5698143437231943,backtest (recipe chosen on these seasons),-155.0,130.0,16.0,9.0,2025-11-16,home,PHI,-155.0,−174 to −130,0.5829926410466066,W,0.6451612903225806,-0.04088307440719552,0.5829926410466066,0.6451612903225806,2.175901780842018
2025_11_GB_NYG,2025,11,NYG,GB,0.0,0.21809369951534735,-7.0,-7.5,0.20515205394556185,backtest (recipe chosen on these seasons),340.0,-440.0,20.0,27.0,2025-11-16,away,GB,-440.0,≤ −250,0.7819063004846527,W,0.22727272727272727,-0.04038772213247169,0.21809369951534735,0.22727272727272727,-10.1849456806069
2025_11_HOU_TEN,2025,11,TEN,HOU,0.0,0.30423004792665137,-3.0,-5.5,0.3970950211641532,backtest (recipe chosen on these seasons),215.0,-265.0,13.0,16.0,2025-11-16,away,HOU,-265.0,≤ −250,0.6957699520733487,W,0.37735849056603776,-0.041675349031048026,0.30423004792665137,0.37735849056603776,-3.2270054999894597
2025_11_KC_DEN,2025,11,DEN,KC,1.0,0.34252477380439467,3.0,-3.5,0.2658449013760145,backtest (recipe chosen on these seasons),180.0,-218.0,22.0,19.0,2025-11-16,away,KC,-218.0,−249 to −175,0.6574752261956054,L,-1.0,-0.04093063334769487,0.34252477380439467,-1.0,-7.736551658420675
2025_11_LAC_JAX,2025,11,JAX,LAC,1.0,0.4170073589533933,29.0,-3.0,0.5145092748973152,backtest (recipe chosen on these seasons),130.0,-155.0,35.0,6.0,2025-11-16,home,JAX,130.0,+130 to +174,0.4170073589533933,W,1.3,-0.0408830744071953,0.4170073589533933,-1.0,0.44998819337729073
2025_11_NYJ_NE,2025,11,NE,NYJ,1.0,0.8677165354330709,13.0,12.5,0.9159560131799988,backtest (recipe chosen on these seasons),-950.0,625.0,27.0,14.0,2025-11-13,home,NE,-950.0,≤ −250,0.8677165354330709,W,0.10526315789473684,-0.04094488188976372,0.8677165354330709,0.10526315789473684,17.05048128532483
2025_11_SEA_LA,2025,11,LA,SEA,1.0,0.6092362344582594,2.0,3.0,0.5208410690650697,backtest (recipe chosen on these seasons),-175.0,145.0,21.0,19.0,2025-11-16,home,LA,-175.0,−249 to −175,0.6092362344582594,W,0.5714285714285714,-0.04262877442273533,0.6092362344582594,0.5714285714285714,0.6465130707243112
2025_11_SF_ARI,2025,11,ARI,SF,0.0,0.3690596562184025,-19.0,-3.5,0.2584469139418239,backtest (recipe chosen on these seasons),160.0,-192.0,22.0,41.0,2025-11-16,away,SF,-192.0,−249 to −175,0.6309403437815976,W,0.5208333333333334,-0.04044489383215366,0.3690596562184025,0.5208333333333334,-8.017502832275532
2025_11_TB_BUF,2025,11,BUF,TB,1.0,0.7095435684647302,12.0,6.0,0.7182888448925293,backtest (recipe chosen on these seasons),-285.0,230.0,44.0,32.0,2025-11-16,home,BUF,-285.0,≤ −250,0.7095435684647302,W,0.3508771929824561,-0.04149377593361009,0.7095435684647302,0.3508771929824561,7.14696180650361
2025_11_WAS_MIA,2025,11,MIA,WAS,1.0,0.5720596355604638,3.0,2.5,0.5036437413834702,backtest (recipe chosen on these seasons),-148.0,124.0,16.0,13.0,2025-11-16,home,MIA,-148.0,−174 to −130,0.5720596355604638,W,0.6756756756756757,-0.04141358365543907,0.5720596355604638,0.6756756756756757,0.11298302992459255
2025_12_ATL_NO,2025,12,NO,ATL,0.0,0.5260865852617197,-14.0,1.5,0.5748641474464611,backtest (recipe chosen on these seasons),-122.0,102.0,10.0,24.0,2025-11-23,home,NO,-122.0,−129 to −100,0.5260865852617197,L,-1.0,-0.042694902228674,0.5260865852617197,-1.0,2.33510668737776
2025_12_BUF_HOU,2025,12,HOU,BUF,1.0,0.30920711694593195,4.0,-5.5,0.37664744085415824,backtest (recipe chosen on these seasons),210.0,-258.0,23.0,19.0,2025-11-20,away,BUF,-258.0,≤ −250,0.690792883054068,L,-1.0,-0.041457937467611006,0.30920711694593195,-1.0,-3.8878635786058924
2025_12_CAR_SF,2025,12,SF,CAR,1.0,0.7659021045164341,11.0,7.5,0.8374432117609771,backtest (recipe chosen on these seasons),-395.0,310.0,20.0,9.0,2025-11-24,home,SF,-395.0,≤ −250,0.7659021045164341,W,0.25316455696202533,-0.040198628517379986,0.7659021045164341,0.25316455696202533,12.172128717496896
2025_12_CLE_LV,2025,12,LV,CLE,0.0,0.593369754159424,-14.0,3.0,0.6789877888881645,backtest (recipe chosen on these seasons),-162.0,136.0,10.0,24.0,2025-11-23,home,LV,-162.0,−174 to −130,0.593369754159424,L,-1.0,-0.04035261981624033,0.593369754159424,-1.0,5.750444199429998
2025_12_IND_KC,2025,12,KC,IND,1.0,0.6574752261956054,3.0,3.5,0.570214228769436,backtest (recipe chosen on these seasons),-218.0,180.0,23.0,20.0,2025-11-23,home,KC,-218.0,−249 to −175,0.6574752261956054,W,0.45871559633027525,-0.04093063334769487,0.6574752261956054,0.45871559633027525,2.18849545890002
2025_12_JAX_ARI,2025,12,ARI,JAX,0.0,0.448558885283451,-3.0,-2.5,0.47455999272746396,backtest (recipe chosen on these seasons),114.0,-135.0,24.0,27.0,2025-11-23,away,JAX,-135.0,−174 to −130,0.551441114716549,W,0.7407407407407407,-0.04008398549341474,0.448558885283451,0.7407407407407407,-0.7893534715615798
2025_12_MIN_GB,2025,12,GB,MIN,1.0,0.7135512302607419,17.0,6.5,0.7305875395737135,backtest (recipe chosen on these seasons),-290.0,235.0,23.0,6.0,2025-11-23,home,GB,-290.0,≤ −250,0.7135512302607419,W,0.3448275862068966,-0.04039662137348507,0.7135512302607419,0.3448275862068966,7.602489521750135
2025_12_NE_CIN,2025,12,CIN,NE,0.0,0.23409789548356585,-6.0,-7.5,0.18673804836229357,backtest (recipe chosen on these seasons),310.0,-395.0,20.0,26.0,2025-11-23,away,NE,-395.0,≤ −250,0.7659021045164341,W,0.25316455696202533,-0.040198628517379986,0.23409789548356585,0.25316455696202533,-11.009064775966504
2025_12_NYG_DET,2025,12,DET,NYG,1.0,0.8761776581426649,7.0,14.0,0.8657808940204456,backtest (recipe chosen on these seasons),-1050.0,675.0,34.0,27.0,2025-11-23,home,DET,-1050.0,≤ −250,0.8761776581426649,W,0.09523809523809523,-0.04037685060565273,0.8761776581426649,0.09523809523809523,13.689462668383536
2025_12_NYJ_BAL,2025,12,BAL,NYJ,1.0,0.8761776581426649,13.0,14.0,0.8885130430426456,backtest (recipe chosen on these seasons),-1050.0,675.0,23.0,10.0,2025-11-23,home,BAL,-1050.0,≤ −250,0.8761776581426649,W,0.09523809523809523,-0.04037685060565273,0.8761776581426649,0.09523809523809523,15.074803087579323
2025_12_PHI_DAL,2025,12,DAL,PHI,1.0,0.4066302458405761,3.0,-3.0,0.4423811061956854,backtest (recipe chosen on these seasons),136.0,-162.0,24.0,21.0,2025-11-23,away,PHI,-162.0,−174 to −130,0.593369754159424,L,-1.0,-0.04035261981624033,0.4066302458405761,-1.0,-1.792845633338967
2025_12_PIT_CHI,2025,12,CHI,PIT,1.0,0.5829926410466066,3.0,3.0,0.6778365974474715,backtest (recipe chosen on these seasons),-155.0,130.0,31.0,28.0,2025-11-23,home,CHI,-155.0,−174 to −130,0.5829926410466066,W,0.6451612903225806,-0.04088307440719552,0.5829926410466066,0.6451612903225806,5.7107058285953345
2025_12_SEA_TEN,2025,12,TEN,SEA,0.0,0.13228346456692913,-6.0,-12.5,0.13818451337662505,backtest (recipe chosen on these seasons),625.0,-950.0,24.0,30.0,2025-11-23,away,SEA,-950.0,≤ −250,0.8677165354330709,W,0.10526315789473684,-0.04094488188976372,0.13228346456692913,0.10526315789473684,-13.464896669616994
2025_12_TB_LA,2025,12,LA,TB,1.0,0.7571884984025559,27.0,7.0,0.7396070761839512,backtest (recipe chosen on these seasons),-375.0,295.0,34.0,7.0,2025-11-23,home,LA,-375.0,≤ −250,0.7571884984025559,W,0.26666666666666666,-0.04089456869009592,0.7571884984025559,0.26666666666666666,7.9432039444385305
2025_13_ARI_TB,2025,13,TB,ARI,1.0,0.6369041816941223,3.0,4.5,0.596254292489795,backtest (recipe chosen on these seasons),-198.0,164.0,20.0,17.0,2025-11-30,home,TB,-198.0,−249 to −175,0.6369041816941223,W,0.5050505050505051,-0.04142703967248251,0.6369041816941223,0.5050505050505051,3.014117960991499
2025_13_ATL_NYJ,2025,13,NYJ,ATL,1.0,0.4003612281757977,3.0,-3.0,0.39085089113521754,backtest (recipe chosen on these seasons),140.0,-166.0,27.0,24.0,2025-11-30,away,ATL,-166.0,−174 to −130,0.5996387718242023,L,-1.0,-0.0391330523780854,0.4003612281757977,-1.0,-3.4277518026347615
2025_13_BUF_PIT,2025,13,PIT,BUF,0.0,0.4003612281757977,-19.0,-3.0,0.35094873179612424,backtest (recipe chosen on these seasons),140.0,-166.0,7.0,26.0,2025-11-30,away,BUF,-166.0,−174 to −130,0.5996387718242023,W,0.6024096385542169,-0.0391330523780854,0.4003612281757977,0.6024096385542169,-4.734745516308748
2025_13_CHI_PHI,2025,13,PHI,CHI,0.0,0.740871613663133,-9.0,7.0,0.6589942397296635,backtest (recipe chosen on these seasons),-340.0,270.0,15.0,24.0,2025-11-28,home,PHI,-340.0,≤ −250,0.740871613663133,L,-1.0,-0.04122497055359253,0.740871613663133,-1.0,5.0682336436134205
2025_13_CIN_BAL,2025,13,BAL,CIN,0.0,0.7571884984025559,-18.0,7.0,0.7445969684705506,backtest (recipe chosen on these seasons),-375.0,295.0,14.0,32.0,2025-11-27,home,BAL,-375.0,≤ −250,0.7571884984025559,L,-1.0,-0.04089456869009592,0.7571884984025559,-1.0,8.134302829983374
2025_13_DEN_WAS,2025,13,WAS,DEN,0.0,0.27424749163879597,-1.0,-6.5,0.36771452730590115,backtest (recipe chosen on these seasons),250.0,-310.0,26.0,27.0,2025-11-30,away,DEN,-310.0,≤ −250,0.725752508361204,W,0.3225806451612903,-0.0401337792642141,0.27424749163879597,0.3225806451612903,-4.179978820543174
2025_13_GB_DET,2025,13,DET,GB,0.0,0.5829926410466066,-7.0,2.5,0.48217647349193776,backtest (recipe chosen on these seasons),-155.0,130.0,24.0,31.0,2025-11-27,away,GB,130.0,+130 to +174,0.4170073589533933,W,1.3,-0.0408830744071953,0.5829926410466066,-1.0,-0.5528379204111428
2025_13_HOU_IND,2025,13,IND,HOU,0.0,0.6037569709421778,-4.0,3.0,0.6715630519895204,backtest (recipe chosen on these seasons),-170.0,142.0,16.0,20.0,2025-11-30,home,IND,-170.0,−174 to −130,0.6037569709421778,L,-1.0,-0.0410918696800705,0.6037569709421778,-1.0,5.495166314058962
2025_13_JAX_TEN,2025,13,TEN,JAX,0.0,0.299837925445705,-22.0,-6.0,0.24089016483778145,backtest (recipe chosen on these seasons),220.0,-270.0,3.0,25.0,2025-11-30,away,JAX,-270.0,≤ −250,0.7001620745542949,W,0.37037037037037035,-0.04051863857374405,0.299837925445705,0.37037037037037035,-8.701577746928692
2025_13_KC_DAL,2025,13,DAL,KC,1.0,0.3775334481388264,3.0,-3.5,0.3879761206600935,backtest (recipe chosen on these seasons),154.0,-185.0,31.0,28.0,2025-11-27,away,KC,-185.0,−249 to −175,0.6224665518611737,L,-1.0,-0.04106504172738101,0.3775334481388264,-1.0,-3.520475683740624
2025_13_LA_CAR,2025,13,CAR,LA,1.0,0.18274111675126903,3.0,-10.0,0.1989338680091829,backtest (recipe chosen on these seasons),425.0,-575.0,31.0,28.0,2025-11-30,away,LA,-575.0,≤ −250,0.817258883248731,L,-1.0,-0.040609137055837546,0.18274111675126903,-1.0,-10.458037018646907
2025_13_LV_LAC,2025,13,LAC,LV,1.0,0.8223350253807106,17.0,10.0,0.8006661981573455,backtest (recipe chosen on these seasons),-600.0,440.0,31.0,14.0,2025-11-30,home,LAC,-600.0,≤ −250,0.8223350253807106,W,0.16666666666666666,-0.040609137055837685,0.8223350253807106,0.16666666666666666,10.440319888459223
2025_13_MIN_SEA,2025,13,SEA,MIN,1.0,0.863013698630137,26.0,12.5,0.8712878688129416,backtest (recipe chosen on these seasons),-900.0,600.0,26.0,0.0,2025-11-30,home,SEA,-900.0,≤ −250,0.863013698630137,W,0.1111111111111111,-0.0410958904109589,0.863013698630137,0.1111111111111111,14.00902564793119
2025_13_NO_MIA,2025,13,MIA,NO,1.0,0.6853932584269663,4.0,5.5,0.6742780224243086,backtest (recipe chosen on these seasons),-250.0,205.0,21.0,17.0,2025-11-30,home,MIA,-250.0,≤ −250,0.6853932584269663,W,0.4,-0.04044943820224717,0.6853932584269663,0.4,5.588235721605071
2025_13_NYG_NE,2025,13,NE,NYG,1.0,0.7571884984025559,18.0,7.0,0.7705503368589235,backtest (recipe chosen on these seasons),-375.0,295.0,33.0,15.0,2025-12-01,home,NE,-375.0,≤ −250,0.7571884984025559,W,0.26666666666666666,-0.04089456869009592,0.7571884984025559,0.26666666666666666,9.161970155759782
2025_13_SF_CLE,2025,13,CLE,SF,0.0,0.31460674157303364,-18.0,-5.5,0.20136645634707717,backtest (recipe chosen on these seasons),205.0,-250.0,8.0,26.0,2025-11-30,away,SF,-250.0,≤ −250,0.6853932584269663,W,0.4,-0.04044943820224717,0.31460674157303364,0.4,-10.350601790383827
2025_14_CHI_GB,2025,14,GB,CHI,1.0,0.7220792588780237,7.0,6.5,0.5860105013080036,backtest (recipe chosen on these seasons),-305.0,245.0,28.0,21.0,2025-12-07,home,GB,-305.0,≤ −250,0.7220792588780237,W,0.32786885245901637,-0.04117344312918164,0.7220792588780237,0.32786885245901637,2.6879305154103577
2025_14_CIN_BUF,2025,14,BUF,CIN,1.0,0.7095435684647302,5.0,6.0,0.6635577298688398,backtest (recipe chosen on these seasons),-285.0,230.0,39.0,34.0,2025-12-07,home,BUF,-285.0,≤ −250,0.7095435684647302,W,0.3508771929824561,-0.04149377593361009,0.7095435684647302,0.3508771929824561,5.22252080336495
2025_14_DAL_DET,2025,14,DET,DAL,1.0,0.6309403437815976,14.0,3.5,0.6047163105765007,backtest (recipe chosen on these seasons),-192.0,160.0,44.0,30.0,2025-12-04,home,DET,-192.0,−249 to −175,0.6309403437815976,W,0.5208333333333334,-0.04044489383215366,0.6309403437815976,0.5208333333333334,3.2851493017353404
2025_14_DEN_LV,2025,14,LV,DEN,0.0,0.20863836017569545,-7.0,-8.5,0.27388234105486853,backtest (recipe chosen on these seasons),360.0,-470.0,17.0,24.0,2025-12-07,away,DEN,-470.0,≤ −250,0.7913616398243045,W,0.2127659574468085,-0.040263543191800893,0.20863836017569545,0.2127659574468085,-7.435768612286467
2025_14_HOU_KC,2025,14,KC,HOU,0.0,0.6574752261956054,-10.0,4.5,0.7069404434547768,backtest (recipe chosen on these seasons),-218.0,180.0,10.0,20.0,2025-12-07,home,KC,-218.0,−249 to −175,0.6574752261956054,L,-1.0,-0.04093063334769487,0.6574752261956054,-1.0,6.7350754545315565
2025_14_IND_JAX,2025,14,JAX,IND,1.0,0.448558885283451,17.0,-2.5,0.40705212460490675,backtest (recipe chosen on these seasons),114.0,-135.0,36.0,19.0,2025-12-07,away,IND,-135.0,−174 to −130,0.551441114716549,L,-1.0,-0.04008398549341474,0.448558885283451,-1.0,-2.9086152456248966
2025_14_LA_ARI,2025,14,ARI,LA,0.0,0.19999999999999998,-28.0,-9.5,0.23940768311936636,backtest (recipe chosen on these seasons),380.0,-500.0,17.0,45.0,2025-12-07,away,LA,-500.0,≤ −250,0.7999999999999999,W,0.2,-0.04000000000000006,0.19999999999999998,0.2,-8.76054755602096
2025_14_MIA_NYJ,2025,14,NYJ,MIA,0.0,0.42794036443953615,-24.0,-2.5,0.40159612766049646,backtest (recipe chosen on these seasons),124.0,-148.0,10.0,34.0,2025-12-07,away,MIA,-148.0,−174 to −130,0.5720596355604638,W,0.6756756756756757,-0.04141358365543907,0.42794036443953615,0.6756756756756757,-3.0828250816075564
2025_14_NO_TB,2025,14,TB,NO,0.0,0.7768331562167907,-4.0,7.5,0.7972181290406176,backtest (recipe chosen on these seasons),-425.0,330.0,20.0,24.0,2025-12-07,home,TB,-425.0,≤ −250,0.7768331562167907,L,-1.0,-0.040382571732199696,0.7768331562167907,-1.0,10.288447980603438
2025_14_PHI_LAC,2025,14,LAC,PHI,1.0,0.4782608695652174,3.0,-1.5,0.5077309902253888,backtest (recipe chosen on these seasons),100.0,-120.0,22.0,19.0,2025-12-08,home,LAC,100.0,+100 to +129,0.4782608695652174,W,1.0,-0.04347826086956519,0.4782608695652174,-1.0,0.23972975570184168
2025_14_PIT_BAL,2025,14,BAL,PIT,0.0,0.7001620745542949,-5.0,5.5,0.7039169728702196,backtest (recipe chosen on these seasons),-270.0,220.0,22.0,27.0,2025-12-07,home,BAL,-270.0,≤ −250,0.7001620745542949,L,-1.0,-0.04051863857374405,0.7001620745542949,-1.0,6.62660630431951
2025_14_SEA_ATL,2025,14,ATL,SEA,0.0,0.2522172949002217,-28.0,-7.0,0.22739633265035022,backtest (recipe chosen on these seasons),280.0,-355.0,9.0,37.0,2025-12-07,away,SEA,-355.0,≤ −250,0.7477827050997783,W,0.28169014084507044,-0.04157427937915739,0.2522172949002217,0.28169014084507044,-9.245942319118331
2025_14_TEN_CLE,2025,14,CLE,TEN,0.0,0.644729178800233,-2.0,4.5,0.5923210243353064,backtest (recipe chosen on these seasons),-205.0,170.0,29.0,31.0,2025-12-07,home,CLE,-205.0,−249 to −175,0.644729178800233,L,-1.0,-0.04076878276062901,0.644729178800233,-1.0,2.888637456577649
2025_14_WAS_MIN,2025,14,MIN,WAS,1.0,0.4891657638136511,31.0,-1.5,0.3230728071787484,backtest (recipe chosen on these seasons),-105.0,-115.0,31.0,0.0,2025-12-07,away,WAS,-115.0,−129 to −100,0.5108342361863488,L,-1.0,-0.04496208017334785,0.4891657638136511,-1.0,-5.6793554140120355
2025_15_ARI_HOU,2025,15,HOU,ARI,1.0,0.827123695976155,20.0,10.5,0.7683286743019423,backtest (recipe chosen on these seasons),-625.0,455.0,40.0,20.0,2025-12-14,home,HOU,-625.0,≤ −250,0.827123695976155,W,0.16,-0.04053651266766023,0.827123695976155,0.16,9.071586873041797
2025_15_ATL_TB,2025,15,TB,ATL,0.0,0.705033164260632,-1.0,6.0,0.7210563026896762,backtest (recipe chosen on these seasons),-278.0,225.0,28.0,29.0,2025-12-11,home,TB,-278.0,≤ −250,0.705033164260632,L,-1.0,-0.04135778384705435,0.705033164260632,-1.0,7.248601322944356
2025_15_BAL_CIN,2025,15,CIN,BAL,0.0,0.4066302458405761,-24.0,-2.5,0.4118728677293933,backtest (recipe chosen on these seasons),136.0,-162.0,0.0,24.0,2025-12-14,away,BAL,-162.0,−174 to −130,0.593369754159424,W,0.6172839506172839,-0.04035261981624033,0.4066302458405761,0.6172839506172839,-2.75516876046638
2025_15_BUF_NE,2025,15,NE,BUF,0.0,0.43650793650793646,-4.0,-2.5,0.3678306675889683,backtest (recipe chosen on these seasons),120.0,-142.0,31.0,35.0,2025-12-14,away,BUF,-142.0,−174 to −130,0.5634920634920635,W,0.704225352112676,-0.03968253968253971,0.43650793650793646,0.704225352112676,-4.176166276703126
2025_15_CAR_NO,2025,15,NO,CAR,1.0,0.42794036443953615,3.0,-2.5,0.3837265647870827,backtest (recipe chosen on these seasons),124.0,-148.0,20.0,17.0,2025-12-14,away,CAR,-148.0,−174 to −130,0.5720596355604638,L,-1.0,-0.04141358365543907,0.42794036443953615,-1.0,-3.6579072731671065
2025_15_CLE_CHI,2025,15,CHI,CLE,1.0,0.7571884984025559,28.0,7.5,0.8518415455072041,backtest (recipe chosen on these seasons),-375.0,295.0,31.0,3.0,2025-12-14,home,CHI,-375.0,≤ −250,0.7571884984025559,W,0.26666666666666666,-0.04089456869009592,0.7571884984025559,0.26666666666666666,12.918785456806928
2025_15_DET_LA,2025,15,LA,DET,1.0,0.6805555555555556,7.0,5.5,0.6843858637022219,backtest (recipe chosen on these seasons),-245.0,200.0,41.0,34.0,2025-12-14,home,LA,-245.0,−249 to −175,0.6805555555555556,W,0.40816326530612246,-0.04166666666666663,0.6805555555555556,0.40816326530612246,5.937584698738397
2025_15_GB_DEN,2025,15,DEN,GB,1.0,0.4739134147382802,8.0,-1.5,0.6480801769391052,backtest (recipe chosen on these seasons),102.0,-122.0,34.0,26.0,2025-12-14,home,DEN,102.0,+100 to +129,0.4739134147382802,W,1.02,-0.042694902228674,0.4739134147382802,-1.0,4.7023626089861645
2025_15_IND_SEA,2025,15,SEA,IND,1.0,0.8720930232558138,2.0,13.5,0.8778201892550697,backtest (recipe chosen on these seasons),-1000.0,650.0,18.0,16.0,2025-12-14,home,SEA,-1000.0,≤ −250,0.8720930232558138,W,0.1,-0.04069767441860478,0.8720930232558138,0.1,14.400645631306855
2025_15_LAC_KC,2025,15,KC,LAC,0.0,0.690792883054068,-3.0,5.5,0.6812322524048191,backtest (recipe chosen on these seasons),-258.0,210.0,13.0,16.0,2025-12-14,home,KC,-258.0,≤ −250,0.690792883054068,L,-1.0,-0.041457937467611006,0.690792883054068,-1.0,5.8280930413885494
2025_15_LV_PHI,2025,15,PHI,LV,1.0,0.8720930232558138,31.0,12.5,0.8427030311506013,backtest (recipe chosen on these seasons),-1000.0,650.0,31.0,0.0,2025-12-14,home,PHI,-1000.0,≤ −250,0.8720930232558138,W,0.1,-0.04069767441860478,0.8720930232558138,0.1,12.439634089844338
2025_15_MIA_PIT,2025,15,PIT,MIA,1.0,0.6092362344582594,13.0,3.0,0.5825187168050825,backtest (recipe chosen on these seasons),-175.0,145.0,28.0,15.0,2025-12-15,home,PIT,-175.0,−249 to −175,0.6092362344582594,W,0.5714285714285714,-0.04262877442273533,0.6092362344582594,0.5714285714285714,2.577180612753716
2025_15_MIN_DAL,2025,15,DAL,MIN,0.0,0.6957699520733487,-8.0,5.5,0.7490158876559913,backtest (recipe chosen on these seasons),-265.0,215.0,26.0,34.0,2025-12-14,home,DAL,-265.0,≤ −250,0.6957699520733487,L,-1.0,-0.041675349031048026,0.6957699520733487,-1.0,8.305169835867723
2025_15_NYJ_JAX,2025,15,JAX,NYJ,1.0,0.8761776581426649,28.0,13.5,0.9040148447036196,backtest (recipe chosen on these seasons),-1050.0,675.0,48.0,20.0,2025-12-14,home,JAX,-1050.0,≤ −250,0.8761776581426649,W,0.09523809523809523,-0.04037685060565273,0.8761776581426649,0.09523809523809523,16.14003637909144
2025_15_TEN_SF,2025,15,SF,TEN,1.0,0.863013698630137,13.0,12.5,0.8983845605688974,backtest (recipe chosen on these seasons),-900.0,600.0,37.0,24.0,2025-12-14,home,SF,-900.0,≤ −250,0.863013698630137,W,0.1111111111111111,-0.0410958904109589,0.863013698630137,0.1111111111111111,15.739593406828524
2025_15_WAS_NYG,2025,15,NYG,WAS,0.0,0.5720596355604638,-8.0,2.5,0.4689581926675374,backtest (recipe chosen on these seasons),-148.0,124.0,21.0,29.0,2025-12-14,away,WAS,124.0,+100 to +129,0.42794036443953615,W,1.24,-0.04141358365543912,0.5720596355604638,-1.0,-0.9634863736191253
2025_16_ATL_ARI,2025,16,ARI,ATL,0.0,0.42794036443953615,-7.0,-2.5,0.41441720817084426,backtest (recipe chosen on these seasons),124.0,-148.0,19.0,26.0,2025-12-21,away,ATL,-148.0,−174 to −130,0.5720596355604638,W,0.6756756756756757,-0.04141358365543907,0.42794036443953615,0.6756756756756757,-2.6743533282010388
2025_16_BUF_CLE,2025,16,CLE,BUF,0.0,0.18274111675126903,-3.0,-10.5,0.1520208263595001,backtest (recipe chosen on these seasons),425.0,-575.0,20.0,23.0,2025-12-21,away,BUF,-575.0,≤ −250,0.817258883248731,W,0.17391304347826086,-0.040609137055837546,0.18274111675126903,0.17391304347826086,-12.713945513005294
2025_16_CIN_MIA,2025,16,MIA,CIN,0.0,0.35527082119976705,-24.0,-3.5,0.31736280270005235,backtest (recipe chosen on these seasons),170.0,-205.0,21.0,45.0,2025-12-21,away,CIN,-205.0,−249 to −175,0.644729178800233,W,0.4878048780487805,-0.04076878276062901,0.35527082119976705,0.4878048780487805,-5.876815058599422
2025_16_GB_CHI,2025,16,CHI,GB,1.0,0.5173641257162701,6.0,1.5,0.5730325540949794,backtest (recipe chosen on these seasons),-118.0,-102.0,22.0,16.0,2025-12-20,home,CHI,-118.0,−129 to −100,0.5173641257162701,W,0.847457627118644,-0.04419169994790778,0.5173641257162701,0.847457627118644,2.2773188081552007
2025_16_JAX_DEN,2025,16,DEN,JAX,0.0,0.6092362344582594,-14.0,3.5,0.5443014486117002,backtest (recipe chosen on these seasons),-175.0,145.0,20.0,34.0,2025-12-21,home,DEN,-175.0,−249 to −175,0.6092362344582594,L,-1.0,-0.04262877442273533,0.6092362344582594,-1.0,1.3764901047617633
2025_16_KC_TEN,2025,16,TEN,KC,1.0,0.3775334481388264,17.0,-3.5,0.42420386036789237,backtest (recipe chosen on these seasons),154.0,-185.0,26.0,9.0,2025-12-21,away,KC,-185.0,−249 to −175,0.6224665518611737,L,-1.0,-0.04106504172738101,0.3775334481388264,-1.0,-2.3645311005306286
2025_16_LAC_DAL,2025,16,DAL,LAC,0.0,0.5260865852617197,-17.0,1.5,0.5398605492014497,backtest (recipe chosen on these seasons),-122.0,102.0,17.0,34.0,2025-12-21,home,DAL,-122.0,−129 to −100,0.5260865852617197,L,-1.0,-0.042694902228674,0.5260865852617197,-1.0,1.238019386764038
2025_16_LA_SEA,2025,16,SEA,LA,1.0,0.5260865852617197,1.0,1.5,0.7471213758443422,backtest (recipe chosen on these seasons),-122.0,102.0,38.0,37.0,2025-12-18,home,SEA,-122.0,−129 to −100,0.5260865852617197,W,0.819672131147541,-0.042694902228674,0.5260865852617197,0.819672131147541,8.231722233127098
2025_16_LV_HOU,2025,16,HOU,LV,1.0,0.9039548022598869,2.0,14.5,0.8803312828184108,backtest (recipe chosen on these seasons),-1600.0,900.0,23.0,21.0,2025-12-21,home,HOU,-1600.0,≤ −250,0.9039548022598869,W,0.0625,-0.03954802259887018,0.9039548022598869,0.0625,14.555092280031278
2025_16_MIN_NYG,2025,16,NYG,MIN,0.0,0.42794036443953615,-3.0,-2.5,0.4280177367697257,backtest (recipe chosen on these seasons),124.0,-148.0,13.0,16.0,2025-12-21,away,MIN,-148.0,−174 to −130,0.5720596355604638,W,0.6756756756756757,-0.04141358365543907,0.42794036443953615,0.6756756756756757,-2.24420398355501
2025_16_NE_BAL,2025,16,BAL,NE,0.0,0.6224665518611737,-4.0,3.5,0.594069188331258,backtest (recipe chosen on these seasons),-185.0,154.0,24.0,28.0,2025-12-21,home,BAL,-185.0,−249 to −175,0.6224665518611737,L,-1.0,-0.04106504172738101,0.6224665518611737,-1.0,2.9443705390838444
2025_16_NYJ_NO,2025,16,NO,NYJ,1.0,0.7179705215419501,23.0,6.5,0.7153239393554414,backtest (recipe chosen on these seasons),-298.0,240.0,29.0,6.0,2025-12-21,home,NO,-298.0,≤ −250,0.7179705215419501,W,0.33557046979865773,-0.04109977324263042,0.7179705215419501,0.33557046979865773,7.038603251216415
2025_16_PHI_WAS,2025,16,WAS,PHI,0.0,0.24000000000000005,-11.0,-7.0,0.27306703736894605,backtest (recipe chosen on these seasons),300.0,-380.0,18.0,29.0,2025-12-20,away,PHI,-380.0,≤ −250,0.7600000000000001,W,0.2631578947368421,-0.03999999999999987,0.24000000000000005,0.2631578947368421,-7.466076981386642
2025_16_PIT_DET,2025,16,DET,PIT,0.0,0.7768331562167907,-5.0,7.5,0.7702952489741404,backtest (recipe chosen on these seasons),-425.0,330.0,24.0,29.0,2025-12-21,home,DET,-425.0,≤ −250,0.7768331562167907,L,-1.0,-0.040382571732199696,0.7768331562167907,-1.0,9.15156768634199
2025_16_SF_IND,2025,16,IND,SF,0.0,0.33635187580853815,-21.0,-4.5,0.2823307212068879,backtest (recipe chosen on these seasons),185.0,-225.0,27.0,48.0,2025-12-22,away,SF,-225.0,−249 to −175,0.6636481241914618,W,0.4444444444444444,-0.04139715394566629,0.33635187580853815,0.4444444444444444,-7.124273399239455
2025_16_TB_CAR,2025,16,CAR,TB,1.0,0.4170073589533933,3.0,-3.0,0.42977285543827115,backtest (recipe chosen on these seasons),130.0,-155.0,23.0,20.0,2025-12-21,away,TB,-155.0,−174 to −130,0.5829926410466066,L,-1.0,-0.04088307440719552,0.4170073589533933,-1.0,-2.1889022568695258
2025_17_ARI_CIN,2025,17,CIN,ARI,1.0,0.7440690150970525,23.0,7.0,0.7550216563993718,backtest (recipe chosen on these seasons),-345.0,275.0,37.0,14.0,2025-12-28,home,CIN,-345.0,≤ −250,0.7440690150970525,W,0.2898550724637681,-0.04025880661394679,0.7440690150970525,0.2898550724637681,8.539972334485634
2025_17_BAL_GB,2025,17,GB,BAL,0.0,0.5634920634920635,-17.0,2.5,0.5059036725027253,backtest (recipe chosen on these seasons),-142.0,120.0,24.0,41.0,2025-12-27,home,GB,-142.0,−174 to −130,0.5634920634920635,L,-1.0,-0.03968253968253971,0.5634920634920635,-1.0,0.18306180634976177
2025_17_CHI_SF,2025,17,SF,CHI,1.0,0.644729178800233,4.0,3.5,0.64507870358663,backtest (recipe chosen on these seasons),-205.0,170.0,42.0,38.0,2025-12-28,home,SF,-205.0,−249 to −175,0.644729178800233,W,0.4878048780487805,-0.04076878276062901,0.644729178800233,0.4878048780487805,4.602474982234592
2025_17_DAL_WAS,2025,17,WAS,DAL,0.0,0.19999999999999998,-7.0,-8.5,0.10959806242097608,backtest (recipe chosen on these seasons),380.0,-500.0,23.0,30.0,2025-12-25,away,DAL,-500.0,≤ −250,0.7999999999999999,W,0.2,-0.04000000000000006,0.19999999999999998,0.2,-15.198629222970466
2025_17_DEN_KC,2025,17,KC,DEN,0.0,0.12000000000000002,-7.0,-13.5,0.09725040562340817,backtest (recipe chosen on these seasons),700.0,-1100.0,13.0,20.0,2025-12-25,away,DEN,-1100.0,≤ −250,0.8800000000000001,W,0.09090909090909091,-0.03999999999999987,0.12000000000000002,0.09090909090909091,-16.04857834529421
2025_17_DET_MIN,2025,17,MIN,DET,1.0,0.2491874322860238,13.0,-7.0,0.26662862939808557,backtest (recipe chosen on these seasons),285.0,-360.0,23.0,10.0,2025-12-25,away,DET,-360.0,≤ −250,0.7508125677139762,L,-1.0,-0.040628385698808195,0.2491874322860238,-1.0,-7.707023204829764
2025_17_HOU_LAC,2025,17,LAC,HOU,0.0,0.5173641257162701,-4.0,1.5,0.5628869835399116,backtest (recipe chosen on these seasons),-118.0,-102.0,16.0,20.0,2025-12-27,home,LAC,-118.0,−129 to −100,0.5173641257162701,L,-1.0,-0.04419169994790778,0.5173641257162701,-1.0,1.9580826968454426
2025_17_JAX_IND,2025,17,IND,JAX,0.0,0.33635187580853815,-6.0,-3.5,0.2955333976588275,backtest (recipe chosen on these seasons),185.0,-225.0,17.0,23.0,2025-12-28,away,JAX,-225.0,−249 to −175,0.6636481241914618,W,0.4444444444444444,-0.04139715394566629,0.33635187580853815,0.4444444444444444,-6.646286551714688
2025_17_LA_ATL,2025,17,ATL,LA,1.0,0.24000000000000005,3.0,-7.5,0.2746418234359248,backtest (recipe chosen on these seasons),300.0,-380.0,27.0,24.0,2025-12-29,away,LA,-380.0,≤ −250,0.7600000000000001,L,-1.0,-0.03999999999999987,0.24000000000000005,-1.0,-7.407575469191743
2025_17_NE_NYJ,2025,17,NYJ,NE,0.0,0.13228346456692913,-32.0,-12.5,0.10680173556730048,backtest (recipe chosen on these seasons),625.0,-950.0,10.0,42.0,2025-12-28,away,NE,-950.0,≤ −250,0.8677165354330709,W,0.10526315789473684,-0.04094488188976372,0.13228346456692913,0.10526315789473684,-15.384788223743906
2025_17_NO_TEN,2025,17,TEN,NO,0.0,0.4782608695652174,-8.0,-1.5,0.5482529901138669,backtest (recipe chosen on these seasons),100.0,-120.0,26.0,34.0,2025-12-28,home,TEN,100.0,+100 to +129,0.4782608695652174,L,-1.0,-0.04347826086956519,0.4782608695652174,0.8333333333333334,1.4998469161109351
2025_17_NYG_LV,2025,17,LV,NYG,0.0,0.4066302458405761,-24.0,-3.0,0.42308973637446756,backtest (recipe chosen on these seasons),136.0,-162.0,10.0,34.0,2025-12-28,away,NYG,-162.0,−174 to −130,0.593369754159424,W,0.6172839506172839,-0.04035261981624033,0.4066302458405761,0.6172839506172839,-2.399723271832994
2025_17_PHI_BUF,2025,17,BUF,PHI,0.0,0.6037569709421778,-1.0,3.0,0.5363941645508629,backtest (recipe chosen on these seasons),-170.0,142.0,12.0,13.0,2025-12-28,home,BUF,-170.0,−174 to −130,0.6037569709421778,L,-1.0,-0.0410918696800705,0.6037569709421778,-1.0,1.1300433852480851
2025_17_PIT_CLE,2025,17,CLE,PIT,1.0,0.35527082119976705,7.0,-4.5,0.32693500766528744,backtest (recipe chosen on these seasons),170.0,-205.0,13.0,6.0,2025-12-28,away,PIT,-205.0,−249 to −175,0.644729178800233,L,-1.0,-0.04076878276062901,0.35527082119976705,-1.0,-5.546614166606279
2025_17_SEA_CAR,2025,17,CAR,SEA,0.0,0.27792074112197634,-17.0,-6.5,0.28341741720651825,backtest (recipe chosen on these seasons),245.0,-305.0,10.0,27.0,2025-12-28,away,SEA,-305.0,≤ −250,0.7220792588780237,W,0.32786885245901637,-0.04117344312918164,0.27792074112197634,0.32786885245901637,-7.084536519026801
2025_17_TB_MIA,2025,17,MIA,TB,1.0,0.31460674157303364,3.0,-5.5,0.33004921433646134,backtest (recipe chosen on these seasons),205.0,-250.0,20.0,17.0,2025-12-28,away,TB,-250.0,≤ −250,0.6853932584269663,L,-1.0,-0.04044943820224717,0.31460674157303364,-1.0,-5.440044883805766
2025_18_ARI_LA,2025,18,LA,ARI,1.0,0.8933823529411765,17.0,14.5,0.8729957813136372,backtest (recipe chosen on these seasons),-1350.0,800.0,37.0,20.0,2026-01-04,home,LA,-1350.0,≤ −250,0.8933823529411765,W,0.07407407407407407,-0.04044117647058819,0.8933823529411765,0.07407407407407407,14.110053369283378
2025_18_BAL_PIT,2025,18,PIT,BAL,1.0,0.33635187580853815,2.0,-4.5,0.27049196758693755,backtest (recipe chosen on these seasons),185.0,-225.0,26.0,24.0,2026-01-04,away,BAL,-225.0,−249 to −175,0.6636481241914618,L,-1.0,-0.04139715394566629,0.33635187580853815,-1.0,-7.562099750622532
2025_18_CAR_TB,2025,18,TB,CAR,1.0,0.5829926410466066,2.0,3.0,0.5226665890114167,backtest (recipe chosen on these seasons),-155.0,130.0,16.0,14.0,2026-01-03,home,TB,-155.0,−174 to −130,0.5829926410466066,W,0.6451612903225806,-0.04088307440719552,0.5829926410466066,0.6451612903225806,0.7032013013720633
2025_18_CLE_CIN,2025,18,CIN,CLE,0.0,0.7867435158501441,-2.0,9.5,0.8170953209962235,backtest (recipe chosen on these seasons),-455.0,350.0,18.0,20.0,2026-01-04,home,CIN,-455.0,≤ −250,0.7867435158501441,L,-1.0,-0.04034582132564837,0.7867435158501441,-1.0,11.186820791785772
2025_18_DAL_NYG,2025,18,NYG,DAL,1.0,0.4003612281757977,17.0,-3.0,0.2300964695446283,backtest (recipe chosen on these seasons),140.0,-166.0,34.0,17.0,2026-01-04,away,DAL,-166.0,−174 to −130,0.5996387718242023,L,-1.0,-0.0391330523780854,0.4003612281757977,-1.0,-9.135606014191763
2025_18_DET_CHI,2025,18,CHI,DET,0.0,0.6164383561643836,-3.0,3.5,0.6344219374718615,backtest (recipe chosen on these seasons),-180.0,150.0,16.0,19.0,2026-01-04,home,CHI,-180.0,−249 to −175,0.6164383561643836,L,-1.0,-0.041095890410958846,0.6164383561643836,-1.0,4.250183978574761
2025_18_GB_MIN,2025,18,MIN,GB,1.0,0.8316498316498315,13.0,12.5,0.8811947212515826,backtest (recipe chosen on these seasons),-650.0,470.0,16.0,3.0,2026-01-04,home,MIN,-650.0,≤ −250,0.8316498316498315,W,0.15384615384615385,-0.040404040404040525,0.8316498316498315,0.15384615384615385,14.60872605757462
2025_18_IND_HOU,2025,18,HOU,IND,1.0,0.8081570996978852,8.0,9.5,0.7881769212823485,backtest (recipe chosen on these seasons),-535.0,400.0,38.0,30.0,2026-01-04,home,HOU,-535.0,≤ −250,0.8081570996978852,W,0.18691588785046728,-0.040785498489426,0.8081570996978852,0.18691588785046728,9.897380138906065
2025_18_KC_LV,2025,18,LV,KC,1.0,0.33635187580853815,2.0,-3.5,0.4036191038056994,backtest (recipe chosen on these seasons),185.0,-225.0,14.0,12.0,2026-01-04,away,KC,-225.0,−249 to −175,0.6636481241914618,L,-1.0,-0.04139715394566629,0.33635187580853815,-1.0,-3.018162004332318
2025_18_LAC_DEN,2025,18,DEN,LAC,1.0,0.9039548022598869,16.0,14.5,0.8851313451405824,backtest (recipe chosen on these seasons),-1600.0,900.0,19.0,3.0,2026-01-04,home,DEN,-1600.0,≤ −250,0.9039548022598869,W,0.0625,-0.03954802259887018,0.9039548022598869,0.0625,14.856813001235974
2025_18_MIA_NE,2025,18,NE,MIA,1.0,0.8720930232558138,28.0,14.0,0.8515160003545791,backtest (recipe chosen on these seasons),-1000.0,650.0,38.0,10.0,2026-01-04,home,NE,-1000.0,≤ −250,0.8720930232558138,W,0.1,-0.04069767441860478,0.8720930232558138,0.1,12.901383675491426
2025_18_NO_ATL,2025,18,ATL,NO,1.0,0.644729178800233,2.0,4.5,0.6798441983705533,backtest (recipe chosen on these seasons),-205.0,170.0,19.0,17.0,2026-01-04,home,ATL,-205.0,−249 to −175,0.644729178800233,W,0.4878048780487805,-0.04076878276062901,0.644729178800233,0.4878048780487805,5.780045412144214
2025_18_NYJ_BUF,2025,18,BUF,NYJ,1.0,0.8524590163934427,27.0,12.5,0.8840459749749677,backtest (recipe chosen on these seasons),-800.0,550.0,35.0,8.0,2026-01-04,home,BUF,-800.0,≤ −250,0.8524590163934427,W,0.125,-0.040983606557376984,0.8524590163934427,0.125,14.787818196592923
2025_18_SEA_SF,2025,18,SF,SEA,0.0,0.42794036443953615,-10.0,-2.5,0.21031760917798212,backtest (recipe chosen on these seasons),124.0,-148.0,3.0,13.0,2026-01-03,away,SEA,-148.0,−174 to −130,0.5720596355604638,W,0.6756756756756757,-0.04141358365543907,0.42794036443953615,0.6756756756756757,-9.961804648999479
2025_18_TEN_JAX,2025,18,JAX,TEN,1.0,0.8465011286681716,34.0,12.5,0.8720771398608749,backtest (recipe chosen on these seasons),-750.0,525.0,41.0,7.0,2026-01-04,home,JAX,-750.0,≤ −250,0.8465011286681716,W,0.13333333333333333,-0.04063205417607217,0.8465011286681716,0.13333333333333333,14.055596686684057
2025_18_WAS_PHI,2025,18,PHI,WAS,0.0,0.6164383561643836,-7.0,3.0,0.6209830917630977,backtest (recipe chosen on these seasons),-180.0,150.0,17.0,24.0,2026-01-04,home,PHI,-180.0,−249 to −175,0.6164383561643836,L,-1.0,-0.041095890410958846,0.6164383561643836,-1.0,3.8107487096173775
2026_01_ARI_LAC,2026,1,LAC,ARI,0.0,0.7867435158501441,-12.0,8.5,0.7511162623032934,current season walk-forward,-455.0,350.0,14.0,26.0,2026-09-13,home,LAC,-455.0,≤ −250,0.7867435158501441,L,-1.0,-0.04034582132564837,0.7867435158501441,-1.0,8.386942288292
2026_01_ATL_PIT,2026,1,PIT,ATL,1.0,0.7179705215419501,7.0,6.5,0.7042283192956015,current season walk-forward,-298.0,240.0,20.0,13.0,2026-09-13,home,PIT,-298.0,≤ −250,0.7179705215419501,W,0.33557046979865773,-0.04109977324263042,0.7179705215419501,0.33557046979865773,6.637752433109384
2026_01_BAL_IND,2026,1,IND,BAL,0.0,0.4066302458405761,-18.0,-3.0,0.46442586652883455,current season walk-forward,136.0,-162.0,23.0,41.0,2026-09-13,away,BAL,-162.0,−174 to −130,0.593369754159424,W,0.6172839506172839,-0.04035261981624033,0.4066302458405761,0.6172839506172839,-1.104512756644404
2026_01_BUF_HOU,2026,1,HOU,BUF,0.0,0.4956702459300312,-5.0,-1.5,0.534434071026647,current season walk-forward,-108.0,-112.0,31.0,36.0,2026-09-13,home,HOU,-108.0,−129 to −100,0.4956702459300312,L,-1.0,-0.04537582265327328,0.4956702459300312,0.8928571428571429,1.0690261492352964
2026_01_CHI_CAR,2026,1,CAR,CHI,0.0,0.4003612281757977,-22.0,-3.0,0.48256530422925936,current season walk-forward,140.0,-166.0,37.0,59.0,2026-09-13,away,CHI,-166.0,−174 to −130,0.5996387718242023,W,0.6024096385542169,-0.0391330523780854,0.4003612281757977,0.6024096385542169,-0.5407696635628392
2026_01_CLE_JAX,2026,1,JAX,CLE,1.0,0.7913616398243045,24.0,8.5,0.7993705851413423,current season walk-forward,-470.0,360.0,34.0,10.0,2026-09-13,home,JAX,-470.0,≤ −250,0.7913616398243045,W,0.2127659574468085,-0.040263543191800893,0.7913616398243045,0.2127659574468085,10.383070482037143
2026_01_DAL_NYG,2026,1,NYG,DAL,1.0,0.4003612281757977,8.0,-3.0,0.28970775433577917,current season walk-forward,140.0,-166.0,28.0,20.0,2026-09-13,away,DAL,-166.0,−174 to −130,0.5996387718242023,L,-1.0,-0.0391330523780854,0.4003612281757977,-1.0,-6.855932494247838
2026_01_DEN_KC,2026,1,KC,DEN,1.0,0.5427435387673957,21.0,2.5,0.4766152298680928,current season walk-forward,-130.0,110.0,31.0,10.0,2026-09-14,away,DEN,110.0,+100 to +129,0.4572564612326044,L,-1.0,-0.03976143141153066,0.5427435387673957,0.7692307692307693,-0.7255071037070674
2026_01_GB_MIN,2026,1,MIN,GB,1.0,0.5324675324675325,17.0,1.5,0.6009543395165028,current season walk-forward,-125.0,105.0,39.0,22.0,2026-09-13,home,MIN,-125.0,−129 to −100,0.5324675324675325,W,0.8,-0.041558441558441406,0.5324675324675325,0.8,3.164469514196984
2026_01_MIA_LV,2026,1,LV,MIA,1.0,0.6037569709421778,14.0,3.0,0.5720745195159219,current season walk-forward,-170.0,142.0,27.0,13.0,2026-09-13,home,LV,-170.0,−174 to −130,0.6037569709421778,W,0.5882352941176471,-0.0410918696800705,0.6037569709421778,0.5882352941176471,2.2471121022260925
2026_01_NE_SEA,2026,1,SEA,NE,1.0,0.5996387718242023,3.0,3.0,0.6895912602555285,current season walk-forward,-166.0,140.0,13.0,10.0,2026-09-09,home,SEA,-166.0,−174 to −130,0.5996387718242023,W,0.6024096385542169,-0.0391330523780854,0.5996387718242023,0.6024096385542169,6.119341266033303
2026_01_NO_DET,2026,1,DET,NO,1.0,0.7335423197492164,1.0,7.0,0.644601667584548,current season walk-forward,-325.0,260.0,31.0,30.0,2026-09-13,home,DET,-325.0,≤ −250,0.7335423197492164,W,0.3076923076923077,-0.04075235109717859,0.7335423197492164,0.3076923076923077,4.586627217801802
2026_01_NYJ_TEN,2026,1,TEN,NYJ,0.0,0.5173641257162701,-13.0,1.5,0.34662757263758465,current season walk-forward,-118.0,-102.0,10.0,23.0,2026-09-13,away,NYJ,-102.0,−129 to −100,0.4826358742837298,W,0.9803921568627451,-0.044191699947907725,0.5173641257162701,-1.0,-4.879240756367228
2026_01_SF_LA,2026,1,LA,SF,0.0,0.6574752261956054,-20.0,3.5,0.6770171234127654,current season walk-forward,-218.0,180.0,7.0,27.0,2026-09-10,home,LA,-218.0,−249 to −175,0.6574752261956054,L,-1.0,-0.04093063334769487,0.6574752261956054,-1.0,5.6824540134989805
2026_01_TB_CIN,2026,1,CIN,TB,1.0,0.644729178800233,6.0,3.5,0.6149081047534534,current season walk-forward,-205.0,170.0,33.0,27.0,2026-09-13,home,CIN,-205.0,−249 to −175,0.644729178800233,W,0.4878048780487805,-0.04076878276062901,0.644729178800233,0.4878048780487805,3.613703747941989
2026_01_WAS_PHI,2026,1,PHI,WAS,1.0,0.6805555555555556,2.0,6.0,0.7067002489455076,current season walk-forward,-245.0,200.0,24.0,22.0,2026-09-13,home,PHI,-245.0,−249 to −175,0.6805555555555556,W,0.40816326530612246,-0.04166666666666663,0.6805555555555556,0.40816326530612246,6.726439454753044
2026_02_CAR_ATL,2026,2,ATL,CAR,0.0,0.4170073589533933,-31.0,-2.5,0.3520953953562099,current season walk-forward,130.0,-155.0,3.0,34.0,2026-09-20,away,CAR,-155.0,−174 to −130,0.5829926410466066,W,0.6451612903225806,-0.04088307440719552,0.4170073589533933,0.6451612903225806,-4.6965112577131025
2026_02_CIN_HOU,2026,2,HOU,CIN,0.0,0.5720596355604638,-14.0,3.0,0.5419659579327091,current season walk-forward,-148.0,124.0,6.0,20.0,2026-09-20,home,HOU,-148.0,−174 to −130,0.5720596355604638,L,-1.0,-0.04141358365543907,0.5720596355604638,-1.0,1.3036472763368394
2026_02_CLE_TB,2026,2,TB,CLE,0.0,0.7768331562167907,-4.0,8.5,0.8153591529134944,current season walk-forward,-425.0,330.0,19.0,23.0,2026-09-20,home,TB,-425.0,≤ −250,0.7768331562167907,L,-1.0,-0.040382571732199696,0.7768331562167907,-1.0,11.106029366256875
2026_02_DET_BUF,2026,2,BUF,DET,1.0,0.6750312469954812,10.0,5.5,0.6778346580933992,current season walk-forward,-238.0,195.0,41.0,31.0,2026-09-17,home,BUF,-238.0,−249 to −175,0.6750312469954812,W,0.42016806722689076,-0.0413421786366695,0.6750312469954812,0.42016806722689076,5.710638933185295
2026_02_GB_NYJ,2026,2,NYJ,GB,0.0,0.3775334481388264,-3.0,-3.5,0.3882592607316142,current season walk-forward,154.0,-185.0,17.0,20.0,2026-09-20,away,GB,-185.0,−249 to −175,0.6224665518611737,W,0.5405405405405406,-0.04106504172738101,0.3775334481388264,0.5405405405405406,-3.511334480013588
2026_02_IND_KC,2026,2,KC,IND,1.0,0.6957699520733487,3.0,6.0,0.5444984359538838,current season walk-forward,-265.0,215.0,33.0,30.0,2026-09-20,home,KC,-265.0,≤ −250,0.6957699520733487,W,0.37735849056603776,-0.041675349031048026,0.6957699520733487,0.37735849056603776,1.3826361930420712
2026_02_JAX_DEN,2026,2,DEN,JAX,1.0,0.5720596355604638,7.0,2.5,0.5511991538381226,current season walk-forward,-148.0,124.0,20.0,13.0,2026-09-20,home,DEN,-148.0,−174 to −130,0.5720596355604638,W,0.6756756756756757,-0.04141358365543907,0.5720596355604638,0.6756756756756757,1.5919149363459744
2026_02_LV_LAC,2026,2,LAC,LV,0.0,0.7335423197492164,-12.0,6.5,0.6732192850045929,current season walk-forward,-325.0,260.0,14.0,26.0,2026-09-20,home,LAC,-325.0,≤ −250,0.7335423197492164,L,-1.0,-0.04075235109717859,0.7335423197492164,-1.0,5.551904770985674
2026_02_MIA_SF,2026,2,SF,MIA,1.0,0.863013698630137,22.0,12.5,0.8384780345680751,current season walk-forward,-900.0,600.0,35.0,13.0,2026-09-20,home,SF,-900.0,≤ −250,0.863013698630137,W,0.1111111111111111,-0.0410958904109589,0.863013698630137,0.1111111111111111,12.224306268781502
2026_02_MIN_CHI,2026,2,CHI,MIN,0.0,0.6574752261956054,-6.0,4.5,0.6783754078801262,current season walk-forward,-218.0,180.0,3.0,9.0,2026-09-20,home,CHI,-218.0,−249 to −175,0.6574752261956054,L,-1.0,-0.04093063334769487,0.6574752261956054,-1.0,5.729297848609257
2026_02_NO_BAL,2026,2,BAL,NO,0.0,0.7571884984025559,-7.0,8.5,0.7238034122367001,current season walk-forward,-375.0,295.0,17.0,24.0,2026-09-20,home,BAL,-375.0,≤ −250,0.7571884984025559,L,-1.0,-0.04089456869009592,0.7571884984025559,-1.0,7.349979827146598
2026_02_NYG_LA,2026,2,LA,NYG,1.0,0.7179705215419501,22.0,6.5,0.7238486952911202,current season walk-forward,-298.0,240.0,28.0,6.0,2026-09-21,home,LA,-298.0,≤ −250,0.7179705215419501,W,0.33557046979865773,-0.04109977324263042,0.7179705215419501,0.33557046979865773,7.3516550634223305
2026_02_PHI_TEN,2026,2,TEN,PHI,0.0,0.26645768025078376,-4.0,-7.0,0.2674348799308459,current season walk-forward,260.0,-325.0,20.0,24.0,2026-09-20,away,PHI,-325.0,≤ −250,0.7335423197492164,W,0.3076923076923077,-0.04075235109717859,0.26645768025078376,0.3076923076923077,-7.676691929394415
2026_02_PIT_NE,2026,2,NE,PIT,1.0,0.6636481241914618,17.0,4.5,0.6992229592681359,current season walk-forward,-225.0,185.0,20.0,3.0,2026-09-20,home,NE,-225.0,−249 to −175,0.6636481241914618,W,0.4444444444444444,-0.04139715394566629,0.6636481241914618,0.4444444444444444,6.459205415313054
2026_02_SEA_ARI,2026,2,ARI,SEA,0.0,0.34252477380439467,-24.0,-3.5,0.3612807312309542,current season walk-forward,180.0,-218.0,7.0,31.0,2026-09-20,away,SEA,-218.0,−249 to −175,0.6574752261956054,W,0.45871559633027525,-0.04093063334769487,0.34252477380439467,0.45871559633027525,-4.391814461014834
2026_02_WAS_DAL,2026,2,DAL,WAS,1.0,0.6574752261956054,17.0,3.5,0.7036876029300138,current season walk-forward,-218.0,180.0,37.0,20.0,2026-09-20,home,DAL,-218.0,−249 to −175,0.6574752261956054,W,0.45871559633027525,-0.04093063334769487,0.6574752261956054,0.45871559633027525,6.618398355374212
2026_03_ARI_SF,2026,3,SF,ARI,1.0,0.7659021045164341,6.0,7.5,0.7578199916592158,current season walk-forward,-395.0,310.0,36.0,30.0,2026-09-27,home,SF,-395.0,≤ −250,0.7659021045164341,W,0.25316455696202533,-0.040198628517379986,0.7659021045164341,0.25316455696202533,8.650431087717978
2026_03_ATL_GB,2026,3,GB,ATL,0.0,0.6690070210631895,-21.0,4.5,0.5981155366196319,current season walk-forward,-230.0,190.0,14.0,35.0,2026-09-24,home,GB,-230.0,−249 to −175,0.6690070210631895,L,-1.0,-0.04012036108324979,0.6690070210631895,-1.0,3.0736035152713246
2026_03_BAL_DAL,2026,3,DAL,BAL,0.0,0.3962430290578221,-3.0,-3.0,0.35912898289599293,current season walk-forward,142.0,-170.0,31.0,34.0,2026-09-27,away,BAL,-170.0,−174 to −130,0.6037569709421778,W,0.5882352941176471,-0.0410918696800705,0.3962430290578221,0.5882352941176471,-4.4629470354055405
2026_03_CAR_CLE,2026,3,CLE,CAR,1.0,0.448558885283451,3.0,-2.5,0.40599579978045525,current season walk-forward,114.0,-135.0,21.0,18.0,2026-09-27,away,CAR,-135.0,−174 to −130,0.551441114716549,L,-1.0,-0.04008398549341474,0.448558885283451,-1.0,-2.942297595055275
2026_03_CIN_PIT,2026,3,PIT,CIN,1.0,0.3835616438356164,3.0,-3.5,0.3407894571554002,current season walk-forward,150.0,-180.0,30.0,27.0,2026-09-27,away,CIN,-180.0,−249 to −175,0.6164383561643836,L,-1.0,-0.041095890410958846,0.3835616438356164,-1.0,-5.075528680155822
2026_03_HOU_IND,2026,3,IND,HOU,1.0,0.4675324675324675,2.0,-1.5,0.5253697016686535,current season walk-forward,105.0,-125.0,19.0,17.0,2026-09-27,home,IND,105.0,+100 to +129,0.4675324675324675,W,1.05,-0.04155844155844163,0.4675324675324675,-1.0,0.7871690756890929
2026_03_KC_MIA,2026,3,MIA,KC,0.0,0.17766497461928932,-14.0,-10.0,0.22781505971900867,current season walk-forward,440.0,-600.0,10.0,24.0,2026-09-27,away,KC,-600.0,≤ −250,0.8223350253807106,W,0.16666666666666666,-0.040609137055837685,0.17766497461928932,0.16666666666666666,-9.228783735801937
2026_03_LAC_BUF,2026,3,BUF,LAC,1.0,0.7335423197492164,8.0,7.0,0.7070118472246636,current season walk-forward,-325.0,260.0,24.0,16.0,2026-09-27,home,BUF,-325.0,≤ −250,0.7335423197492164,W,0.3076923076923077,-0.04075235109717859,0.7335423197492164,0.3076923076923077,6.737643352380658
2026_03_LA_DEN,2026,3,DEN,LA,1.0,0.5043297540699688,4.0,1.5,0.7767087115863146,current season walk-forward,-112.0,-108.0,30.0,26.0,2026-09-27,home,DEN,-112.0,−129 to −100,0.5043297540699688,W,0.8928571428571429,-0.04537582265327328,0.5043297540699688,0.8928571428571429,9.41511278428717
2026_03_LV_NO,2026,3,NO,LV,0.0,0.6309403437815976,-8.0,3.5,0.5744875330090872,current season walk-forward,-192.0,160.0,27.0,35.0,2026-09-27,home,NO,-192.0,−249 to −175,0.6309403437815976,L,-1.0,-0.04044489383215366,0.6309403437815976,-1.0,2.3232201524981386
2026_03_MIN_TB,2026,3,TB,MIN,0.0,0.4956702459300312,-7.0,-1.5,0.5552126250343296,current season walk-forward,-108.0,-112.0,16.0,23.0,2026-09-27,home,TB,-108.0,−129 to −100,0.4956702459300312,L,-1.0,-0.04537582265327328,0.4956702459300312,0.8928571428571429,1.7174795199896717
2026_03_NE_JAX,2026,3,JAX,NE,1.0,0.593369754159424,29.0,3.0,0.5871372711831008,current season walk-forward,-162.0,136.0,35.0,6.0,2026-09-27,home,JAX,-162.0,−174 to −130,0.593369754159424,W,0.6172839506172839,-0.04035261981624033,0.593369754159424,0.6172839506172839,2.723714191647832
2026_03_NYJ_DET,2026,3,DET,NYJ,1.0,0.7335423197492164,7.0,7.0,0.736456138461564,current season walk-forward,-325.0,260.0,31.0,24.0,2026-09-27,home,DET,-325.0,≤ −250,0.7335423197492164,W,0.3076923076923077,-0.04075235109717859,0.7335423197492164,0.3076923076923077,7.823503975119684
2026_03_PHI_CHI,2026,3,CHI,PHI,1.0,0.3630958183058778,20.0,-3.5,0.33611450045427094,current season walk-forward,164.0,-198.0,27.0,7.0,2026-09-28,away,PHI,-198.0,−249 to −175,0.6369041816941223,L,-1.0,-0.04142703967248251,0.3630958183058778,-1.0,-5.233633425640924
2026_03_SEA_WAS,2026,3,WAS,SEA,1.0,0.22849462365591394,2.0,-8.5,0.21880201710557015,current season walk-forward,320.0,-410.0,33.0,31.0,2026-09-27,away,SEA,-410.0,≤ −250,0.771505376344086,L,-1.0,-0.04032258064516131,0.22849462365591394,-1.0,-9.602157071726234
2026_03_TEN_NYG,2026,3,NYG,TEN,1.0,0.5427435387673957,5.0,2.5,0.5551761813545532,current season walk-forward,-130.0,110.0,12.0,7.0,2026-09-27,home,NYG,-130.0,−174 to −130,0.5427435387673957,W,0.7692307692307693,-0.03976143141153071,0.5427435387673957,0.7692307692307693,1.716338574057711
2026_04_ARI_NYG,2026,4,NYG,ARI,1.0,0.448558885283451,12.0,-2.5,0.3803714109590668,current season walk-forward,114.0,-135.0,36.0,24.0,2026-10-04,away,ARI,-135.0,−174 to −130,0.551441114716549,L,-1.0,-0.04008398549341474,0.448558885283451,-1.0,-3.7667327307778184
2026_04_ATL_NO,2026,4,NO,ATL,0.0,0.5173641257162701,-21.0,1.5,0.4904418898079102,current season walk-forward,-118.0,-102.0,24.0,45.0,2026-10-05,away,ATL,-102.0,−129 to −100,0.4826358742837298,W,0.9803921568627451,-0.044191699947907725,0.5173641257162701,-1.0,-0.29639660298632686
2026_04_DAL_HOU,2026,4,HOU,DAL,0.0,0.5829926410466066,-4.0,3.0,0.5510172114625612,current season walk-forward,-155.0,130.0,30.0,34.0,2026-10-04,home,HOU,-155.0,−174 to −130,0.5829926410466066,L,-1.0,-0.04088307440719552,0.5829926410466066,-1.0,1.5862267089584943
2026_04_DEN_SF,2026,4,SF,DEN,1.0,0.5996387718242023,10.0,3.0,0.21085253672200607,current season walk-forward,-166.0,140.0,24.0,14.0,2026-10-04,away,DEN,140.0,+130 to +174,0.4003612281757977,L,-1.0,-0.0391330523780854,0.5996387718242023,0.6024096385542169,-9.938882286093968
2026_04_DET_CAR,2026,4,CAR,DET,1.0,0.33635187580853815,6.0,-4.5,0.30863147320934337,current season walk-forward,185.0,-225.0,32.0,26.0,2026-10-04,away,DET,-225.0,−249 to −175,0.6636481241914618,L,-1.0,-0.04139715394566629,0.33635187580853815,-1.0,-6.181699782724264
2026_04_GB_TB,2026,4,TB,GB,0.0,0.4170073589533933,-3.0,-3.0,0.42285371311405484,current season walk-forward,130.0,-155.0,14.0,17.0,2026-10-04,away,GB,-155.0,−174 to −130,0.5829926410466066,W,0.6451612903225806,-0.04088307440719552,0.4170073589533933,0.6451612903225806,-2.4071810941107885
2026_04_IND_WAS,2026,4,WAS,IND,0.0,0.33099297893681046,-17.0,-4.5,0.28911075418576315,current season walk-forward,190.0,-230.0,13.0,30.0,2026-10-04,away,IND,-230.0,−249 to −175,0.6690070210631895,W,0.43478260869565216,-0.04012036108324979,0.33099297893681046,0.43478260869565216,-6.877527224367695
2026_04_JAX_CIN,2026,4,CIN,JAX,0.0,0.5720596355604638,-5.0,2.5,0.504365767730679,current season walk-forward,-148.0,124.0,17.0,22.0,2026-10-04,home,CIN,-148.0,−174 to −130,0.5720596355604638,L,-1.0,-0.04141358365543907,0.5720596355604638,-1.0,0.13537202605755547
2026_04_KC_LV,2026,4,LV,KC,0.0,0.33635187580853815,-3.0,-4.5,0.41471635983663974,current season walk-forward,185.0,-225.0,27.0,30.0,2026-10-04,away,KC,-225.0,−249 to −175,0.6636481241914618,W,0.4444444444444444,-0.04139715394566629,0.33635187580853815,0.4444444444444444,-2.6648589888199035
2026_04_LAC_SEA,2026,4,SEA,LAC,1.0,0.7440690150970525,7.0,7.0,0.7485235012712201,current season walk-forward,-345.0,275.0,30.0,23.0,2026-10-04,home,SEA,-345.0,≤ −250,0.7440690150970525,W,0.2898550724637681,-0.04025880661394679,0.7440690150970525,0.2898550724637681,8.286052623534855
2026_04_LA_PHI,2026,4,PHI,LA,0.0,0.3630958183058778,-4.0,-3.5,0.3887088778540646,current season walk-forward,164.0,-198.0,20.0,24.0,2026-10-04,away,LA,-198.0,−249 to −175,0.6369041816941223,W,0.5050505050505051,-0.04142703967248251,0.3630958183058778,0.5050505050505051,-3.4968224860710087
2026_04_MIA_MIN,2026,4,MIN,MIA,1.0,0.8081570996978852,5.0,10.0,0.7136305722637694,current season walk-forward,-535.0,400.0,15.0,10.0,2026-10-04,home,MIN,-535.0,≤ −250,0.8081570996978852,W,0.18691588785046728,-0.040785498489426,0.8081570996978852,0.18691588785046728,6.976957673701446
2026_04_NE_BUF,2026,4,BUF,NE,0.0,0.7440690150970525,-3.0,7.0,0.7228553186450271,current season walk-forward,-345.0,275.0,26.0,29.0,2026-10-04,home,BUF,-345.0,≤ −250,0.7440690150970525,L,-1.0,-0.04025880661394679,0.7440690150970525,-1.0,7.314936195811219
2026_04_NYJ_CHI,2026,4,CHI,NYJ,1.0,0.6309403437815976,11.0,3.5,0.6195531781138692,current season walk-forward,-192.0,160.0,23.0,12.0,2026-10-04,home,CHI,-192.0,−249 to −175,0.6309403437815976,W,0.5208333333333334,-0.04044489383215366,0.6309403437815976,0.5208333333333334,3.7642835801537937
2026_04_PIT_CLE,2026,4,CLE,PIT,1.0,0.42794036443953615,3.0,-2.5,0.4340925394359924,current season walk-forward,124.0,-148.0,27.0,24.0,2026-10-01,away,PIT,-148.0,−174 to −130,0.5720596355604638,L,-1.0,-0.04141358365543907,0.42794036443953615,-1.0,-2.0529778580557663
2026_04_TEN_BAL,2026,4,BAL,TEN,1.0,0.8524590163934427,6.0,11.5,0.8696900468408056,current season walk-forward,-800.0,550.0,24.0,18.0,2026-10-04,home,BAL,-800.0,≤ −250,0.8524590163934427,W,0.125,-0.040983606557376984,0.8524590163934427,0.125,13.915348835211946
