game_id,sum__for__plays_per_game,sum__for__net_pass_yards_per_pass_play,sum__for__rush_yards_per_attempt,sum__for__first_down_rate,sum__for__fumbles_lost_per_game,sum__for__interception_pct,sum__for__penalty_yards_per_game,sum__allowed__plays_per_game,sum__allowed__net_pass_yards_per_pass_play,sum__allowed__rush_yards_per_attempt,sum__allowed__first_down_rate,sum__allowed__fumbles_lost_per_game,sum__allowed__interception_pct,sum__allowed__penalty_yards_per_game,sum__avail__qb_delta,sum__avail__OL_out_cs,sum__avail__WRTE_out_cs,sum__avail__RB_out_cs,sum__avail__DL_out_cs,sum__avail__LB_out_cs,sum__avail__DB_out_cs,sum__max_lead,sum__max_deficit,home_score,away_score,home_spread_odds,away_spread_odds,over_odds,under_odds,feature_through_week,season,week,home,away,home won,result,spread_line,home_moneyline,away_moneyline,q,site,margin,total,margin_line,total_line,market_cover_q,market_over_q,ready,spread10,moneyline_logit,total_context_price,spread_total_price,abs_spread10,abs_moneyline_logit,spread_squared,cover_logit,over_logit,resid_h4_k4__margin_history,resid_h4_k4__total_history,resid_h4_k12__margin_history,resid_h4_k12__total_history,resid_h16_k4__margin_history,resid_h16_k4__total_history,resid_h16_k12__margin_history,resid_h16_k12__total_history,stage1_through_season,stage1_through_week,margin__market_relationships__mean,margin__market_relationships__sd,margin__resid_h4_k4__mean,margin__resid_h4_k4__sd,margin__resid_h4_k12__mean,margin__resid_h4_k12__sd,margin__resid_h16_k4__mean,margin__resid_h16_k4__sd,margin__resid_h16_k12__mean,margin__resid_h16_k12__sd,total__market_relationships__mean,total__market_relationships__sd,total__resid_h4_k4__mean,total__resid_h4_k4__sd,total__resid_h4_k12__mean,total__resid_h4_k12__sd,total__resid_h16_k4__mean,total__resid_h16_k4__sd,total__resid_h16_k12__mean,total__resid_h16_k12__sd,margin__selected__mean,margin__selected__sd,total__selected__mean,total__selected__sd,margin_edge,total_context,d__for__rates_core__plays_per_game,d__for__rates_core__net_pass_yards_per_pass_play,d__for__rates_core__rush_yards_per_attempt,d__for__rates_core__first_down_rate,d__for__rates_core__fumbles_lost_per_game,d__for__rates_core__interception_pct,d__for__rates_core__penalty_yards_per_game,d__allowed__rates_core__plays_per_game,d__allowed__rates_core__net_pass_yards_per_pass_play,d__allowed__rates_core__rush_yards_per_attempt,d__allowed__rates_core__first_down_rate,d__allowed__rates_core__fumbles_lost_per_game,d__allowed__rates_core__interception_pct,d__allowed__rates_core__penalty_yards_per_game,d__avail__qb_delta,d__avail__OL_out_cs,d__avail__WRTE_out_cs,d__avail__RB_out_cs,d__avail__DL_out_cs,d__avail__LB_out_cs,d__avail__DB_out_cs,d__max_lead,d__max_deficit,pass_product,pass_1sd_pp,pass_1sd_pn,pass_1sd_np,pass_1sd_nn,total_homefield,pass_total_interaction,model_wp,revision
2026_01_ARI_LAC,125.42261778867164,11.672877407758666,8.718856772178704,60.94909948197992,0.9835381619096686,4.280390118567301,94.23580836686796,123.05421453873998,12.349583141153031,8.636869620067223,63.03639270604333,0.8499498202287341,4.98593708058198,93.71356162512409,0.2521053460877818,1.2477660092524958,0.4775968280817932,1.4763002364066191,0.8689726908904991,0.6656264499664897,0.6249020988523638,8.753049113593553,14.147530797100346,14.0,26.0,-118.0,-102.0,-102.0,-118.0,0,2026,1,LAC,ARI,0.0,-12.0,8.5,-455.0,350.0,0.7867435158501441,1.0,-12.0,40.0,8.5,47.5,0.5173641257162701,0.4826358742837298,True,0.85,1.3054067019807902,0.25,0.2125,0.85,1.3054067019807902,0.7224999999999999,0.06948444579350911,-0.06948444579350956,0.33843994876895855,0.0038224140380993753,0.15863080207284766,0.0017916106148927247,0.281060120608287,0.013762982632559961,0.16846992778716716,0.008249653793733713,2025.0,18.0,10.108073773064646,12.526698205563982,10.104930011267296,12.53425946500543,10.110164526266834,12.53451452321345,10.090839379923871,12.532623147338356,10.10218215510988,12.53351726794004,48.82462694524445,13.041921378646412,48.97929280355603,13.050781881025161,48.980307735587104,13.051396641393541,48.964078174179974,13.048896171583861,48.97062198762003,13.049762237369322,10.108073773064646,12.526698205563982,48.82462694524445,13.041921378646412,0.1608073773064646,0.38246269452444465,0.9288972027682902,-0.0628420855921811,-0.0684983334679305,-1.301572169101437,-0.0938705522509042,0.3085605802330111,-2.2451801537973424,-3.9529330723725735,-0.5227974940989792,-0.190329874777487,-3.517092653625202,-0.1046775446633445,1.2167069019983865,2.370968932592625,0.0942830180106364,0.4644326759191624,0.0229520193386238,-0.5151891252955083,-0.0705382486204404,-0.0653113239160695,-0.2480425947201324,1.876062544528008,-3.5116328902915,-0.877612761030275,0.0,0.0,0.0,0.0,0.38246269452444465,-0.3356541413326765,0.7511162623032934,boxscore-composite-v1.17
2026_01_ATL_PIT,123.06294654503547,12.080911947120343,8.844407728647957,61.45491930242109,0.9792046104353253,3.691153796767663,98.6342370412784,125.32817287620634,12.288512633668043,8.769191488445955,61.72250463696044,0.9866577862892988,5.141345057026909,97.48330229595636,-0.4481255528928223,0.3293495778725803,1.019863092250104,0.883136997230957,0.8775247947795012,0.6939484126984128,0.5968241388925579,10.891367574768095,10.114148403620916,20.0,13.0,-112.0,-108.0,-112.0,-108.0,0,2026,1,PIT,ATL,1.0,7.0,6.5,-298.0,240.0,0.7179705215419501,1.0,7.0,33.0,6.5,40.5,0.5043297540699688,0.5043297540699688,True,0.65,0.9344169128430823,-0.45,-0.29250000000000004,0.65,0.9344169128430823,0.42250000000000004,0.017319449200180376,0.017319449200180376,0.1025082295716802,0.019712491714762283,0.04804681815834939,0.009239477735832561,0.21621027910622104,0.06002627228432191,0.12959835792084382,0.03598027971804114,2025.0,18.0,7.948067992797753,12.526698205563982,7.948866482732608,12.53425946500543,7.946972983637744,12.53451452321345,7.924686418714476,12.532623147338356,7.9367679520274255,12.53351726794004,41.9931063820743,13.041921378646412,41.93711327227539,13.050781881025161,41.94202220326738,13.051396641393541,41.88219775896393,13.048896171583861,41.89088941978727,13.049762237369322,7.948067992797753,12.526698205563982,41.9931063820743,13.041921378646412,0.14480679927977533,-0.3006893617925698,-0.9090344957936553,-0.2001697667371953,0.0159652177812166,-0.7191913811464197,-0.0766376142513592,-0.3563088354506418,-0.860727029078042,0.2251262790008894,0.2363769926682799,-0.2049851669159847,-0.1408540144238443,0.1343748365273491,-0.2325493606097901,5.47844153475598,0.549961629376515,-0.0757902558386819,0.2076703685529554,0.3126671985732389,-0.8124563016288163,-0.4171626984126984,0.1573548188262228,0.7981310619475028,-0.2693715049444423,0.0938304997156146,0.0,0.0,0.0,0.0,-0.3006893617925698,-0.028213833076166053,0.7042283192956015,boxscore-composite-v1.17
2026_01_BAL_IND,120.9340056977301,12.659568972854103,9.269024621763515,63.42868012300084,1.174051342991148,5.023839223840142,96.99450858180472,127.12113343735729,12.657381303722138,8.198033145353705,62.4224951542738,0.9645711127626392,4.200686743917359,101.08934578776729,0.6489448745741182,0.4928123029931719,0.6567505411255412,0.6653474362566545,0.9550564699400867,1.1767895878524943,0.8956179295577116,12.987635715859223,9.186255739676842,23.0,41.0,-112.0,-108.0,-102.0,-118.0,0,2026,1,IND,BAL,0.0,-18.0,-3.0,136.0,-162.0,0.4066302458405761,1.0,-18.0,64.0,-3.0,48.5,0.5043297540699688,0.4826358742837298,True,-0.3,-0.3779134505088059,0.35,-0.105,0.3,0.3779134505088059,0.09,0.017319449200180376,-0.06948444579350956,-0.08428654064568764,0.21130543867363855,-0.039506097300879374,0.0990413553159969,0.047656201215776114,0.24463594837943833,0.028565549463426036,0.14663695606630983,2025.0,18.0,-3.4526561887305,12.526698205563982,-3.453410285585352,12.53425946500543,-3.4517000159157765,12.53451452321345,-3.510740972152682,12.532623147338356,-3.4931797050506943,12.53351726794004,48.5966910153093,13.041921378646412,48.41774169654222,13.050781881025161,48.46040476186111,13.051396641393541,48.378972636965784,13.048896171583861,48.413711359373934,13.049762237369322,-3.4526561887305,12.526698205563982,48.5966910153093,13.041921378646412,-0.04526561887304999,0.3596691015309297,0.9329808454619553,-0.151442855853185,-0.6203278649015136,-0.0585911413961355,-0.0123815576795114,0.3240032706435332,1.78772080303294,1.585380631175738,0.0761255627796746,-0.1072289766796181,1.424173092666415,-0.0643838858693051,0.052892859806493,3.8582277647606418,0.1890826921605803,-0.3028866217380108,-0.1588338744588744,-0.3520944242084617,0.0512103160939329,0.8232104121475055,0.4309286640209884,-1.1893338107954587,0.3735242505156657,-0.3606119852206371,0.0,0.0,0.0,0.0,0.3596691015309297,-0.12970098872559144,0.4644258665288347,boxscore-composite-v1.17
2026_01_BUF_HOU,126.26262692442634,12.5986676508282,8.733375912706085,62.754720008088,0.8027504015385317,3.831502850104832,102.51887729025546,118.98273311037852,11.478765745528856,8.773467667021997,60.201526301243646,1.0160466013825482,5.590798032795757,97.75161587970156,0.2667772603822911,0.5774720821325648,0.6142488637998266,0.4628891137432296,0.9701834914736608,0.6272345044587038,0.7740618415331617,13.81758207095138,6.971499430010148,31.0,36.0,-115.0,-105.0,-110.0,-110.0,0,2026,1,HOU,BUF,0.0,-5.0,-1.5,-108.0,-112.0,0.4956702459300312,1.0,-5.0,67.0,-1.5,44.5,0.5108342361863488,0.5,True,-0.15,-0.017319449200180376,-0.05,0.0075,0.15,0.017319449200180376,0.0225,0.043343729216471914,0.0,0.07422990606603744,0.1359382936955553,0.034792433871588126,0.06371588413181471,0.10618399931175689,0.11651321717709436,0.06364763046955313,0.0698390552227524,2025.0,18.0,-0.8927956029426839,12.526698205563982,-0.8959482751037773,12.53425946500543,-0.8899542932107274,12.53451452321345,-0.94916540896439,12.532623147338356,-0.9308170840249296,12.53351726794004,44.34143831866561,13.041921378646412,44.169944888888004,13.050781881025161,44.19726554688199,13.051396641393541,44.209611792141985,13.048896171583861,44.2254024977364,13.049762237369322,-0.8927956029426839,12.526698205563982,44.34143831866561,13.041921378646412,0.06072043970573161,-0.06585616813343904,0.0617040480074209,-0.3476378123988386,-0.6238672114821586,-2.641798331816787,-0.2035009848713772,-0.1479951368425787,6.241078577370082,1.660169056957869,0.1114889332354218,-0.4957965583100865,-1.8229088953372103,0.1381053081826026,0.3685066789574884,4.846592686241159,0.1622735084429436,0.0305970821325648,0.0624579635094103,0.0654127730492232,-0.1928475073782334,0.0133348905590898,-0.3137170139469548,-1.039737231034156,-2.294891164129065,1.2637382183531405,0.0,0.0,0.0,0.0,-0.06585616813343904,-0.08322495658451712,0.5344340710266473,boxscore-composite-v1.17
2026_01_CHI_CAR,123.00525994345838,12.036911313184577,8.85452347817466,61.66204976641211,0.9377860228150872,3.8887215164513385,98.38504344741044,123.7864128364536,12.775933268848204,9.042283323421742,64.37536236403145,0.958958089658819,5.731623361080407,93.09358207490573,0.037842015796123,1.033277575057432,0.4398873046031097,0.5994386091995654,0.8264948065818989,1.191623777066815,0.7818448023426061,7.885893049866306,11.817219729067508,37.0,59.0,-108.0,-112.0,-105.0,-115.0,0,2026,1,CAR,CHI,0.0,-22.0,-3.0,140.0,-166.0,0.4003612281757977,1.0,-22.0,96.0,-3.0,47.5,0.4956702459300312,0.4891657638136511,True,-0.3,-0.40396021692874406,0.25,-0.075,0.3,0.40396021692874406,0.09,-0.017319449200180376,-0.043343729216472136,-0.13032634140718968,-0.05596984546764625,-0.06108549579871129,-0.02623372775796967,-0.17132734006727907,0.01733889566671486,-0.10269512639016101,0.01039308776555955,2025.0,18.0,-3.664909482677003,12.526698205563982,-3.6646429028629393,12.53425946500543,-3.664804093638794,12.53451452321345,-3.652337334405674,12.532623147338356,-3.6598179634057137,12.53351726794004,47.77334132528656,13.041921378646412,47.995798678433864,13.050781881025161,47.983758436090774,13.051396641393541,47.87921370823044,13.048896171583861,47.88449300699184,13.049762237369322,-3.664909482677003,12.526698205563982,47.77334132528656,13.041921378646412,-0.0664909482677003,0.2773341325286559,-3.790173002351871,-0.3137550601752767,-0.3588531878964689,-1.4287171231645497,0.2376629703256921,0.6200944320481763,-3.668143778058493,0.1165098669261226,-0.1824730949375279,-0.2500687780981296,-0.5098755633262684,-0.0848480179243051,-0.4400427491835628,3.570480145559131,0.0257004050526141,0.5578417588926142,-0.4304644541908601,0.5914704817095255,-0.0428336870660139,0.3674479528909908,-0.7818448023426061,-2.467295924375414,2.19186139476363,-0.8545713681750533,0.0,0.0,0.0,0.0,0.2773341325286559,-0.23700180907665502,0.48256530422925964,boxscore-composite-v1.17
2026_01_CLE_JAX,123.60000467558372,11.689978440888568,8.1603743131028,59.87537250483326,0.9517073648937916,5.124251557899867,101.87214034370116,123.11906902309964,11.36957996642207,8.587568963314762,60.03526306674021,0.9231276565515945,4.884294340023188,102.00954973831163,-0.1430319841067406,0.655681050927231,0.4704567315082812,0.998313978353127,0.8087056776021688,1.0297097149889027,0.4990707464014057,12.632183668730972,10.623336575917236,34.0,10.0,-115.0,-105.0,-102.0,-118.0,0,2026,1,JAX,CLE,1.0,24.0,8.5,-470.0,360.0,0.7913616398243045,1.0,24.0,44.0,8.5,40.5,0.5108342361863488,0.4826358742837298,True,0.85,1.3331526373705576,-0.45,-0.3825,0.85,1.3331526373705576,0.7224999999999999,0.043343729216471914,-0.06948444579350956,0.40941574596369995,0.04298849844474023,0.19189799667477012,0.020149217056086403,0.43623678368867846,0.07464569577391501,0.26148419522157845,0.04474329175351362,2025.0,18.0,10.44064237013011,12.526698205563982,10.435873005616891,12.53425946500543,10.444053676512246,12.53451452321345,10.368740112182783,12.532623147338356,10.3997920406854,12.53351726794004,42.03990014939936,13.041921378646412,41.96566849963581,13.050781881025161,41.975860136073656,13.051396641393541,41.921225326547095,13.048896171583861,41.933001977216925,13.049762237369322,10.44064237013011,12.526698205563982,42.03990014939936,13.041921378646412,0.194064237013011,-0.2960099850600642,2.120224887565449,1.0154940609570815,-0.1269290896093027,4.127325045165968,-0.0316401604692308,-0.946911798576676,5.06179603998477,0.1502181895789789,0.0690901895205948,-0.2506302146035706,0.9107367832543858,0.026415511036142,0.7342092261673034,2.5699049986493634,0.160351137796014,-0.5143276674685843,-0.1394087393437366,0.4496414119814456,-0.4380986488481753,-0.3543850396642275,0.0997712717954512,5.073985574828773,-3.145541102363899,-1.83522346143739,0.0,0.0,0.0,0.0,-0.2960099850600642,0.5432444694019611,0.7993705851413422,boxscore-composite-v1.17
2026_01_DAL_NYG,127.189842010162,12.527955650372643,8.774505451949233,63.635766770252914,1.0154759441702592,4.0322891674125305,115.19248346957696,122.25565704586964,12.894887987102916,9.324415339522425,65.40147556315654,0.9224623188647814,3.696330542050872,112.62352243380325,0.0645633708581705,0.6075669753304588,0.8832709690537618,0.5130818494220556,1.1597911801427063,1.1083193277310923,0.6825453305809792,9.64990415184043,12.396055581332664,28.0,20.0,-108.0,-112.0,-115.0,-105.0,0,2026,1,NYG,DAL,1.0,8.0,-3.0,140.0,-166.0,0.4003612281757977,1.0,8.0,48.0,-3.0,47.5,0.4956702459300312,0.5108342361863488,True,-0.3,-0.40396021692874406,0.25,-0.075,0.3,0.40396021692874406,0.09,-0.017319449200180376,0.043343729216471914,0.4918638969632568,0.16915612929492224,0.23054241903110198,0.07928547608872874,0.28164857633427004,0.29916306036779233,0.16882265336576488,0.17932099035491506,2025.0,18.0,-3.664909482677003,12.526698205563982,-3.679047042238576,12.53425946500543,-3.652624797030498,12.53451452321345,-3.7991455385834065,12.532623147338356,-3.755032480187319,12.53351726794004,48.146935432731624,13.041921378646412,48.00183673503538,13.050781881025161,48.03581075423336,13.051396641393541,47.820034454489104,13.048896171583861,47.860773903010866,13.049762237369322,-3.664909482677003,12.526698205563982,48.146935432731624,13.041921378646412,-0.0664909482677003,0.3146935432731624,-1.6350488131039285,-0.5181781000819914,-0.0719667169773092,-1.4955209849696691,-0.0910167959274138,-0.0300578150814465,-3.303404741073969,0.3776017097907598,-0.5138763879896002,0.1328899869439022,-1.185633349286185,0.0491540620704309,0.455947333672176,0.1862464556461844,-0.0450841018401924,0.0261716264932494,0.7392266477241219,-0.4903545766947829,0.0843559770479289,0.0116806722689075,-0.1098734419821976,-0.1480890166787567,-0.8165662281514674,-0.9592277203893108,0.0,0.0,0.0,0.0,0.3146935432731624,-0.3018627701351505,0.28970775433577933,boxscore-composite-v1.17
2026_01_DEN_KC,124.88335638709174,11.731485796442549,8.464155283007766,60.65111510031389,0.7708008215719001,4.090743373509822,106.23137426885876,123.4683974234438,11.361630414440953,8.241445830893174,58.76861581177371,0.7161821478200985,4.136497659012927,99.00961586945968,0.2973593387914679,0.3983707180013329,0.4616978808340765,0.9251089799476896,0.7093616578152661,0.3540775263626839,0.7302787763684461,10.032875084239732,7.877711450468681,31.0,10.0,-108.0,-112.0,-110.0,-110.0,0,2026,1,KC,DEN,1.0,21.0,2.5,-130.0,110.0,0.5427435387673957,1.0,21.0,41.0,2.5,42.5,0.4956702459300312,0.5,True,0.25,0.17139248626176454,-0.25,-0.0625,0.25,0.17139248626176454,0.0625,-0.017319449200180376,0.0,-0.13718735441388197,-0.15443216997352732,-0.06430133364599458,-0.07238418241658207,-0.20828509451407876,-0.16227507681042713,-0.1248479320224682,-0.09726911954902076,2025.0,18.0,2.929404432006743,12.526698205563982,2.9327682963474353,12.53425946500543,2.926533809000396,12.53451452321345,2.9996813732780847,12.532623147338356,2.9751391291292295,12.53351726794004,42.704779857794804,13.041921378646412,42.95404874604449,13.050781881025161,42.92225280560372,13.051396641393541,42.95638269156174,13.048896171583861,42.936139713738704,13.049762237369322,2.929404432006743,12.526698205563982,42.704779857794804,13.041921378646412,0.04294044320067432,-0.22952201422051957,-1.8287571767837465,-0.4222926966357727,-0.0857121148235018,-0.3067101740279874,-0.031696325102221,0.2473603279604164,-4.17712337165797,-1.2305804122506814,0.6890417555613704,-0.0263764998033613,0.7182636560587596,0.0034938708450232,0.0946476469144581,7.081811240827442,0.2919687222245315,0.3434745755680986,0.1921943347347857,0.6154315605928509,0.4265333749869832,-0.2072885355369959,0.4694092111510547,-1.1615576665319125,0.7230805465297094,1.5925370781826322,0.0,0.0,0.0,0.0,-0.22952201422051957,-0.3655223179053388,0.4766152298680928,boxscore-composite-v1.17
2026_01_GB_MIN,119.32274332821996,12.188918664305366,8.663769715428327,62.6077217794373,0.955202233467186,5.031922537013312,96.08140828481532,123.42393969793224,11.675608311169793,8.419491220981577,61.31953829298128,1.1557568909790663,4.064884313041035,100.38348792882384,-0.0273860467235769,0.7281146147170263,0.7390915319405671,1.158119184758529,1.051533760248078,0.4827575848115407,0.2951655223484883,10.856746601878122,8.841780377344433,39.0,22.0,-115.0,-105.0,-102.0,-118.0,0,2026,1,MIN,GB,1.0,17.0,1.5,-125.0,105.0,0.5324675324675325,1.0,17.0,61.0,1.5,46.5,0.5108342361863488,0.4826358742837298,True,0.15,0.1300531282481981,0.15,0.0225,0.15,0.1300531282481981,0.0225,0.043343729216471914,-0.06948444579350956,0.3644458000271565,-0.15423670102182874,0.17082005177188758,-0.07229256380979208,0.23201552628552694,-0.11731462815769592,0.13907216318782084,-0.07031942806873846,2025.0,18.0,2.017312765729102,12.526698205563982,2.0086673147788177,12.53425946500543,2.024645661516821,12.53451452321345,1.939143359181967,12.532623147338356,1.9664879858606668,12.53351726794004,46.162094706550015,13.041921378646412,46.5116667553292,13.050781881025161,46.479409587363016,13.051396641393541,46.44112406203347,13.048896171583861,46.42848636757219,13.049762237369322,2.017312765729102,12.526698205563982,46.162094706550015,13.041921378646412,0.05173127657291019,0.11620947065500147,-0.988945234467522,-0.8582938185550004,0.0897585936005578,-0.9739520332693808,0.0607888035487479,1.1547190849180364,0.87021179867142,-1.4047943967608916,-0.3954919716890028,-0.2653503112648394,-1.7359457945639356,0.1681737711146026,0.5421314503118129,0.1204337805840296,-0.3139362830887107,0.0712108490266498,-0.2075600004090356,-0.2189299955693398,-0.1795099507242683,-0.3707927110464474,-0.1490981066181512,1.1407259347599783,0.8110395606711247,1.683390710223252,0.0,-0.0071037754941506,0.0,0.0,0.11620947065500147,0.19562594334059108,0.6009543395165031,boxscore-composite-v1.17
2026_01_MIA_LV,117.68234112426916,11.406529650964943,8.428077547361179,58.906424248013536,0.8375199910409052,5.708892958130151,98.55369084825432,123.90130714910688,12.344437868978606,8.654136896731785,62.5543939132485,1.0184418388756722,3.921211021478364,98.76992118019216,0.4992812077806636,0.5543478260869565,0.381625441696113,0.1244239631336405,0.1795332136445242,0.9040852575488456,0.1734439834024896,6.964765157144029,16.1663637852558,27.0,13.0,-110.0,-110.0,-110.0,-110.0,0,2026,1,LV,MIA,1.0,14.0,3.0,-170.0,142.0,0.6037569709421778,1.0,14.0,40.0,3.0,40.5,0.5,0.5,True,0.3,0.4211440182204819,-0.45,-0.135,0.3,0.4211440182204819,0.09,0.0,0.0,-0.13835568921086444,-0.046499293058153576,-0.06484894596720277,-0.021794767965382225,-0.2425994924045501,-0.06132626367335094,-0.14541628630252887,-0.0367595060805705,2025.0,18.0,3.973353946135859,12.526698205563982,3.977478904004901,12.53425946500543,3.9697425225912526,12.53451452321345,4.065448174288196,12.532623147338356,4.0342042688260475,12.53351726794004,41.15951356464925,13.041921378646412,41.19619562093965,13.050781881025161,41.187138124602996,13.051396641393541,41.21870993459909,13.048896171583861,41.211145289247696,13.049762237369322,3.973353946135859,12.526698205563982,41.15951356464925,13.041921378646412,0.0973353946135859,-0.3840486435350748,-0.5476344829819553,-0.7111405428277804,-0.5545858471789349,-2.462908958844352,-0.0664970080254946,0.0012631604861894,1.5128815289223423,1.6380813103513034,-0.3704108584736358,-0.4466985649624009,-1.3651401233844815,-0.0583115260125424,-0.3792149247434191,1.4604072897509257,0.2379281472408916,0.5543478260869565,0.381625441696113,0.1244239631336405,0.1795332136445242,0.9040852575488456,0.1734439834024896,-3.3844838759370623,1.525374227904564,-0.8824359930825523,0.0,0.0,0.0,0.0,-0.3840486435350748,0.33889834614988085,0.572074519515922,boxscore-composite-v1.17
2026_01_NE_SEA,122.9351286295422,13.56017368765987,8.866098721328466,64.78746042638804,1.0359061013539497,4.582133157845727,96.0512887133734,121.69970358666968,11.350063307598251,8.425218330077591,58.91321653373806,0.9982228167668824,4.6121489264723765,96.75372878125891,0.0576143324326139,0.526672195863296,0.4654469402425636,1.4996977139618366,0.1052631578947368,0.862192037897027,0.6335072595281306,17.961414975623832,6.078298796134088,13.0,10.0,-118.0,-102.0,-108.0,-112.0,0,2026,1,SEA,NE,1.0,3.0,3.0,-166.0,140.0,0.5996387718242023,1.0,3.0,23.0,3.0,44.5,0.5173641257162701,0.4956702459300312,True,0.3,0.4039602169287443,-0.05,-0.015,0.3,0.4039602169287443,0.09,0.06948444579350911,-0.017319449200180376,-0.09056251668924933,0.039928025655138887,-0.042447721412339726,0.018714737305387676,0.02833733025334988,0.08339492698863005,0.016985646953864574,0.04998765850232946,2025.0,18.0,4.199731506224837,12.526698205563982,4.202687365909998,12.53425946500543,4.197119383238265,12.53451452321345,4.203742098588157,12.532623147338356,4.203524073170577,12.53351726794004,44.95985887175571,13.041921378646412,44.95509993205208,13.050781881025161,44.96315746904439,13.051396641393541,44.892890190849776,13.048896171583861,44.90533407475978,13.049762237369322,4.199731506224837,12.526698205563982,44.95985887175571,13.041921378646412,0.1199731506224837,-0.004014112824428651,-0.3877375686877329,-0.3500768174121456,-0.2287700447636602,-1.118026755726909,0.1439610443844783,0.715913259979496,-0.907806058375499,1.7572375409806824,-0.2731413616665188,-0.2823150938322216,-1.9779665031413884,-0.063289689827537,0.6709351277819655,2.9334630060196645,-0.045794394290116,-0.5236326821854844,-0.3657521284419532,0.4370111467976573,-0.1052631578947368,-0.6582874825824935,0.069078947368421,-1.0407289532420307,-0.3945882257645685,1.5415645278992591,0.0,-0.2491658719772854,0.0,0.0,-0.004014112824428651,-0.006188013941124715,0.6895912602555287,boxscore-composite-v1.17
2026_01_NO_DET,125.69216001446252,12.667026000507388,8.424722131665769,61.98187620533285,1.120629312362606,3.9115486070333167,97.98222888818256,124.50172581690786,11.8946665656011,8.599785057660343,60.41110709159605,0.9112774057698706,4.370570325892829,97.02478813082917,0.1350564331442552,0.8948805279687633,0.7769432096559221,1.2837837837837838,0.7911338798790643,0.7452351125229296,0.5347316223180042,9.430747757708868,11.0589397075443,31.0,30.0,-110.0,-110.0,-115.0,-105.0,0,2026,1,DET,NO,1.0,1.0,7.0,-325.0,260.0,0.7335423197492164,1.0,1.0,61.0,7.0,49.5,0.5,0.5108342361863488,True,0.7,1.0126698588673853,0.45,0.315,0.7,1.0126698588673853,0.48999999999999994,0.0,0.043343729216471914,-0.25961088412806166,-0.02842716248576866,-0.12168268824608908,-0.013324146875022364,0.024927846508322683,0.021460150730560068,0.014941972173276313,0.012863404584238191,2025.0,18.0,7.526712262568669,12.526698205563982,7.5363357844726995,12.53425946500543,7.518154400184852,12.53451452321345,7.576784797692321,12.532623147338356,7.562925390660601,12.53351726794004,50.9668355729148,13.041921378646412,51.20241884645184,13.050781881025161,51.19603268356492,13.051396641393541,51.130073244199515,13.048896171583861,51.13717025382807,13.049762237369322,7.526712262568669,12.526698205563982,50.9668355729148,13.041921378646412,0.05267122625686689,0.5966835572914804,0.4789922450434858,0.4797728926167126,0.4177247520010301,2.075913893935521,-0.1229419429407744,-0.2496984105584605,-7.142751017367274,-0.4439895720479541,0.4005881045742017,0.3445531485159865,1.5819374370911348,-0.1060759718179812,0.0494701520199072,-5.755003458998452,-0.1130042718091157,0.1022334691452338,-0.0222615617158472,-0.7162162162162162,0.2938463572750859,-0.2708939197351349,0.0939997209655778,3.4653034615549907,-2.8312263962078656,-0.8658123638010565,0.0,0.0,0.0,0.0,0.5966835572914804,-0.5166160011797598,0.6446016675845477,boxscore-composite-v1.17
2026_01_NYJ_TEN,121.27702460313442,10.443118346469534,8.67832359933184,56.323418268395855,1.0205367003588215,4.439749716520245,105.41308299960087,123.59576708410856,13.237025897020237,8.590509733122756,65.22852583826652,0.8565808621179846,2.69793619858917,95.71322265441344,0.4290333265490567,0.606267941419744,0.7489217519719,0.276978417266187,0.992048782585915,1.2716008443600852,0.9301370668265186,5.358654141468832,20.40708283084775,10.0,23.0,-105.0,-115.0,-110.0,-110.0,0,2026,1,TEN,NYJ,0.0,-13.0,1.5,-118.0,-102.0,0.5173641257162701,1.0,-13.0,33.0,1.5,39.5,0.4891657638136511,0.5,True,0.15,0.06948444579350911,-0.55,-0.0825,0.15,0.06948444579350911,0.0225,-0.043343729216472136,0.0,0.2761492409886684,0.25312588738222114,0.1294344114788449,0.1186430936622512,0.1516869064415128,0.2784979233981174,0.09092247636965889,0.1669341240664559,2025.0,18.0,1.957331001447625,12.526698205563982,1.9505852113211064,12.53425946500543,1.9630786955899386,12.53451452321345,1.9026639774262342,12.532623147338356,1.9213420533890042,12.53351726794004,39.54389247788891,13.041921378646412,39.06739113325034,13.050781881025161,39.119609618064004,13.051396641393541,39.0480033289914,13.048896171583861,39.082725781713386,13.049762237369322,1.957331001447625,12.526698205563982,39.54389247788891,13.041921378646412,0.045733100144762506,-0.545610752211109,0.2718635034380128,0.2477221147745698,-0.0881134509346477,0.3536878411522117,0.0615422689355121,-0.777070401539016,2.152982545759251,-3.34082868625687,0.0989079477945553,-0.1481625076114436,-1.0221948694317575,0.0555784748477715,0.4559759420433193,3.165777649058377,-0.3551705967068077,0.259493747871357,0.0663648722319216,-0.276978417266187,0.2660774124427656,-0.0455315979242402,0.2784691071678685,1.649809797177028,-2.04900978827766,1.4413627113967329,0.0,0.0,-0.4826719045303971,0.0,-0.545610752211109,-0.786422993174215,0.34662757263758537,boxscore-composite-v1.17
2026_01_SF_LA,125.74299503406512,13.413913647968634,8.69072452564539,67.2146651691759,0.7936459392015122,4.432459122610651,82.71608678713964,123.28099740468228,12.409247944873512,8.880861760765292,62.88520483783496,0.9900429986490238,4.205715456394589,94.71649825557168,0.0450331879722751,0.4708246995441359,0.527814077144917,0.098984771573604,0.7701129069391159,0.7915881756267208,0.4640893356293862,14.6047592437556,7.4752162316452,7.0,27.0,-115.0,-105.0,-115.0,-105.0,0,2026,1,LA,SF,0.0,-20.0,3.5,-218.0,180.0,0.6574752261956054,0.0,-20.0,34.0,3.5,47.5,0.5108342361863488,0.5108342361863488,True,0.35,0.6520630971900706,0.25,0.0875,0.35,0.6520630971900706,0.12249999999999998,0.043343729216471914,0.043343729216471914,0.0019029006810167503,0.27158180873252175,0.0008919120286852544,0.12729360202404688,0.14353364534369722,0.22183488319002082,0.08603533939196836,0.13296979546871918,2025.0,18.0,4.287631801049534,12.526698205563982,4.2892597784672155,12.53425946500543,4.286050828154329,12.53451452321345,4.267454319912127,12.532623147338356,4.276495446628864,12.53351726794004,48.54181779566799,13.041921378646412,48.24061611726634,13.050781881025161,48.29587867074758,13.051396641393541,48.34211804523088,13.048896171583861,48.37352848416372,13.049762237369322,4.287631801049534,12.526698205563982,48.54181779566799,13.041921378646412,0.07876318010495335,0.35418177956679886,1.493201349726931,0.1959779389558269,0.354067838962333,-0.094596725179656,-0.0170335041665159,-0.6966977893489716,-2.4311306514281483,0.8083177581042165,-0.3007942065892681,0.0897361954004631,-1.8970862557564525,0.0067232185270619,0.8757806067210931,4.043847932060181,-0.0423929094221877,-0.102403646912557,-0.5064324981975487,-0.098984771573604,-0.7444307239535621,-0.3352774960150703,0.1226667414871268,2.1657012678301744,-0.0252797809616702,1.069880181957863,0.0,0.0,0.0,0.0,0.0,0.3789320667690865,0.6770171234127652,boxscore-composite-v1.17
2026_01_TB_CIN,126.17568415395152,12.204147666243005,8.549582194804445,63.98053210447811,0.8474890845645264,4.712417663982517,88.70845332455178,120.6861098418954,12.868954027852702,9.135939055619469,62.97897323530368,1.1383843194186347,4.4163797565497145,103.1769773022564,0.1774502272616809,0.2462928139062748,0.4577173836014456,0.4561403508771929,0.7742551566080977,0.6232044198895028,0.552679524458022,11.30982866325459,10.530278952114047,33.0,27.0,-118.0,-102.0,-108.0,-112.0,0,2026,1,CIN,TB,1.0,6.0,3.5,-205.0,170.0,0.644729178800233,1.0,6.0,60.0,3.5,50.5,0.5173641257162701,0.4956702459300312,True,0.35,0.5959499755412798,0.55,0.1925,0.35,0.5959499755412798,0.12249999999999998,0.06948444579350911,-0.017319449200180376,0.244343836295393,0.0036751919906048702,0.11452684257305343,0.0017226059020572337,0.029058089007975185,0.1901072799923456,0.017417676140648163,0.11395198885850373,2025.0,18.0,4.18652822296187,12.526698205563982,4.182409499523901,12.53425946500543,4.1898285206308525,12.53451452321345,4.202090000537936,12.532623147338356,4.198415969384846,12.53351726794004,51.12155721144987,13.041921378646412,51.32379270477163,13.050781881025161,51.32366853170099,13.051396641393541,51.04108820190951,13.048896171583861,51.0697806818903,13.049762237369322,4.18652822296187,12.526698205563982,51.12155721144987,13.041921378646412,0.06865282229618704,0.6121557211449868,0.5464471135674813,0.1055749778752552,0.0101061439602343,1.495417351297597,0.0652611826611117,-0.1347507864179404,-2.7203280318319827,0.8548550906876002,-0.026506264308967,0.525602312661519,0.5953964725681828,-0.0216544985024749,0.1682525155622447,-5.62967047764127,0.1245043541544435,-0.1661240375349668,-0.1985932960102047,-0.4561403508771929,-0.0599694423223834,-0.6232044198895028,-0.0774319997055467,1.3035287477904038,2.072064081425702,0.0687212898920476,0.0,0.0,0.0,0.0,0.6121557211449868,0.04206813077188009,0.6149081047534531,boxscore-composite-v1.17
2026_01_WAS_PHI,121.29923142784033,12.281154708729876,8.830560469315241,62.78576016216687,1.0880746945648463,4.443641417393076,107.2463999706666,126.29664363117864,12.107136930785462,8.884389860711597,63.29022172279284,0.8916906398637522,4.155991461098727,103.41054699128016,-0.0394386247868974,0.3015528435554166,0.8083084294335232,0.5939289042737318,0.7310397186925598,0.7330179653449559,0.9661794753285194,10.702169044214813,10.404877788707536,24.0,22.0,-110.0,-110.0,-115.0,-105.0,0,2026,1,PHI,WAS,1.0,2.0,6.0,-245.0,200.0,0.6805555555555556,1.0,2.0,46.0,6.0,43.5,0.5,0.5108342361863488,True,0.6,0.756326082181477,-0.15,-0.09,0.6,0.756326082181477,0.36,0.0,0.043343729216471914,0.07399763730282558,-0.06541013457300349,0.03468356675841549,-0.030658502782400048,0.15632360480260446,-0.0017586108552959056,0.09370175446992221,-0.0010541269361025619,2025.0,18.0,6.889801767823452,12.526698205563982,6.8907177720672905,12.53425946500543,6.88869329107004,12.53451452321345,6.879101809915669,12.532623147338356,6.885857962945815,12.53351726794004,44.78817251841742,13.041921378646412,44.93220268866194,13.050781881025161,44.91893849932948,13.051396641393541,44.83595026231897,13.048896171583861,44.8373576079184,13.049762237369322,6.889801767823452,12.526698205563982,44.78817251841742,13.041921378646412,0.08898017678234522,-0.021182748158258137,1.192402094324045,-0.0065446587606592,-0.1471064007471634,-1.290971289956541,-0.0896676952563771,-0.5687215114389594,5.776696736686567,-0.9813213108428512,-0.8155866411388262,-0.4289246703921376,-2.659809348612356,0.2521167441284738,0.5180559484549936,-9.97942359025187,0.242219206081768,0.0268747319674338,0.2947337688000391,-0.5784848888297164,-0.5557819867337969,-0.2547570957797385,-0.1249927388538248,4.245816083147428,-5.321740716847272,0.0703448461209504,0.0,0.0,0.0,0.0,-0.021182748158258137,-0.0014900971596115142,0.7067002489455078,boxscore-composite-v1.17
2026_02_CAR_ATL,121.39988202687005,12.242124347783625,8.726088677738083,61.358628442079926,1.2051173977146783,4.839371350405257,105.83647128818404,125.44427858506356,12.378083555719986,9.143969341690628,62.65495556493105,0.9869736007132074,4.713693235385651,96.19814354287452,-0.391160457584677,0.7594876344682268,0.2865255549819308,0.6796896604701184,1.1089003619148898,0.9530770673418264,0.1743503772003352,7.824193609632479,13.80360918450285,3.0,34.0,100.0,-120.0,-110.0,-110.0,1,2026,2,ATL,CAR,0.0,-31.0,-2.5,130.0,-155.0,0.4170073589533933,1.0,-31.0,37.0,-2.5,43.5,0.4782608695652174,0.5,True,-0.25,-0.33507069469592443,-0.15,0.0375,0.25,0.33507069469592443,0.0625,-0.08701137698962971,0.0,0.24457750051336982,0.21692331528901607,0.11892151206011661,0.10547515041700668,0.06345647559039946,0.13636187012957268,0.03885207857894467,0.08348938456089658,2026.0,1.0,-3.2229333051887403,12.549914084046419,-3.1879648576218047,12.55730725812966,-3.1792999513029,12.557515622091591,-3.288641407888382,12.555602398728047,-3.270670491949128,12.556508780005993,44.061920951130645,13.134198746590418,43.62523856409279,13.140647550749426,43.67568681100565,13.14136359415146,43.83482856677298,13.139828892715942,43.85328909095177,13.140634649824102,-3.2229333051887403,12.549914084046419,44.061920951130645,13.134198746590418,-0.07229333051887403,-0.0938079048869355,1.5451362539335278,-0.2138696168491796,-0.0245003626939652,-0.4176072896968961,-0.2557181800532569,0.2403247621983024,3.288635535599809,-0.0936048832278686,-0.6142598452383172,-0.4615461228220372,-2.3411441356078413,-0.0094305174772062,-0.0384360563948291,-2.523135039354152,-0.5035340296213846,-0.3531884218698015,0.2775770091206332,-0.1637886003994469,0.1801169791255724,-0.1107951881471955,0.1743503772003352,1.7136391691664792,-2.79069075619618,-0.0836551150128551,0.0,0.0,0.0,0.0,-0.0938079048869355,0.00784751107243156,0.35209539535621,boxscore-composite-v1.17
2026_02_CIN_HOU,127.3940352923864,12.361868260290546,8.28709032659027,63.967039573559205,0.8943438843534706,3.987090926021583,103.3135867856958,119.43613298554772,12.605957079581987,8.92667763569597,62.267482291863175,1.426264153292765,4.75780020639425,102.68697390110069,0.1582687628798096,0.4566152752103681,0.4827944634938872,0.1768953068592057,0.536510670877596,0.7001972386587771,0.3864834772378731,13.214852466904448,8.791727130553955,6.0,20.0,-102.0,-118.0,-110.0,-110.0,1,2026,2,HOU,CIN,0.0,-14.0,3.0,-148.0,124.0,0.5720596355604638,1.0,-14.0,26.0,3.0,45.5,0.4826358742837298,0.5,True,0.3,0.2902593934660812,0.05,0.015,0.3,0.2902593934660812,0.09,-0.06948444579350956,0.0,0.0004875303720825785,0.32688031040486665,0.0002370530768431134,0.15893980719580547,0.21240363117789549,0.2887343020048337,0.13004697301886242,0.17678145036510254,2026.0,1.0,2.6438416837713254,12.549914084046419,2.6408158177753274,12.55730725812966,2.6398313519576186,12.557515622091591,2.577298474030112,12.555602398728047,2.598931338180791,12.556508780005993,46.03117019447058,13.134198746590418,45.41407732431037,13.140647550749426,45.48932069751598,13.14136359415146,45.556837765799685,13.139828892715942,45.59539524622882,13.140634649824102,2.6438416837713254,12.549914084046419,46.03117019447058,13.134198746590418,-0.03561583162286745,0.10311701944705831,0.8483357686673472,-0.0748754097635027,-0.200475340681586,-2.811968406215964,0.0685918618999401,-0.7006087392221505,15.857907110077155,-0.388012520108326,-0.1432304511660938,-0.6414812441973714,-2.1009409291825456,-0.3919145511885057,0.5982078328446176,6.87522137006281,0.2070889917001031,0.4023232722756653,0.3134319516004524,0.1768953068592057,0.1527897406450378,0.7001972386587771,0.0269532152685867,-1.357222714417352,-2.7102082752055754,-0.0497530488293265,0.0,0.0,0.0,0.0,0.10311701944705831,-0.005130386103684102,0.5419659579327092,boxscore-composite-v1.17
2026_02_CLE_TB,121.25800640352796,11.539266646337094,8.41996930118753,59.73984642044119,1.3099647697167685,5.31719935117744,96.52255114558274,121.23269298314403,12.45023059724761,8.62531479752781,62.78851399764061,0.9256649296567052,4.125892068506137,100.88187689380877,0.1888838416681206,0.6069143779839478,0.4241467322453238,0.6753969286829776,0.78864928982025,0.956593540561528,0.4428093089283142,7.894891637650426,14.602342934453423,19.0,23.0,-105.0,-115.0,-108.0,-112.0,1,2026,2,TB,CLE,0.0,-4.0,8.5,-425.0,330.0,0.7768331562167907,1.0,-4.0,42.0,8.5,41.5,0.4891657638136511,0.4956702459300312,True,0.85,1.2473059290323103,-0.35,-0.2975,0.85,1.2473059290323103,0.7224999999999999,-0.043343729216472136,-0.017319449200180376,-0.03480371674327616,0.02727675059620497,-0.016922695717041837,0.013262840687220372,0.07756470988537156,0.07862211333599825,0.04749003431693004,0.048137443766811464,2026.0,1.0,9.511325943115375,12.549914084046419,9.487902701866304,12.55730725812966,9.480387793857066,12.557515622091591,9.561399808452643,12.555602398728047,9.550455482741961,12.556508780005993,43.081356302143675,13.134198746590418,43.035038002641485,13.140647550749426,43.042666006854375,13.14136359415146,42.94217172100981,13.139828892715942,42.954766122827806,13.140634649824102,9.511325943115375,12.549914084046419,43.081356302143675,13.134198746590418,0.10113259431153754,-0.1918643697856325,2.098856023090363,0.5639400915199015,0.1517233677221696,3.647261772331533,0.2191674725351867,-0.9146919581314203,-5.997877821360589,-0.6414689511573428,0.5007365008929723,-0.0961670944334676,1.3995252784645231,0.1137716089852581,0.2862347921099573,6.291516861553397,-0.1427033015059393,-0.2873508549909626,-0.0851125270139354,-0.0945145757418011,-0.1949572675567991,-0.1399456215514044,-0.0682919344109397,1.3637768795687388,-3.62076808536696,1.612511152835474,0.0,0.0,-0.0166540146551097,0.0,-0.1918643697856325,-0.309383436111082,0.8153591529134944,boxscore-composite-v1.17
2026_02_DET_BUF,125.9804348445347,13.240549137732971,9.116023614227773,65.5542075169281,1.0048678886408955,3.440076756650244,99.30251424542314,124.70008851305292,11.93063752678998,8.919894171857717,62.78650023836053,1.0703078322595394,4.701526666278384,99.35747547840356,0.0907298477246332,0.7886546651788757,0.5127228670040594,0.3870015507310589,0.8025474330172238,0.2997999199679871,0.6317600935713048,15.15362575312626,7.966498250198509,41.0,31.0,-105.0,-115.0,-118.0,-102.0,1,2026,2,BUF,DET,1.0,10.0,5.5,-238.0,195.0,0.6750312469954812,1.0,10.0,72.0,5.5,54.5,0.4891657638136511,0.5173641257162701,True,0.55,0.7310299485401845,0.95,0.5225,0.55,0.7310299485401845,0.30250000000000005,-0.043343729216472136,0.06948444579350911,0.2680975572702546,0.24623863934319673,0.13035772637826729,0.11972921162761625,0.11495011094750336,0.28351095592076003,0.07037974771902544,0.17358338664323147,2026.0,1.0,4.594738057262774,12.549914084046419,4.610623579901507,12.55730725812966,4.6128008616329,12.557515622091591,4.601946859931851,12.555602398728047,4.6015503864093725,12.556508780005993,55.62861649720293,13.134198746590418,55.49628122124686,13.140647550749426,55.54692269856944,13.14136359415146,55.461563191557175,13.139828892715942,55.504533345311884,13.140634649824102,4.594738057262774,12.549914084046419,55.62861649720293,13.134198746590418,-0.09052619427372263,1.0628616497202927,-2.129572954773721,0.4435100157087897,0.1341485288567376,0.7223080147860585,-0.0983206115757901,0.1714148701847115,4.7981514977261455,-4.236234506349739,-0.3818339997304472,0.1459720678846823,0.0445496940766965,0.1334483589156926,-0.1600981487420476,6.113612118125438,0.0746369804626958,-0.3071413375778438,-0.0584515102201398,-0.0457853345148427,0.0800148445628475,0.0195278111244497,0.1518605960838676,-0.2748524107182177,0.8568486795835564,1.212588937694168,0.0,0.0,0.0,0.0,1.0628616497202927,1.2888142787502008,0.677834658093399,boxscore-composite-v1.17
2026_02_GB_NYJ,121.71407294423835,12.092337889600696,8.5113121058721,59.70451136112422,0.9398302609989312,4.395757784807232,104.20807566305244,124.18797643761596,12.18980402569399,8.592615284458027,63.507268321044336,0.911823437880802,3.0118070978426053,90.94810136600276,0.7447053354278701,0.3575802390507058,0.5517105086114101,0.7465135600261112,0.7840073199612473,0.8979805042401642,0.4936825207391074,9.064943850552403,14.906341776699389,17.0,20.0,-112.0,-108.0,-110.0,-110.0,1,2026,2,NYJ,GB,0.0,-3.0,-3.5,154.0,-185.0,0.3775334481388264,1.0,-3.0,37.0,-3.5,44.5,0.5043297540699688,0.5,True,-0.35,-0.5000307258401193,-0.05,0.017499999999999998,0.35,0.5000307258401193,0.12249999999999998,0.017319449200180376,0.0,0.18584739648831922,0.1616453998956678,0.09036503094698513,0.07859723536631778,-0.06641167287429747,0.1765423856334516,-0.04066143776604174,0.10809044428214261,2026.0,1.0,-3.5332614277049457,12.549914084046419,-3.5009793957499475,12.55730725812966,-3.492482833461618,12.557515622091591,-3.5639492397564165,12.555602398728047,-3.557571192753883,12.556508780005993,45.31657232629625,13.134198746590418,45.04167165669308,13.140647550749426,45.07855808307244,13.14136359415146,45.04652077983681,13.139828892715942,45.07098325477007,13.140634649824102,-3.5332614277049457,12.549914084046419,45.31657232629625,13.134198746590418,-0.003326142770494567,0.0316572326296253,-0.1084646659052239,-1.2521985136331857,0.1122707868459098,-3.059901597118849,-0.0741181925775353,0.3765451641817638,-1.6234675905950908,-0.3135366519964577,0.2991866061070318,0.1939319640291392,0.8837125824859839,0.0214075971220734,-0.923661610700993,-2.313360231417846,0.4698804417370184,-0.1051372423080348,-0.0264144913885898,-0.2209661147706367,-0.1815099214180631,0.2581041518444918,0.0929411698330118,-1.7792647424880172,4.49819302001945,0.5960236281143297,0.0,0.0,0.0,0.0,0.0316572326296253,0.018868458647968614,0.38825926073161476,boxscore-composite-v1.17
2026_02_IND_KC,122.2513098640254,11.775914111024044,8.812190751757011,61.53995285931718,0.9602951604185394,5.0138773765471845,99.4147829148022,123.93528053443586,12.532820876091238,8.355387216441773,61.2453340059604,0.9409468769385828,4.220681883784694,108.82184915952035,0.5303289956817752,0.3680702040890389,0.5182978723404256,0.6059143996581684,0.9100090805612042,0.8436324205685619,0.9462194568306622,11.68497258166174,10.090822411113216,33.0,30.0,-108.0,-112.0,-102.0,-118.0,1,2026,2,KC,IND,1.0,3.0,6.0,-265.0,215.0,0.6957699520733487,1.0,3.0,63.0,6.0,46.5,0.4956702459300312,0.4826358742837298,True,0.6,0.8272349252412728,0.15,0.09,0.6,0.8272349252412728,0.36,-0.017319449200180376,-0.06948444579350956,0.35842908529722217,0.12023365284357908,0.1742798446316614,0.05846150102383577,0.128292401813555,0.07611322783874537,0.07854874431595275,0.04660134495927555,2026.0,1.0,6.376432879656443,12.549914084046419,6.400059737059826,12.55730725812966,6.403490653649791,12.557515622091591,6.380237586495048,12.555602398728047,6.381825748085187,12.556508780005993,47.697948603769625,13.134198746590418,47.59799497848258,13.140647550749426,47.624421428277046,13.14136359415146,47.704314966590665,13.139828892715942,47.71835376167484,13.140634649824102,6.376432879656443,12.549914084046419,47.697948603769625,13.134198746590418,0.03764328796564431,0.2697948603769625,1.9414043395613303,-0.3860295961827118,0.0391495628287339,-1.8602524676185617,-0.2845921896004352,-0.4117282735988468,4.57633617806988,-4.529185540907768,-0.9428175202550566,-0.1284913536450842,-3.3643599794520824,-0.0779907724970571,0.2842120068479221,-2.9744974294521285,-0.0261654902954235,0.1734847556964839,0.0417021276595744,0.3517127189858994,0.1576526109810843,-0.6329300794314381,-0.0737498212031319,0.2656927487377052,-2.658791807402778,-0.8577867635386403,0.0,0.0,0.0,0.0,0.2697948603769625,-0.23142646010211398,0.5444984359538837,boxscore-composite-v1.17
2026_02_JAX_DEN,123.76201769512453,12.44500357966952,8.283158874920034,62.42431258968296,0.8832986664223657,4.010548969352998,105.32201412409998,123.15955997551556,11.231485332330877,8.541761112802028,59.197257897828194,0.8572315316781541,5.071982793606857,102.2372752638949,0.0111518519685596,0.038357022899642,0.3079353615599892,0.8056862666237666,0.2483170499225545,0.4474135158920894,0.3512375125486189,15.64929286264715,8.464448674246995,20.0,13.0,-115.0,-105.0,-110.0,-110.0,1,2026,2,DEN,JAX,1.0,7.0,2.5,-148.0,124.0,0.5720596355604638,1.0,7.0,33.0,2.5,45.5,0.5108342361863488,0.5,True,0.25,0.2902593934660812,0.05,0.0125,0.25,0.2902593934660812,0.0625,0.043343729216471914,0.0,-0.8526342896706597,0.06055640073785382,-0.414578441390178,0.029444485799176245,-0.5152954930178154,0.0820408421869194,-0.3154965793456885,0.05023060637504477,2026.0,1.0,3.1576374854540816,12.549914084046419,3.069762551988697,12.55730725812966,3.0512072269715884,12.557515622091591,3.359605125971573,12.555602398728047,3.2957442955487917,12.556508780005993,46.00192785511559,13.134198746590418,45.975727606667675,13.140647550749426,45.987791945549006,13.14136359415146,45.94395457556628,13.139828892715942,45.95639528951594,13.140634649824102,3.1576374854540816,12.549914084046419,46.00192785511559,13.134198746590418,0.06576374854540816,0.10019278551155893,-0.4896381871916233,-0.7369218191278737,0.2468314889702378,-3.1864452919770976,0.0512240051691992,0.1321576788188969,4.255761537885242,2.4540782862538397,-0.4093185297461197,0.2311898310410818,-1.4779181679725006,-0.2043550809975843,-0.7404636091137813,-6.996519928348469,-0.0076819987155687,0.0015472069487218,0.0557010020763744,-0.2831168221793222,-0.0957196473251519,-0.0969413228175879,-0.1420118123838742,-5.9760712774781855,2.0028106265961383,1.637082472152375,0.0,0.0,0.0,0.0,0.10019278551155893,0.16402385299709554,0.5511991538381226,boxscore-composite-v1.17
2026_02_LV_LAC,121.42711212343264,11.229122699340303,8.17666749920018,58.84406378059095,0.8565657988947005,5.618171874331464,96.02973406177716,122.3339802484254,12.052301612054611,8.234694263051093,60.30030123659034,0.8758838408212597,4.660076124006314,105.92891504117812,0.2554314677249643,1.11899557351144,0.5491566572961921,0.4733648881239243,0.4319004509287477,0.8914371960175064,0.5590283631966951,7.567529790080997,13.463345974725344,14.0,26.0,-122.0,102.0,-110.0,-110.0,1,2026,2,LAC,LV,0.0,-12.0,6.5,-325.0,260.0,0.7335423197492164,1.0,-12.0,40.0,6.5,43.5,0.5260865852617197,0.5,True,0.65,1.0126698588673853,-0.15,-0.0975,0.65,1.0126698588673853,0.42250000000000004,0.10444117427409029,0.0,-0.18987000600242324,-0.16451129106353685,-0.09232095414041275,-0.07999072458902776,0.09317115019201823,-0.1574272752271991,0.05704528678706851,-0.0963869614675174,2026.0,1.0,8.459509015646026,12.549914084046419,8.425814424455885,12.55730725812966,8.41693528739393,12.557515622091591,8.483641251939858,12.555602398728047,8.479915368747788,12.556508780005993,44.94223198251814,13.134198746590418,45.37745347327188,13.140647550749426,45.33808823940897,13.14136359415146,45.332732149068526,13.139828892715942,45.31578227858204,13.140634649824102,8.459509015646026,12.549914084046419,44.94223198251814,13.134198746590418,0.19595090156460254,-0.0057768017481862445,2.3498364467856376,0.4797792519127073,0.3999197025619416,1.480613783169865,0.1532817438096144,-0.7920781846170284,0.0814736674123963,-0.5371601663112955,0.1054753461074025,0.0104079819616176,-0.1610805608331205,-0.1948512302429748,0.7430816190808942,3.30982412984833,0.0518692393770923,0.328108673592807,0.0172885254280603,0.3519363166953528,0.1425303721885902,-0.5173219280700848,-0.1320354665905388,1.6171921705226069,-1.824262235370031,-0.4236558189108351,0.0,0.0,0.0,0.0,-0.0057768017481862445,0.002447375675313387,0.6732192850045928,boxscore-composite-v1.17
2026_02_MIA_SF,120.58418639145324,12.57048931544255,8.812882379624906,64.09819493923222,0.8798992970386892,5.502571551149183,90.64347991044612,122.57916872546996,12.577972983624672,8.774898574465446,63.628872162236334,1.029121032911814,4.435878061423331,92.12665866638582,0.1751914849101261,0.4659217014406794,0.9946621094162078,0.351019204851752,0.864238302324821,0.945679012345679,0.7260290368193104,11.886217052057798,11.402713130415307,35.0,13.0,-115.0,-105.0,-115.0,-105.0,1,2026,2,SF,MIA,1.0,22.0,12.5,-900.0,600.0,0.863013698630137,1.0,22.0,48.0,12.5,44.5,0.5108342361863488,0.5108342361863488,True,1.25,1.8405496333974871,-0.05,-0.0625,1.25,1.8405496333974871,1.5625,0.043343729216471914,0.043343729216471914,0.6061709065507028,-0.023412149401080558,0.29473995205017073,-0.011383746262472148,0.3938720155524181,0.028370396492599738,0.24115342612259844,0.01737015589962996,2026.0,1.0,14.388324211206214,12.549914084046419,14.418236581365223,12.55730725812966,14.420553449417882,12.557515622091591,14.367598930199055,12.555602398728047,14.381984027299419,12.556508780005993,46.19870604651398,13.134198746590418,46.377759789755274,13.140647550749426,46.37161474259988,13.14136359415146,46.27107811479315,13.139828892715942,46.27977989833492,13.140634649824102,14.388324211206214,12.549914084046419,46.19870604651398,13.134198746590418,0.18883242112062143,0.11987060465139834,4.029182912909825,0.5007807466740495,-0.1052371520780868,3.518412032646797,-0.1423476969323607,-0.3160829290968783,-9.21951552191679,-0.9297118127529842,0.0604394564169927,-0.0297878762100909,-0.0965188732572137,0.0616522893287689,-0.7369402026455627,-1.4391998448978924,-0.1024190087545786,0.022241563865443,-0.0297909150368167,-0.167730795148248,0.3264231762744008,-0.254320987654321,-0.4134267454936148,2.943327191900456,-4.105293414947349,0.5521033279986509,0.0,0.0,0.0,0.0,0.11987060465139834,0.0661809597572476,0.8384780345680753,boxscore-composite-v1.17
2026_02_MIN_CHI,123.46325216944328,11.99592676265144,9.206014796726931,62.84573296257582,0.88051179856296,4.657549611020415,96.88904687693837,123.50108253466423,12.68451730344647,8.737281754345885,62.55105489513311,1.3660901205034,5.315323516849733,104.23243161822472,0.1495011937721626,0.4735293297690108,0.5268559196498946,0.5772870662460567,0.6613254732668619,0.377085129478006,0.6542528767189103,13.63552414344561,10.267627595502706,3.0,9.0,-112.0,-108.0,-115.0,-105.0,1,2026,2,CHI,MIN,0.0,-6.0,4.5,-218.0,180.0,0.6574752261956054,1.0,-6.0,12.0,4.5,46.5,0.5043297540699688,0.5108342361863488,True,0.45,0.6520630971900706,0.15,0.0675,0.45,0.6520630971900706,0.2025,0.017319449200180376,0.043343729216471914,-0.026124511461910683,0.30675823426983456,-0.012702584654602899,0.14915580124781766,-0.010794390592071634,0.18666282234943304,-0.006609010468877008,0.1142868174479104,2026.0,1.0,5.04897167789142,12.549914084046419,5.03773724374082,12.55730725812966,5.034369180316339,12.557515622091591,5.0889938668883365,12.555602398728047,5.078242108132124,12.556508780005993,47.54182603716995,13.134198746590418,47.01283164102273,13.140647550749426,47.082859835490424,13.14136359415146,47.31915031094643,13.139828892715942,47.345957864848685,13.140634649824102,5.04897167789142,12.549914084046419,47.54182603716995,13.134198746590418,0.05489716778914202,0.25418260371699475,4.574078402183723,0.760127989296711,0.7727626733311439,1.46534579443194,-0.0344516082491134,-1.6423632264802113,6.4890286582208745,0.2031144363339194,0.7982381557028146,0.7082122607160191,3.1958120982895046,-0.019008480113172,0.6919611590412318,-6.172608570362726,-0.1367459154607138,-0.1904382815670215,0.027945244268631,-0.5772870662460567,0.0117014131164858,0.3616835893239906,0.5651533506525596,-0.2003172663964889,-0.5219686138140842,1.4126470069478132,0.0,0.0,0.0,0.0,0.25418260371699475,0.3590702943590147,0.6783754078801264,boxscore-composite-v1.17
2026_02_NO_BAL,125.43835426991272,12.951459981067622,8.970512318065463,62.67363653367465,1.2909723188762403,4.451719154921722,104.29775620914606,125.26560937537415,11.809217241171432,8.47295920736531,60.85548209929311,1.1251946335977636,4.078906172116288,99.16011170627442,0.4162292065902919,0.6246622707567742,0.800998694916291,1.0562458374958374,0.4825334100787378,0.4923574311376604,0.3567869203525245,10.94708711203637,12.56346065199449,17.0,24.0,-105.0,-115.0,-105.0,-115.0,1,2026,2,BAL,NO,0.0,-7.0,8.5,-375.0,295.0,0.7571884984025559,1.0,-7.0,41.0,8.5,45.5,0.4891657638136511,0.4891657638136511,True,0.85,1.1373268008488,0.05,0.0425,0.85,1.1373268008488,0.7224999999999999,-0.043343729216472136,-0.043343729216472136,0.011346109419204086,0.18992741875565478,0.0055168463382735625,0.09234887008285021,0.02338942999262731,0.1140329359535051,0.014320492330143948,0.069818195023167,2026.0,1.0,9.00063182730109,12.549914084046419,8.98296208364757,12.55730725812966,8.976952284578829,12.557515622091591,9.069649225309362,12.555602398728047,9.051974405364703,12.556508780005993,46.92586173940226,13.134198746590418,46.64722346240463,13.140647550749426,46.69093864127906,13.14136359415146,46.83441387418542,13.139828892715942,46.853311651356734,13.140634649824102,9.00063182730109,12.549914084046419,46.92586173940226,13.134198746590418,0.05006318273010901,0.19258617394022579,-4.496388715234055,0.726801429209158,1.0108519323787797,1.675374727039383,-0.0246869125787627,-0.1923029142118708,-0.9185202769604572,-1.785486136784051,0.439292696574789,0.0013563044321651,0.4603640307902665,0.0050125385361278,0.2894881674515996,-5.6619958501068695,0.184915564172134,0.0768480631065008,0.1607990578926976,-0.2551094738594738,0.2511526569406624,-0.2403528492361713,0.0321019685363643,5.7922868809392565,-3.724042151406394,-1.3080306965011883,0.0,0.0,0.0,0.0,0.19258617394022579,-0.25190862723553253,0.7238034122366999,boxscore-composite-v1.17
2026_02_NYG_LA,126.16142893066694,12.858005558276687,8.84753509590038,64.98790802405573,0.976033346383348,3.844301925302776,102.60954013082925,122.62135287763356,12.138425341608922,9.286039355553072,63.71734255290784,0.8874849343884537,4.747917190678994,106.29675987754604,0.0839513518038224,0.4544376345696096,0.7405994132382857,0.009933774834437,0.5149383081392188,0.6176256120928252,0.7871566265420159,13.187441692559112,10.26217358245202,28.0,6.0,-115.0,-105.0,-110.0,-110.0,1,2026,2,LA,NYG,1.0,22.0,6.5,-298.0,240.0,0.7179705215419501,1.0,22.0,34.0,6.5,47.5,0.5108342361863488,0.5,True,0.65,0.9344169128430823,0.25,0.1625,0.65,0.9344169128430823,0.42250000000000004,0.043343729216471914,0.0,-0.523977897509049,0.10127910545012078,-0.25477504564836545,0.04924518541134557,-0.1488820977792756,0.14901120203133905,-0.0911550619239509,0.09123410773447498,2026.0,1.0,7.3844502115653246,12.549914084046419,7.317756687758012,12.55730725812966,7.302190490865875,12.557515622091591,7.499275702143975,12.555602398728047,7.465969478117556,12.556508780005993,48.836396637293994,13.134198746590418,48.809733740851584,13.140647550749426,48.830841722896594,13.14136359415146,48.73100435907214,13.139828892715942,48.75454696420345,13.140634649824102,7.3844502115653246,12.549914084046419,48.836396637293994,13.134198746590418,0.08844502115653245,0.3836396637293994,-0.3957694421155153,0.5790932053907563,0.1176575450424062,0.6290718448901913,-0.0638779136620329,0.2041069454433068,-20.8981920131762,1.853345327157882,-0.0273336475885432,-0.020596743422538,-1.5456452314905178,0.0108661128350568,0.3960626188510234,-13.109554439750204,-0.034045555679766,-0.0735502625559577,-0.5362478774021083,-0.009933774834437,-0.4887517287611501,-0.1937380242708111,-0.004694569206434,2.120247295292625,0.2562207262248464,0.0813501415029489,0.0,0.0,0.0,0.0,0.3836396637293994,0.031209140930530375,0.7238486952911204,boxscore-composite-v1.17
2026_02_PHI_TEN,120.03426840684747,11.370709864892971,8.773554986592728,57.638930118107695,1.0379404956834684,3.449151001842705,105.50053047589611,123.55178051511815,12.38249091187873,8.398588289182788,62.1533668927365,0.9253260937620824,3.553886420025843,96.13901076130486,0.1149930096667608,0.6069263310421276,0.7372516994791207,0.0081967213114754,0.4035654478226204,0.5504117354961516,0.8208477739269529,10.608622014859652,12.474369326198534,20.0,24.0,-105.0,-115.0,-112.0,-108.0,1,2026,2,TEN,PHI,0.0,-4.0,-7.0,260.0,-325.0,0.2664576802507837,1.0,-4.0,44.0,-7.0,39.5,0.4891657638136511,0.5043297540699688,True,-0.7,-1.012669858867385,-0.55,0.385,0.7,1.012669858867385,0.48999999999999994,-0.043343729216472136,0.017319449200180376,-0.24693162419502182,0.005869290294706464,-0.12006616333511518,0.00285383927426352,-0.32968356895247186,0.04212098244387946,-0.201853188472167,0.02578913664060385,2026.0,1.0,-7.155207289301931,12.549914084046419,-7.15645332761278,12.55730725812966,-7.153446045783913,12.557515622091591,-7.124081202479811,12.555602398728047,-7.140585433019268,12.556508780005993,40.93040526949842,13.134198746590418,40.855067522514936,13.140647550749426,40.858527682373385,13.14136359415146,40.79413262295785,13.139828892715942,40.800304327954706,13.140634649824102,-7.155207289301931,12.549914084046419,40.93040526949842,13.134198746590418,-0.015520728930193073,-0.4069594730501578,-0.8154008354064644,-0.9692954008866784,-0.1125849963130418,-1.7549108793220292,0.1381716321674408,-0.1229051999566992,-3.88804874279586,-2.594447195841596,1.26039288646058,-0.0408817838675688,1.5708589491334344,-0.1000847000713021,-0.6064009057618309,2.659844742455085,-0.0725643582992452,0.0310444606565656,-0.0946985079897589,-0.0081967213114754,0.2675530830621876,0.2461481696046787,0.1307651292988536,-4.552538052453045,7.469855186097636,2.602004327513828,0.0,0.0,0.0,0.5119388093879796,-0.4069594730501578,-1.0589103099992576,0.2674348799308463,boxscore-composite-v1.17
2026_02_PIT_NE,123.61341168302738,12.486698202400284,8.712141492551872,62.04207902676393,0.9143840318005888,4.19571091824596,98.10384249909974,120.96907590212687,12.068309556081587,8.594083681444122,60.40804354427704,0.9800149297274562,4.727488416108716,108.37520602767516,0.0735099409556587,0.4804797205180641,0.8356935144173184,0.6656043266212758,0.0406990307734724,0.7093876093757083,0.835249889429456,15.30089280217226,7.7642736708633295,20.0,3.0,-118.0,-102.0,-105.0,-115.0,1,2026,2,NE,PIT,1.0,17.0,4.5,-225.0,185.0,0.6636481241914618,1.0,17.0,23.0,4.5,41.5,0.5173641257162701,0.4891657638136511,True,0.45,0.6795942141552417,-0.35,-0.1575,0.45,0.6795942141552417,0.2025,0.06948444579350911,-0.043343729216472136,0.1960686142575852,-0.1243267185058207,0.09533491848637632,-0.06045168228128348,0.21325812748486195,-0.011334134630592617,0.13057014984762255,-0.006939475998234375,2026.0,1.0,6.1647744151464305,12.549914084046419,6.175876146309046,12.55730725812966,6.177072101851104,12.557515622091591,6.118896088062899,12.555602398728047,6.135962302332551,12.556508780005993,42.55275810132879,13.134198746590418,42.82440654326225,13.140647550749426,42.79569598795217,13.14136359415146,42.57496468604363,13.139828892715942,42.574965356996614,13.140634649824102,6.1647744151464305,12.549914084046419,42.55275810132879,13.134198746590418,0.16647744151464305,-0.24472418986712086,0.8111147147034572,0.870730150129706,0.1402687195380396,2.7296758859495327,-0.1066100001407459,1.2357065221645411,-0.5559136637600943,-3.342375216996871,-0.1907043888602775,0.1223205625442291,-0.0294667714561711,-0.0257159646143273,-1.0816797839170331,-3.7455799480148144,-0.0037500163647132,0.2020202794819359,-0.1866448886245065,-0.2496499106668598,0.0263621132107484,0.511264564537335,-0.010688485920684,3.1594650599797527,-1.5588626640791068,-0.0672434064436987,0.0,0.0,0.0,0.0,-0.24472418986712086,0.016456088165839697,0.6992229592681359,boxscore-composite-v1.17
2026_02_SEA_ARI,123.16706165232269,12.660454599399609,8.580755383637392,62.6411658765183,1.012302716492779,4.202719928729322,107.6771767626212,124.4419345897114,11.878987578496382,8.382543462618706,61.752952309086446,0.955450186251029,5.329563846397408,97.72826927943812,-0.5472991678217562,0.3859928819783419,0.2214759909331217,1.458881079987865,0.4063772048846675,0.3175354058515895,0.5400178513821279,11.812214822091484,11.105613231665076,7.0,31.0,100.0,-120.0,-115.0,-105.0,1,2026,2,ARI,SEA,0.0,-24.0,-3.5,180.0,-218.0,0.3425247738043946,1.0,-24.0,38.0,-3.5,40.5,0.4782608695652174,0.5108342361863488,True,-0.35,-0.6520630971900706,-0.45,0.1575,0.35,0.6520630971900706,0.12249999999999998,-0.08701137698962971,0.043343729216471914,-0.14448458657231686,-0.15160542049362452,-0.07025309142703204,-0.07371547179838017,-0.3470338682138362,-0.017431365249104935,-0.21247614198477455,-0.01067258725126823,2026.0,1.0,-3.9685337084812327,12.549914084046419,-3.9678441412761964,12.55730725812966,-3.965628799827763,12.557515622091591,-3.8988885272483538,12.555602398728047,-3.9254857187328747,12.556508780005993,41.53117679254487,13.134198746590418,41.82300067980042,13.140647550749426,41.78804484601916,13.14136359415146,41.53422045731281,13.139828892715942,41.53232577990073,13.140634649824102,-3.9685337084812327,12.549914084046419,41.53117679254487,13.134198746590418,-0.046853370848123264,-0.34688232074551306,3.289419142319211,-0.6203469232598069,-0.0729412459311982,-0.2012157079774397,-0.0442676790323809,-0.6348151134981821,1.9041457094253431,-0.0984472988847571,0.9387813018119404,0.3543367073558512,4.663982295703441,0.1105297322940246,-1.2255114592239966,-2.1770355413204854,0.7338390261335457,-0.0165327691660937,0.1255271636410108,-0.0959778541814136,0.4063772048846675,0.1911562684393528,0.0333979136874239,-3.421244059830835,4.153847176914882,-0.545358862530666,0.0,0.0,0.0,0.0,-0.34688232074551306,0.18917534787377066,0.36128073123095417,boxscore-composite-v1.17
2026_02_WAS_DAL,123.88188779947984,12.361157203993706,8.822279662654587,64.77382674253018,1.0239506042635496,4.337815300575606,112.37256524557654,124.1828392675118,13.203472676601958,9.28605642673728,65.79777933465266,0.7927044213015473,3.1780012493019285,116.84351674805464,-0.0991498569238915,0.2599042031287253,0.3113920561620966,0.8309523809523809,1.0506671899529043,1.1929568767367664,0.9155670927352348,7.328833949624107,15.053862314515705,37.0,20.0,-120.0,100.0,-105.0,-115.0,1,2026,2,DAL,WAS,1.0,17.0,3.5,-218.0,180.0,0.6574752261956054,1.0,17.0,57.0,3.5,51.5,0.5217391304347826,0.4891657638136511,True,0.35,0.6520630971900706,0.65,0.22749999999999998,0.35,0.6520630971900706,0.12249999999999998,0.08701137698962971,-0.043343729216472136,-0.3639415377093193,0.13139735592147045,-0.17696017775564063,0.06388965548377738,-0.18994840948444244,0.25850968702102073,-0.11629846225420763,0.15827602431608456,2026.0,1.0,4.010866647225623,12.549914084046419,3.9668796519861824,12.55730725812966,3.9568972672202363,12.557515622091591,4.114161756565674,12.555602398728047,4.08301721038717,12.556508780005993,52.47408104307386,13.134198746590418,52.50495230452403,13.140647550749426,52.53063485900622,13.14136359415146,52.26457238432373,13.139828892715942,52.303584875864864,13.140634649824102,4.010866647225623,12.549914084046419,52.47408104307386,13.134198746590418,0.05108666472256233,0.7474081043073859,2.236371103361876,0.3996395597791187,-0.0625260065346804,1.2527608653998463,-0.0307837683688827,-0.0793883982932013,11.947181791202617,-0.802746946608643,0.294541344483739,-0.148713508444831,2.4139860003545515,0.2030068405593693,-0.1961042019037762,7.137918136084608,0.180461406304679,0.1434316573716537,-0.1600826478206805,-0.0523809523809523,-0.1608712715855572,-0.3806591421089346,0.0367327369070138,1.1377101905892215,-0.7801226621561659,1.1223636681720537,0.0,0.0,0.0,0.0,0.7474081043073859,0.8388637015719586,0.7036876029300138,boxscore-composite-v1.17
2026_03_ARI_SF,122.61549666242225,12.705374625489773,8.515523540699647,65.04672473186498,0.7725427856415646,4.338017117038568,98.66109553974732,123.0208444981938,12.877766832699034,8.600022053157442,64.21597535825094,1.065907106187365,3.622013822594198,91.7406173978755,0.2275698585939443,0.0,0.2548426150121065,0.0,0.5214497920380273,0.0,0.2382032667876588,12.9217701549414,12.14830044886701,36.0,30.0,-110.0,-110.0,-112.0,-108.0,2,2026,3,SF,ARI,1.0,6.0,7.5,-395.0,310.0,0.7659021045164341,1.0,6.0,66.0,7.5,48.5,0.5,0.5043297540699688,True,0.75,1.1853149760426938,0.35,0.26249999999999996,0.75,1.1853149760426938,0.5625,0.0,0.017319449200180376,0.643497116265811,0.010509052229167651,0.32180979791940056,0.005255526231132154,0.47886348246250254,0.08508540290398481,0.29872594692387355,0.053078212231149745,2026.0,2.0,8.051248302366933,12.580588506364554,8.027613268719376,12.587913474202045,8.047901159877805,12.588144214843588,7.9139411540925675,12.58589869679173,7.952336777341256,12.586848124717115,50.01767399861629,13.156414828165646,50.29323654608325,13.159810089274385,50.28612275494858,13.160839263191171,50.10531239977348,13.15995994222427,50.11959894302985,13.16090161725897,8.051248302366933,12.580588506364554,50.01767399861629,13.156414828165646,0.055124830236693255,0.5017673998616289,-0.608825635145358,1.1717609888556506,0.0272528344879896,4.101832877185618,-0.100368242514591,0.4703926357073249,-9.354771999872924,-2.239015947119313,-0.1863009483405138,-0.0440974468961128,-2.2820338781304166,-0.0860988009507917,-0.1615350410951599,0.2074730010196859,0.1173628971314384,0.0,0.2548426150121065,0.0,0.4038027332144979,0.0,-0.2382032667876588,5.613765744145941,-5.792709781345986,2.258817623907324,0.0709667080987378,0.0,0.0,0.0,0.5017673998616289,1.1334010459096007,0.757819991659216,boxscore-composite-v1.17
2026_03_ATL_GB,121.90585340823144,12.212294201656192,8.562902286639286,61.20058974297969,1.1754761888165808,5.036453961990481,113.54835120114583,125.57348239829736,11.830595664058253,8.278872124822708,61.06827093963259,0.8432507775430343,3.820528127707464,105.90054016637124,0.3346007074010035,0.1455399061032863,0.0813492063492063,0.0,0.1450226358148893,0.0,0.1088,9.554002761677667,13.30091410164022,14.0,35.0,-112.0,-108.0,-102.0,-118.0,2,2026,3,GB,ATL,0.0,-21.0,4.5,-230.0,190.0,0.6690070210631895,1.0,-21.0,49.0,4.5,43.5,0.5043297540699688,0.4826358742837298,True,0.45,0.7036973914550977,-0.15,-0.0675,0.45,0.7036973914550977,0.2025,0.017319449200180376,-0.06948444579350956,0.10363887655503823,-0.026121192768589725,0.051829301294015064,-0.013063082263761466,0.1633501517524012,-0.0022486835006200355,0.10190154511565944,-0.0014027799835570286,2026.0,2.0,5.39435767713133,12.580588506364554,5.3934994603153505,12.587913474202045,5.394280086789827,12.588144214843588,5.360955609451048,12.58589869679173,5.37174671582477,12.586848124717115,44.43827295282903,13.156414828165646,44.59513794196225,13.159810089274385,44.58590045148182,13.160839263191171,44.52965405186857,13.15995994222427,44.530117732539004,13.16090161725897,5.39435767713133,12.580588506364554,44.43827295282903,13.156414828165646,0.089435767713133,-0.05617270471709688,-2.136029048220749,0.6461873421367672,-0.2531882000303511,1.3035504927327644,-0.0687863942313106,-1.371649179506468,7.673938398642939,0.7929639510655946,-0.2060139882050862,-0.1906769104644619,1.0512942588665268,-0.0379411566530598,-0.3608810274773284,8.831198964061599,-0.1735720487382828,0.1455399061032863,0.0813492063492063,0.0,-0.1125226358148893,0.0,-0.1088,1.2471541273828963,-2.2981644672593777,-0.6823695815971648,0.0,0.0,0.0,0.0,-0.05617270471709688,0.03833054501498648,0.5981155366196321,boxscore-composite-v1.17
2026_03_BAL_DAL,122.22596920436786,13.24520977909178,9.24169788882353,65.41469473367164,1.0137337274450582,4.188922619473798,108.82630627963944,124.17367807457072,12.7878027823348,8.73017822770629,64.43432387841396,1.0524795237050797,3.3299628126272065,105.0543357787774,0.2670152569644672,0.1786833855799373,0.064516129032258,0.0,0.0,0.0942698706099815,0.1987767584097859,13.689454838136507,10.743317684124104,31.0,34.0,100.0,-120.0,-120.0,100.0,2,2026,3,DAL,BAL,0.0,-3.0,-3.0,142.0,-170.0,0.3962430290578221,0.0,-3.0,65.0,-3.0,53.5,0.4782608695652174,0.5217391304347826,True,-0.3,-0.42114401822048214,0.85,-0.255,0.3,0.42114401822048214,0.09,-0.08701137698962971,0.08701137698962971,-0.09843126720389266,0.1898415277920024,-0.04922500102510276,0.09493883057312533,-0.12998748332553517,0.28407957956499075,-0.08108915268499799,0.17721531191080725,2026.0,2.0,-5.525653964823908,12.580588506364554,-5.526225721494818,12.587913474202045,-5.525788539958647,12.588144214843588,-5.526513749426802,12.58589869679173,-5.529323449902774,12.586848124717115,54.10435602597703,13.156414828165646,54.04389889834121,13.159810089274385,54.076795160092715,13.160839263191171,53.833251715923325,13.15995994222427,53.87940286996025,13.16090161725897,-5.525653964823908,12.580588506364554,54.10435602597703,13.156414828165646,-0.2525653964823908,0.9104356025977033,2.060320844076273,-0.2014233745704672,-0.6837978815782533,0.8378576557858892,-0.1189344936196722,-0.3050044611122655,8.925138763290228,0.2471263319340693,0.5048262378257631,0.6354692576320513,3.614340879061469,0.0383268312551602,-0.6188155163559406,13.565207316377853,-0.1852616065455157,-0.1786833855799373,-0.064516129032258,0.0,0.0,0.0942698706099815,0.1987767584097859,-3.021182316774552,1.688206068425143,-2.0704879470253124,-0.1697839275992053,0.0,0.0,0.0,0.0,-1.8850459417212717,0.3591289828959933,boxscore-composite-v1.17
2026_03_CAR_CLE,119.20652559999692,11.968459176639124,8.20485758784693,58.70894611739926,1.1409691459346236,4.83799419343767,103.52543525866284,124.22019141948572,12.045593072615585,9.251958563166417,61.93116154302936,1.011061176136412,5.108078853012259,97.24305014636124,0.3993891349483451,0.0,0.1092278719397363,0.2444444444444444,0.0,0.22262118491921,0.2099010590858417,8.89639087173034,16.130835990635312,21.0,18.0,-112.0,-108.0,-115.0,-105.0,2,2026,3,CLE,CAR,1.0,3.0,-2.5,114.0,-135.0,0.448558885283451,1.0,3.0,39.0,-2.5,41.5,0.5043297540699688,0.5108342361863488,True,-0.25,-0.20649509332803076,-0.35,0.0875,0.25,0.20649509332803076,0.0625,0.017319449200180376,0.043343729216471914,-0.11921219186342405,0.15523263711601237,-0.05961744101623967,0.07763109160564503,-0.12013606057700985,0.11791652568117732,-0.07494361079909931,0.07355901437909547,2026.0,2.0,-2.0072747676578864,12.580588506364554,-2.006030579200277,12.587913474202045,-2.007149859957078,12.588144214843588,-1.9979581061297564,12.58589869679173,-2.003051192717225,12.586848124717115,41.70311360573637,13.156414828165646,41.23146896357239,13.159810089274385,41.27363612518085,13.160839263191171,41.36579572182281,13.15995994222427,41.38718470718897,13.16090161725897,-2.0072747676578864,12.580588506364554,41.70311360573637,13.156414828165646,0.049272523234211364,-0.32968863942636306,-0.7873874968202585,-0.6805157526611811,-0.3227259963431375,-2.5683915107635684,-0.1611399600419819,0.7462129371257111,-1.271576854385998,-2.0799124947247023,-0.3475236617029233,-0.3426590461786531,-1.4949467516594623,-0.2741397000038418,-1.0334538035602103,0.4297132113137039,0.2954009103281958,0.0,-0.1092278719397363,-0.2444444444444444,0.0,-0.22262118491921,-0.0192656075808249,-2.433038968609959,1.678251111407456,-0.573253984387783,0.0,0.0,0.0,0.0,-0.32968863942636306,0.18899532615854975,0.40599579978045525,boxscore-composite-v1.17
2026_03_CIN_PIT,124.7725502182506,11.632365994714537,8.450536663566547,61.20946208147804,0.9309087877739852,3.752938957683836,97.59757115548244,122.98719275858215,12.42105680441249,8.964558509234108,61.41740607047812,1.3564325856203387,4.736649204519541,104.86963138663036,0.1520750267176076,0.0,0.1739618460352635,0.5153061224489796,0.0424778761061946,0.0,0.05,12.98942269132963,10.715883901938154,30.0,27.0,-118.0,-102.0,-112.0,-108.0,2,2026,3,PIT,CIN,1.0,3.0,-3.5,150.0,-180.0,0.3835616438356164,1.0,3.0,57.0,-3.5,42.5,0.5173641257162701,0.5043297540699688,True,-0.35,-0.47445797959511593,-0.25,0.0875,0.35,0.47445797959511593,0.12249999999999998,0.06948444579350911,0.017319449200180376,-0.35754163189472504,-0.20336014971700336,-0.17880484216542453,-0.10169942806434437,-0.10971545428242728,0.022682792643353888,-0.06844299925348243,0.014150042672745161,2026.0,2.0,-2.662970569196658,12.580588506364554,-2.651972029956264,12.587913474202045,-2.661451145688113,12.588144214843588,-2.6821595080691707,12.58589869679173,-2.681127279610627,12.586848124717115,43.10557243449738,13.156414828165646,43.70202070829139,13.159810089274385,43.645615841953855,13.160839263191171,43.07697546050158,13.15995994222427,43.08120332064166,13.16090161725897,-2.662970569196658,12.580588506364554,43.10557243449738,13.156414828165646,0.08370294308033421,-0.18944275655026174,-0.8549689911397138,-0.5836126901840952,0.0599398712320073,-3.031901300485007,0.1819172596032311,-0.5226672973448161,3.038005389933133,-0.468309011447559,0.0520832080594395,-0.3676188009936822,-1.261489628409091,-0.2568997649817706,1.244443988790548,2.0634996423485674,-0.1121503156862111,0.0,-0.1188216591193756,0.5153061224489796,-0.0424778761061946,0.0,0.05,-2.415007643625171,0.6984262013312819,-0.5878889057150375,0.0,0.0,0.0,0.0,-0.18944275655026174,0.11137129484397362,0.3407894571554002,boxscore-composite-v1.17
2026_03_HOU_IND,125.87947253608912,12.148787310517037,8.307320364946332,62.17145087548012,0.9912508683815884,4.152329652309177,107.4192521282106,125.03913825188316,12.936604675060046,8.446340214460868,61.99540545174283,0.923955398826958,4.124465795454988,115.56100811360514,0.3907160531139668,0.1471499380421313,0.2163461538461538,0.0,0.0998622501689986,0.222707423580786,0.0364357864357864,10.814626250476138,10.235168892026794,19.0,17.0,-108.0,-112.0,-115.0,-105.0,2,2026,3,IND,HOU,1.0,2.0,-1.5,105.0,-125.0,0.4675324675324675,1.0,2.0,36.0,-1.5,41.5,0.4956702459300312,0.5108342361863488,True,-0.15,-0.13005312824819784,-0.35,0.0525,0.15,0.13005312824819784,0.0225,-0.017319449200180376,0.043343729216471914,-0.006885927960254157,0.35319142267069675,-0.0034436192942651654,0.17662932355639724,-0.08118624381832806,0.3000737790657874,-0.05064582798652144,0.18719285784225956,2026.0,2.0,-1.3780773895037803,12.580588506364554,-1.3813260289790554,12.587913474202045,-1.3785923172067143,12.588144214843588,-1.3764177026064728,12.58589869679173,-1.379108501719489,12.586848124717115,41.52050857859461,13.156414828165646,40.4866946545876,13.159810089274385,40.58257800394289,13.160839263191171,40.69726847276842,13.15995994222427,40.751922180588515,13.16090161725897,-1.3780773895037803,12.580588506364554,41.52050857859461,13.156414828165646,0.012192261049621966,-0.3479491421405392,-4.9077708444122905,0.1389072750229756,0.2993014005725563,2.1420130056576028,0.12278100009697,1.3324667168780313,-15.731735743603744,5.941535828120372,0.7165443644508906,0.2343704379327178,3.649823903221069,-0.0067114176221307,-0.6923749007887199,1.7480665400777866,0.1336924278087083,-0.1471499380421313,0.0336538461538461,0.0,0.0167021670089154,-0.222707423580786,0.0364357864357864,0.4873812882485664,2.225475690395541,0.4104728601097498,0.0,0.0,0.0,0.0,-0.3479491421405392,-0.142823679547161,0.5253697016686533,boxscore-composite-v1.17
2026_03_KC_MIA,121.80256533107524,12.04815522575408,8.855294406706847,60.39106308876829,0.7692172563361053,4.648120199187686,105.225308777557,120.61463557524344,12.588407972231476,8.385175082578648,62.623208525920674,0.8269058753549142,4.736057365391572,100.57836028942904,0.4489350836886485,0.0,0.2446933962264151,0.0476190476190476,0.2096122667692561,0.0,0.0333333333333333,9.77675084108836,13.477899729960054,10.0,24.0,-112.0,-108.0,-105.0,-115.0,2,2026,3,MIA,KC,0.0,-14.0,-10.0,440.0,-600.0,0.1776649746192893,1.0,-14.0,34.0,-10.0,45.5,0.5043297540699688,0.4891657638136511,True,-1.0,-1.5322482737429708,0.05,-0.05,1.0,1.5322482737429708,1.0,0.017319449200180376,-0.043343729216472136,-0.32790966543371425,0.03326827265082287,-0.16398603894512642,0.016637302372100222,-0.22001850979497384,-0.06470903989319784,-0.13725255753748095,-0.040366972894292266,2026.0,2.0,-11.000375617268187,12.580588506364554,-11.000148821154575,12.587913474202045,-11.000515365503016,12.588144214843588,-11.068522990680789,12.58589869679173,-11.06040054041522,12.586848124717115,47.19820424376658,13.156414828165646,47.30328614835275,13.159810089274385,47.307518013802756,13.160839263191171,47.57270130366412,13.15995994222427,47.56233226035357,13.16090161725897,-11.000375617268187,12.580588506364554,47.19820424376658,13.156414828165646,-0.10003756172681869,0.21982042437665825,-5.457683257633576,0.1440539715856292,-0.1538183112775026,-1.0942249924820366,0.1509089544875392,0.6729405299924178,-5.2859067743744745,0.4300956475320348,0.7999537146632401,0.2420133320841184,3.079529584944197,0.0455119466787609,0.0511162899485939,-0.6972155139013054,-0.0309914325178786,0.0,0.2446933962264151,0.0476190476190476,-0.0685334285949822,0.0,0.0333333333333333,-1.9880598308386328,5.648533889033768,0.4401069213805602,0.0,0.0,0.0,0.0,0.21982042437665825,0.09674449022897931,0.22781505971900845,boxscore-composite-v1.17
2026_03_LAC_BUF,124.50794136051168,12.752712015756568,8.983580726077065,64.70576286628733,0.9612386208162452,4.457937877058351,99.27892860906913,121.2986634403631,12.169865382529093,8.33499033820545,61.57195564739679,0.8505796566667432,4.753031307815856,106.46438832306174,0.2096562682489366,0.1707317073170731,0.3744586437961431,0.0,0.2640252454417952,0.0,0.097899387360545,12.901279220794407,10.0734874743828,24.0,16.0,-112.0,-108.0,-105.0,-115.0,2,2026,3,BUF,LAC,1.0,8.0,7.0,-325.0,260.0,0.7335423197492164,1.0,8.0,40.0,7.0,50.5,0.5043297540699688,0.4891657638136511,True,0.7,1.0126698588673853,0.55,0.385,0.7,1.0126698588673853,0.48999999999999994,0.017319449200180376,-0.043343729216472136,0.5391585906873435,0.12473986507724522,0.26963060553006746,0.06238180367605535,0.3789930926529626,0.11149125604262562,0.23642452311913123,0.0695507848370404,2026.0,2.0,7.457613614990319,12.580588506364554,7.437930098265016,12.587913474202045,7.454824018624396,12.588144214843588,7.357252165756223,12.58589869679173,7.385627861725597,12.586848124717115,51.85221976133808,13.156414828165646,51.887799188172586,13.159810089274385,51.90871312630386,13.160839263191171,51.94313766240367,13.15995994222427,51.96152729391765,13.16090161725897,7.457613614990319,12.580588506364554,51.85221976133808,13.156414828165646,0.04576136149903194,0.6852219761338076,0.7104557165203715,0.9843180502848936,0.4826712197143461,4.870510124037537,-0.1418795399746661,-1.1764836353261503,3.576051654371845,-0.3866734523032349,-0.3333634903468097,0.5302181101771657,2.670261486311535,0.2276295759371769,-0.7469454618807685,-0.0903643228229498,-0.0606364466260362,-0.1707317073170731,-0.2309225221231393,0.0,-0.1553295932678822,0.0,-0.0611242812785082,4.126803409607386,-2.3889107897831114,-0.2108464797750091,0.0,0.0,0.0,0.0,0.6852219761338076,-0.14447664153228865,0.7070118472246636,boxscore-composite-v1.17
2026_03_LA_DEN,123.95930473351736,13.139659843769504,8.81351164846512,63.473526824513286,0.930879197663798,4.313937558128567,96.55610003250216,123.54461614912782,11.299529546692558,8.793658244187533,59.84131674283181,0.7053242655524008,4.88440212818862,89.01194376163937,0.0276673938446689,0.0,0.1388465447154471,0.285513091351386,0.0,0.092378752886836,0.0832,13.68836671041946,10.107543418529918,30.0,26.0,102.0,-122.0,-115.0,-105.0,2,2026,3,DEN,LA,1.0,4.0,1.5,-112.0,-108.0,0.5043297540699688,1.0,4.0,56.0,1.5,43.5,0.4739134147382802,0.5108342361863488,True,0.15,0.017319449200180376,-0.15,-0.0225,0.15,0.017319449200180376,0.0225,-0.10444117427409073,0.043343729216471914,-0.18354847554431714,-0.13936804927016824,-0.0917917055574364,-0.06969728789511405,-0.1452819577555783,-0.05176400954911674,-0.09063019418042122,-0.032291568130478995,2026.0,2.0,0.43862351682330103,12.580588506364554,0.4473007533451816,12.587913474202045,0.4398739507123355,12.588144214843588,0.5018694855853852,12.58589869679173,0.4851482055351628,12.586848124717115,43.39947653917197,13.156414828165646,43.83413778257481,13.159810089274385,43.79303264975469,13.160839263191171,43.58378965416081,13.15995994222427,43.572761113058434,13.16090161725897,0.43862351682330103,12.580588506364554,43.39947653917197,13.156414828165646,-0.10613764831766989,-0.1600523460828029,-1.1826400665955106,-0.8304158619861424,-0.4000136763137734,-3.044335424511704,-0.0871553189477439,0.0412123070723269,12.425633895920695,0.4959723490791887,-0.4037712093391805,-0.1069454408615557,-0.3933839594685118,-0.1068964178937703,-0.3360471901348143,0.7004649015411815,-0.023131418554942,0.0,-0.1284298780487804,0.1554317905383778,0.0,-0.092378752886836,-0.0832,-3.9070653852702177,0.9466877582979576,3.438128847285121,0.0,-0.7116561372820761,0.0,0.0,-0.1600523460828029,-0.5502805881429463,0.7767087115863153,boxscore-composite-v1.17
2026_03_LV_NO,124.4324514191958,11.762595483751037,7.52141062319682,58.51426965801409,0.9089996890042248,5.294163253551581,98.33724576274184,124.2474489696258,11.719654317001837,8.38713065286031,60.51584368696387,1.0807844144363363,4.457191562071957,101.2643243242867,0.4197079406540558,0.1645569620253164,0.0145395799676898,0.0,0.0769489247311828,0.0,0.1535116357504216,6.676951401240685,15.203394695540858,27.0,35.0,-108.0,-112.0,-118.0,-102.0,2,2026,3,NO,LV,0.0,-8.0,3.5,-192.0,160.0,0.6309403437815976,1.0,-8.0,62.0,3.5,43.5,0.4956702459300312,0.5173641257162701,True,0.35,0.5362530147869362,-0.15,-0.0525,0.35,0.5362530147869362,0.12249999999999998,-0.017319449200180376,0.06948444579350911,0.13793297329342252,-0.040433951815861235,0.06897961333465064,-0.020220823891882313,0.22914515699184973,-0.08533066257696939,0.14294596792681952,-0.05323121080117602,2026.0,2.0,3.8504104710175056,12.580588506364554,3.84647713345674,12.587913474202045,3.8498705794108936,12.588144214843588,3.7694102240374003,12.58589869679173,3.7910718858816734,12.586848124717115,44.18674304215046,13.156414828165646,44.363256007269996,13.159810089274385,44.34936517648897,13.160839263191171,44.489212561910016,13.15995994222427,44.472791964635746,13.16090161725897,3.8504104710175056,12.580588506364554,44.18674304215046,13.156414828165646,0.03504104710175056,-0.08132569578495392,5.115665564735366,0.4977720489353459,0.1408423747303753,2.049809329147557,0.2666700085585391,-1.0891342435250655,3.357658884120504,1.2388648941355314,-0.2601377464258476,0.1865313437428861,0.5648021131375245,-0.0753629295592187,-0.4007466079242756,-0.1065069526836879,-0.2052644946069302,0.1645569620253164,0.0145395799676898,0.0,0.0063844086021505,0.0,-0.1399116357504216,-0.8309090730484598,1.1136912553336016,-0.9520435706817152,0.0,0.0,0.0,0.0,-0.08132569578495392,0.07742560580328245,0.5744875330090874,boxscore-composite-v1.17
2026_03_MIN_TB,120.42022920810696,11.550780739778498,8.613046771408865,61.01981190717369,1.094140087452472,5.176941662651748,90.4923891146835,122.29851813805595,12.262352798288518,8.106140305002882,60.7514918961832,1.1825176480791768,4.375668603272032,108.48874030998256,-0.2293500743054624,0.0,0.0,0.1835443037974683,0.0,0.3721881390593047,0.0,11.607256864216126,9.868238145558063,16.0,23.0,-118.0,-102.0,-112.0,-108.0,2,2026,3,TB,MIN,0.0,-7.0,-1.5,-108.0,-112.0,0.4956702459300312,1.0,-7.0,39.0,-1.5,42.5,0.5173641257162701,0.5043297540699688,True,-0.15,-0.017319449200180376,-0.25,0.0375,0.15,0.017319449200180376,0.0225,0.06948444579350911,0.017319449200180376,-0.7356921670068222,-0.21604064946564638,-0.3679160972301159,-0.10804088470568571,-0.5280658971195233,-0.11556066298981112,-0.3294195338179432,-0.07208937357524466,2026.0,2.0,-0.3699772574750517,12.580588506364554,-0.3362379945450744,12.587913474202045,-0.36511447317024825,12.588144214843588,-0.1437533964977631,12.58589869679173,-0.20157692091718893,12.586848124717115,42.39248387943844,13.156414828165646,43.0039832819525,13.159810089274385,42.943732968107796,13.160839263191171,42.70480500104115,13.15995994222427,42.68280363969688,13.16090161725897,-0.3699772574750517,12.580588506364554,42.39248387943844,13.156414828165646,0.11300227425249483,-0.26075161205615627,3.011387994994273,0.2917254901272486,0.1714435678706047,1.165552414745953,0.2674510903169049,-0.6266735248052089,3.639418465996883,-2.632134530321615,0.7539953580403225,-0.0020816349470003,2.4936820085047278,-0.247420431893483,-0.3557828436747461,-2.1824440936258966,0.2635000972088468,0.0,0.0,-0.1835443037974683,0.0,0.3721881390593047,0.0,-1.60563175977446,0.4711827961308206,1.16770467287863,0.0,0.0,0.0,0.0,-0.26075161205615627,-0.3044808758586094,0.5552126250343293,boxscore-composite-v1.17
2026_03_NE_JAX,122.73587660627804,13.216639135570698,8.48195883538911,65.20117341708128,0.8408115348380216,4.905567140630304,94.51357145486828,119.97551180391288,11.734834128872553,8.429303478570382,60.37711135746829,1.004563697201306,4.827892440823758,107.25855204019896,0.0391090322362766,0.1360759493670886,0.0926124197002141,0.0,0.0404494382022471,0.1596638655462184,0.0747028862478777,20.07224295619197,6.194367775316822,35.0,6.0,-105.0,-115.0,-110.0,-110.0,2,2026,3,JAX,NE,1.0,29.0,3.0,-162.0,136.0,0.593369754159424,1.0,29.0,41.0,3.0,46.5,0.4891657638136511,0.5,True,0.3,0.37791345050880615,0.15,0.045,0.3,0.37791345050880615,0.09,-0.043343729216472136,0.0,0.024346056239487,-0.1826378065478514,0.012175345064526022,-0.09133628439343067,0.01860550978971154,-0.051863331846632874,0.011606540764711992,-0.0323535276418278,2026.0,2.0,2.5977628442377743,12.580588506364554,2.5985380991197804,12.587913474202045,2.5978935519541655,12.588144214843588,2.6101591684450676,12.58589869679173,2.6077542998332035,12.586848124717115,46.99553391281286,13.156414828165646,47.69863345751442,13.159810089274385,47.64162882255218,13.160839263191171,47.324125284749805,13.15995994222427,47.31275828905718,13.16090161725897,2.5977628442377743,12.580588506364554,46.99553391281286,13.156414828165646,-0.04022371557622258,0.199553391281286,0.1185114488006675,-0.2449833080560104,-0.4417154128553306,1.2145435153155404,-0.0863133884767451,-0.7438972145807252,0.2724765772440136,0.5655473398339907,0.5120639372495095,-0.2095311106020956,1.3276873125959057,-0.0501751685650534,0.9947416560789046,1.423596672004713,-0.0242054293410296,-0.1360759493670886,-0.0926124197002141,0.0,0.0404494382022471,-0.1596638655462184,-0.0747028862478777,0.6999912612785391,0.7898475722026785,-0.6592813980221197,0.0,0.0,0.0,0.0,0.199553391281286,-0.1315618387839813,0.5871372711831008,boxscore-composite-v1.17
2026_03_NYJ_DET,125.70780126186438,11.81355727219503,8.530261313471097,61.45733648794392,0.8872076691344325,3.5573481658145143,109.83715520032416,125.60220655111826,12.315586975728632,8.873613073727068,65.1768308576433,0.9410745586532668,3.200533639499623,99.82217802528612,0.4401907497359856,0.1821974965229485,0.2031531531531531,0.0,0.1048034934497816,0.0229357798165137,0.282959314898046,10.860252058966816,14.259163378453806,31.0,24.0,-110.0,-110.0,-110.0,-110.0,2,2026,3,DET,NYJ,1.0,7.0,7.0,-325.0,260.0,0.7335423197492164,1.0,7.0,55.0,7.0,49.5,0.5,0.5,True,0.7,1.0126698588673853,0.45,0.315,0.7,1.0126698588673853,0.48999999999999994,0.0,0.0,-0.08636195233698393,0.16391266985418793,-0.04318919498935182,0.08197193402870916,0.1955716715450294,0.24076424550254413,0.12200206303755574,0.15019421997540056,2026.0,2.0,7.338649458957991,12.580588506364554,7.350595974342374,12.587913474202045,7.340456135288703,12.588144214843588,7.328444409474103,12.58589869679173,7.334485470465043,12.586848124717115,50.84034757798883,13.156414828165646,50.7193244540084,13.159810089274385,50.75223409959938,13.160839263191171,50.547322822293744,13.15995994222427,50.58947649418118,13.16090161725897,7.338649458957991,12.580588506364554,50.84034757798883,13.156414828165646,0.033864945895799095,0.5840347577988829,1.8635047010881325,1.0723528210420552,0.2594575428653281,4.461188629544182,0.1034134702760173,-0.6009775669733148,-13.014454382821867,4.0453052754850845,0.2011572933837007,0.2116657845025384,1.2252176285779797,-0.0953154735234758,1.224885499860516,-6.422785434490251,-0.4259530406312803,0.1821974965229485,-0.2031531531531531,0.0,-0.1048034934497816,-0.0229357798165137,0.2600147642288299,2.576975845621898,-3.997495791188598,0.6100040973999082,0.0,0.0,0.0,0.0,0.5840347577988829,0.3562635952812816,0.7364561384615639,boxscore-composite-v1.17
2026_03_PHI_CHI,126.12212945214236,12.319232611128667,9.151799281055172,61.11831826904866,0.8869626278987655,3.879975182977125,104.93992960445192,122.66584874779142,12.35779980428219,8.878705404823263,61.96951951658968,1.0629591535232066,4.7432856663102205,93.46735551881312,-0.8514972603309658,0.0839694656488549,0.1689059500959693,0.0,0.0,0.0,0.0,13.13108157749819,7.68287564043357,27.0,7.0,-108.0,-112.0,-108.0,-112.0,2,2026,3,CHI,PHI,1.0,20.0,-3.5,164.0,-198.0,0.3630958183058778,1.0,20.0,34.0,-3.5,42.5,0.4956702459300312,0.4956702459300312,True,-0.35,-0.5619524613473555,-0.25,0.0875,0.35,0.5619524613473555,0.12249999999999998,-0.017319449200180376,-0.017319449200180376,0.2267086217128742,0.044144415849455124,0.11337588606981312,0.022076409022965975,0.19311770659523836,0.06541521536518642,0.12047122381052877,0.0408075012375257,2026.0,2.0,-3.784589252288462,12.580588506364554,-3.803136662935928,12.587913474202045,-3.7873642202019058,12.588144214843588,-3.955871608976352,12.58589869679173,-3.9175869286549623,12.586848124717115,43.21563978020361,13.156414828165646,43.12103107769916,13.159810089274385,43.13208826478928,13.160839263191171,43.07950908686779,13.15995994222427,43.09207684047221,13.16090161725897,-3.784589252288462,12.580588506364554,43.21563978020361,13.156414828165646,-0.02845892522884621,-0.17843602197963904,2.9362079431308103,-0.0485309159980644,0.6453953033870281,1.4566638565262269,0.0735071162053057,-0.5482062835331951,-0.3887866283173409,-1.0634271006641782,0.9245536566313975,0.440409748125381,1.806027319667976,0.1400774732784546,0.8392757723917337,0.0568202935224348,-1.0148294669777211,-0.0839694656488549,-0.1689059500959693,0.0,0.0,0.0,0.0,-1.4298667956495077,1.9677229848429003,-0.170039327446969,0.0,0.0,0.0,0.0,-0.17843602197963904,0.030341141169730402,0.3361145004542706,boxscore-composite-v1.17
2026_03_SEA_WAS,122.14024557321898,12.722387256911674,8.857746368220326,63.71453890226931,1.1430112783198196,4.168485098642302,99.2696980880872,122.42766263250672,11.85782041237097,8.614260437215849,60.03537408304122,0.6545445348402718,4.808513577955252,102.30605771224909,0.3730633856997514,0.2774217954585789,0.0693950177935943,0.0,0.0057692307692307,0.0875576036866359,0.4171772557305029,11.655220730488267,11.569697680504904,33.0,31.0,-115.0,-105.0,-108.0,-112.0,2,2026,3,WAS,SEA,1.0,2.0,-8.5,320.0,-410.0,0.2284946236559139,1.0,2.0,64.0,-8.5,40.5,0.5108342361863488,0.4956702459300312,True,-0.85,-1.2168309592693052,-0.45,0.3825,0.85,1.2168309592693052,0.7224999999999999,0.043343729216471914,-0.017319449200180376,-0.5953058923889947,-0.09383447488537291,-0.297709599759568,-0.04692616740221946,-0.6233642923318123,0.00918020024655466,-0.3888688432614667,0.005726818001448997,2026.0,2.0,-8.184103520781207,12.580588506364554,-8.168065995699468,12.587913474202045,-8.181936660953598,12.588144214843588,-8.022152602744898,12.58589869679173,-8.070633589408612,12.586848124717115,41.91847434737208,13.156414828165646,42.15698864390276,13.159810089274385,42.13412476923189,13.160839263191171,41.87671978788384,13.15995994222427,41.88132398515851,13.16090161725897,-8.184103520781207,12.580588506364554,41.91847434737208,13.156414828165646,0.03158964792187931,-0.3081525652627917,0.7698532575017154,-0.763960604874895,0.283716176226565,0.2888511923284262,-0.000799529862428,-0.2419557086617516,-1.165984761270991,0.8721411988250978,1.3304273223139995,0.5571239948791025,3.885810209722102,-0.1111414838661252,-1.7233295890915905,2.7173890841760056,0.1656500191876784,0.1118588815512941,0.0693950177935943,0.0,-0.0057692307692307,0.0875576036866359,0.0061237151432835,-6.263143815824116,5.515149472635173,-1.583188747554658,-0.2078203926049636,0.0,0.0,0.0,-0.3081525652627917,0.48786367385415425,0.21880201710556987,boxscore-composite-v1.17
2026_03_TEN_NYG,121.27917663916136,11.300152281840816,8.539470188771851,59.095265415538606,0.9948218358569392,3.537461500717124,107.60643841070012,122.0344982018128,13.17689929769479,8.785815653281656,64.80198460507374,0.8678155902421083,4.223378112432963,106.53306644673088,-0.1584887721545449,0.0,0.0,0.1047619047619047,0.0,0.0456827309236947,0.117557741659538,8.134914604812721,15.852325130062956,12.0,7.0,-110.0,-110.0,-112.0,-108.0,2,2026,3,NYG,TEN,1.0,5.0,2.5,-130.0,110.0,0.5427435387673957,1.0,5.0,19.0,2.5,37.5,0.5,0.5043297540699688,True,0.25,0.17139248626176454,-0.75,-0.1875,0.25,0.17139248626176454,0.0625,0.0,0.017319449200180376,0.2515447050221481,0.028314663462748496,0.12579629130371217,0.014160026357195113,0.3082088054662523,0.13275179635179285,0.1922676725937057,0.08281359411059258,2026.0,2.0,3.5113717839106746,12.580588506364554,3.4990242178605206,12.587913474202045,3.509583764962953,12.588144214843588,3.361296915441863,12.58589869679173,3.398892945691107,12.586848124717115,37.626469883658466,13.156414828165646,37.34600969413521,13.159810089274385,37.36001916325457,13.160839263191171,37.08305099797904,13.15995994222427,37.109239628337455,13.16090161725897,3.5113717839106746,12.580588506364554,37.626469883658466,13.156414828165646,0.10113717839106746,-0.7373530116341535,3.5831929912297227,0.5291027373663217,-0.0869557322520711,3.098286971814339,-0.0593111673773014,0.382357074683219,7.1123000126436295,-1.245191903474229,-0.2990934803767437,0.7319503090188881,1.4400905738400844,0.1192687874024496,0.3258087341441089,10.42732927210563,-0.2234180230393505,0.0,0.0,-0.1047619047619047,0.0,0.0456827309236947,0.0681565440547476,1.5039111951909303,-2.874369621116556,0.4794840581769739,0.0,0.0,0.0,0.0,-0.7373530116341535,-0.35354901432735736,0.5551761813545532,boxscore-composite-v1.17
2026_04_ARI_NYG,125.44320326051954,11.471959801285925,8.387437963869168,61.63408703075737,0.8253134132627294,3.52541739053583,116.96149762830233,121.58602633144116,13.147380488602211,9.13120057545215,66.92228212301404,1.1555056389912646,4.077061915661266,106.8290999286742,-0.2070414692637685,0.0,0.0294985250737463,0.0,0.0,0.1870073940507377,0.1623293231972839,8.539509925658184,15.126781929151484,36.0,24.0,-110.0,-110.0,-105.0,-115.0,3,2026,4,NYG,ARI,1.0,12.0,-2.5,114.0,-135.0,0.448558885283451,1.0,12.0,60.0,-2.5,44.5,0.5,0.4891657638136511,True,-0.25,-0.20649509332803076,-0.05,0.0125,0.25,0.20649509332803076,0.0625,0.0,-0.043343729216472136,0.21731808525106042,-0.040273953451239165,0.11108998617275909,-0.02058748551392673,0.19555297689458234,0.06121301186972452,0.12403220826015104,0.038825208171336764,2026.0,3.0,-2.533819283065117,12.570201342492124,-2.520221880205334,12.57739912745448,-2.506561372388622,12.577594789154467,-2.6572015662032165,12.575561258859146,-2.6221586548926705,12.576477514687808,44.614538017685824,13.136213789430954,44.86471822496294,13.13628938349329,44.84975564833925,13.13754039977192,44.545009288661234,13.138483275695334,44.55353218654245,13.139421961486239,-2.533819283065117,12.570201342492124,44.614538017685824,13.136213789430954,-0.0033819283065116947,-0.038546198231417604,-1.412480279368566,0.1046088947108563,0.0596835913589837,-0.0369211233109432,0.0274380630550482,0.1518222016757597,3.12319371075413,-1.3110908411689124,-0.5657368636489908,0.2232373631728545,-1.3756927394812308,-0.0722867943329528,0.5740601058261547,10.58925410233482,-0.2867628686364929,0.0,0.0294985250737463,0.0,0.0,0.1260830243028385,-0.138799911432578,2.133163665717777,-3.750040473769402,-0.8845857132624833,0.0,0.0,0.0,0.0,-0.038546198231417604,0.03409741625609561,0.3803714109590666,boxscore-composite-v1.17
2026_04_ATL_NO,127.76273086944424,12.15228836699313,8.585931931134251,61.81460397965968,1.3712299597446798,5.3681051106073046,105.2198344800058,125.1946119092419,11.785663989884434,8.434506551320613,61.17916982195247,0.9522140450831243,3.908408353875653,96.03050865127751,0.5507919969432145,0.1120689655172413,0.0299121844127332,0.4738955823293173,0.2346245994518658,0.7094749556602042,0.071578947368421,9.167465749252033,15.378607561745284,24.0,45.0,100.0,-120.0,-112.0,-108.0,3,2026,4,NO,ATL,0.0,-21.0,1.5,-118.0,-102.0,0.5173641257162701,1.0,-21.0,69.0,1.5,47.5,0.4782608695652174,0.5043297540699688,True,0.15,0.06948444579350911,0.25,0.0375,0.15,0.06948444579350911,0.0225,-0.08701137698962971,0.017319449200180376,0.13328942063337793,0.10101832281002376,0.06813570015597573,0.051639163262442264,0.211897574359047,0.03130954194753445,0.1343989976020165,0.019858514500957797,2026.0,3.0,0.35824547481936975,12.570201342492124,0.36425123798224157,12.57739912745448,0.3701843630250148,12.577594789154467,0.2669874534851191,12.575561258859146,0.2934084738053446,12.576477514687808,47.566909528222034,13.136213789430954,47.48168848938509,13.13628938349329,47.49633153342109,13.13754039977192,47.71779643413773,13.138483275695334,47.71908841859325,13.139421961486239,0.35824547481936975,12.570201342492124,47.566909528222034,13.136213789430954,-0.11417545251806302,0.2566909528222034,2.969209346720177,-0.0658518798785303,-0.6080338749488718,0.2813397510886091,0.2478202350243845,-1.0956531429630956,-6.185455982272835,0.3093573548127679,-0.1897789064857145,0.1216290516195313,1.3522818949379634,0.1470794831322879,-0.2250452699433407,-0.6163174392156634,-0.3889177343784915,0.1120689655172413,0.0299121844127332,0.4738955823293173,0.1772696736758874,0.4745351966240596,-0.071578947368421,-2.004880585992917,0.4073383838470725,0.1684567240865274,0.0,0.0,0.0,0.0,0.2566909528222034,0.04324131701507774,0.4904418898079104,boxscore-composite-v1.17
2026_04_DAL_HOU,126.93092460699624,12.45092598783218,8.312094414218588,63.58842342958783,0.8981509685409923,3.075694506532985,118.2553973566421,122.5145931503317,12.801413025299038,8.689972761418357,63.40710757321379,1.103952854399926,3.7448479261974152,116.11761514434514,0.1379572307913079,0.018236380424746,0.0,0.0,0.2257751937984496,0.7539918830004202,0.3035143769968051,10.221462595653652,10.904790996314905,30.0,34.0,-105.0,-115.0,-112.0,-108.0,3,2026,4,HOU,DAL,0.0,-4.0,3.0,-155.0,130.0,0.5829926410466066,1.0,-4.0,64.0,3.0,48.5,0.4891657638136511,0.5043297540699688,True,0.3,0.3350706946959242,0.35,0.105,0.3,0.3350706946959242,0.09,-0.043343729216472136,0.017319449200180376,-0.0670103894974857,0.1753683842839239,-0.03425478019515434,0.08964588180838093,0.13365371901066456,0.2273162587728048,0.08477173896468422,0.14417851365272683,2026.0,3.0,2.4366028943374856,12.570201342492124,2.4320104512209335,12.57739912745448,2.4274390581392358,12.577594789154467,2.3986389628573166,12.575561258859146,2.4100238707114183,12.576477514687808,49.05960050135857,13.136213789430954,48.78893167301855,13.13628938349329,48.8208353077545,13.13754039977192,48.694847231659196,13.138483275695334,48.726103875485485,13.139421961486239,2.4366028943374856,12.570201342492124,49.05960050135857,13.136213789430954,-0.05633971056625144,0.4059600501358567,0.9968663902423957,-0.5678039286280487,-0.384162432044941,-3.28214824240883,-0.1041688299863845,-0.4091103431130019,-4.487826684061368,-1.1290447168058009,-0.7554370591876927,-0.7439676025335769,-5.450801853238929,0.1150660004405804,1.1373703642304718,-5.534033426911513,0.0690691754152776,0.018236380424746,0.0,0.0,-0.0222868217054263,0.6247143164604962,-0.3035143769968051,-0.9831314658748962,-2.0307619870668674,-0.3329186540742582,0.0,0.0,0.0,0.0,0.4059600501358567,-0.13515167349914778,0.5510172114625613,boxscore-composite-v1.17
2026_04_DEN_SF,121.30908482558158,13.280246759885271,8.526794782691695,65.73094554339717,0.7897258675649815,4.457791914341961,100.04022244240888,126.2355197618501,11.73190922946382,8.600133823231467,61.26827825385237,0.7244207335144448,3.969567279607529,99.23618138290423,0.2363950785737936,0.0,0.2679166666666667,0.14,0.25,0.2174394221808014,0.0,14.356755966892475,9.112957495683084,24.0,14.0,-105.0,-115.0,-105.0,-115.0,3,2026,4,SF,DEN,1.0,10.0,3.0,-166.0,140.0,0.5996387718242023,1.0,10.0,38.0,3.0,48.5,0.4891657638136511,0.4891657638136511,True,0.3,0.4039602169287443,0.35,0.105,0.3,0.4039602169287443,0.09,-0.043343729216472136,-0.043343729216472136,0.43581717692775246,0.10268953835351764,0.22278368642362537,0.052493465431559715,0.2646927427572632,0.09615876634906712,0.16788507092028318,0.060990041283166575,2026.0,3.0,2.4691476243034334,12.570201342492124,2.4862596473798755,12.57739912745448,2.5028187535564363,12.577594789154467,2.380010762864481,12.575561258859146,2.406676873301174,12.576477514687808,48.97787758660469,13.136213789430954,48.957479469806245,13.13628938349329,48.97160237116405,13.13754039977192,48.997999545118255,13.138483275695334,49.01041999041908,13.139421961486239,2.4691476243034334,12.570201342492124,48.97787758660469,13.136213789430954,-0.05308523756965666,0.3977877586604691,-1.2637800889804185,1.1628416627217124,0.301730645559628,4.971277534980668,0.0174365700117983,-0.0445576715977051,-5.752453361891753,-1.5209762375125209,0.5802386319399098,-0.1995366456588794,1.254876836945396,0.1671629579485212,-0.9715811047150882,0.5167801887933408,0.2328335390450631,0.0,0.2679166666666667,-0.14,0.25,0.0282502329916122,0.0,5.041239807189132,-3.5415166188221967,-3.701446097510433,0.0,0.8504398043003654,0.0,0.0,0.3977877586604691,-1.4723899469312154,0.21085253672200552,boxscore-composite-v1.17
2026_04_DET_CAR,125.12200796557651,12.67405535801731,8.65350228478815,64.03967463201234,1.0375908070315778,3.4308291474922874,101.2226359319122,127.49930062961874,12.267999994798693,9.182507862998714,64.65844727486711,1.1519420349825864,4.755183255074147,97.14912235217014,0.0439844735521095,0.348441926345609,0.1391537544696066,0.1556603773584905,0.0602589641434263,0.0012224938875305,0.5738965476611289,12.615419166185545,12.129307398327336,32.0,26.0,-115.0,-105.0,-105.0,-115.0,3,2026,4,CAR,DET,1.0,6.0,-4.5,185.0,-225.0,0.3363518758085381,1.0,6.0,58.0,-4.5,52.5,0.5108342361863488,0.4891657638136511,True,-0.45,-0.6795942141552421,0.75,-0.3375,0.45,0.6795942141552421,0.2025,0.043343729216471914,-0.043343729216472136,0.2077891634325472,0.28209879006888644,0.10621893371600195,0.14420498253470485,0.020688668477395554,0.2721254788215272,0.013122077086030998,0.1725993876343801,2026.0,3.0,-5.523686369754692,12.570201342492124,-5.507239576154964,12.57739912745448,-5.490652746907476,12.577594789154467,-5.61146785308044,12.575561258859146,-5.587392573196475,12.576477514687808,53.467639452405706,13.136213789430954,53.05888647234512,13.13628938349329,53.11139693651498,13.13754039977192,53.166388983950604,13.138483275695334,53.2043651076027,13.139421961486239,-5.523686369754692,12.570201342492124,53.467639452405706,13.136213789430954,-0.10236863697546923,0.8467639452405706,-2.39496485119691,-0.3482115683271427,-0.1242683270903191,-2.622927460598192,0.136528363795167,0.6823260626396599,5.533047048152959,-1.2819463492154384,-0.3108780820009791,0.3106612897165615,-2.1326313091185725,0.1926118346441286,0.762143238312976,6.498300325408991,0.0308307847492237,0.1010387157695939,0.1391537544696066,0.1556603773584905,0.0602589641434263,0.0012224938875305,0.0773111818074702,-1.7575250609916695,2.392692340248637,-0.0092268558681048,0.0,0.0,0.0,0.0,0.8467639452405706,-0.00781296887704253,0.30863147320934337,boxscore-composite-v1.17
2026_04_GB_TB,122.19040723044576,12.075064957533472,8.348735121277517,60.612032778886864,1.1145364874061905,4.454292268740066,109.28038190975596,122.87566334496788,12.47459482321792,8.291079556158795,62.0285221039234,0.795501804192015,4.048973402706588,116.5883869613622,-0.6166335430969943,0.3108875128998968,0.0693641117399023,0.0,0.0312143541543094,0.2330317110948072,0.1463341346153846,9.766471059353862,12.225972185875715,14.0,17.0,-115.0,-105.0,-115.0,-105.0,3,2026,4,TB,GB,0.0,-3.0,-3.0,130.0,-155.0,0.4170073589533933,1.0,-3.0,31.0,-3.0,38.5,0.5108342361863488,0.5108342361863488,True,-0.3,-0.33507069469592443,-0.65,0.195,0.3,0.33507069469592443,0.09,0.043343729216471914,0.043343729216471914,0.2026528388770008,0.06993878582442273,0.10359331595761215,0.03575173571586936,0.11722331348163548,0.1048168988587391,0.0743505246587836,0.06648158281650016,2026.0,3.0,-1.7587272786291166,12.570201342492124,-1.7445243349209214,12.57739912745448,-1.730102772949696,12.577594789154467,-1.8591674642012153,12.575561258859146,-1.831458838311993,12.576477514687808,38.976294615245294,13.136213789430954,38.56345762743312,13.13628938349329,38.58686445729261,13.13754039977192,38.521303625262654,13.138483275695334,38.538200896895695,13.139421961486239,-1.7587272786291166,12.570201342492124,38.976294615245294,13.136213789430954,0.12412727213708834,-0.6023705384754706,1.697629680813641,-0.575855349174784,0.1814700681935432,-1.3751423561878229,0.1117258851406054,0.7485152441632661,-8.539413152150573,-3.955618469655079,0.2190760632879707,-0.2848941808002561,-1.419624583579299,0.0568872313816027,0.221923439160437,-2.581417067736915,-0.7329827096797255,-0.3108875128998968,-0.0374067215934309,0.0,0.0114123739562896,0.0048993233879514,0.1463341346153846,-0.998841761468464,-1.3096561506168296,-0.3534031780666806,0.0,0.0,0.0,0.0,-0.6023705384754706,0.21287966267096903,0.4228537131140545,boxscore-composite-v1.17
2026_04_IND_WAS,123.32227112203104,11.975165399011,8.507297630191804,62.96277239227442,1.206855143527055,4.519811974768496,95.48232027603817,125.93492145964169,13.48857908592418,8.710831008448439,65.58928825967784,0.7655086179825955,3.5308037412617725,106.87402111474638,0.4016606726450504,0.1308056872037914,0.1571075332198802,0.4615384615384615,0.0425531914893617,0.1330472103004291,0.1394409937888198,9.540269668453147,13.042719822539608,13.0,30.0,-102.0,-118.0,-108.0,-112.0,3,2026,4,WAS,IND,0.0,-17.0,-4.5,190.0,-230.0,0.3309929789368104,0.0,-17.0,43.0,-4.5,46.5,0.4826358742837298,0.4956702459300312,True,-0.45,-0.7036973914550979,0.15,-0.0675,0.45,0.7036973914550979,0.2025,-0.06948444579350956,-0.017319449200180376,0.07589689612397617,0.391539653426118,0.03879743893025444,0.2001496315179875,-0.06184489179054196,0.3877654032307086,-0.03922598684102937,0.2459456256476204,2026.0,3.0,-5.914148625640262,12.570201342492124,-5.9037689393005035,12.57739912745448,-5.89296189151054,12.577594789154467,-5.964180932662606,12.575561258859146,-5.952140904833141,12.576477514687808,47.48052065697488,13.136213789430954,46.41006301504568,13.13628938349329,46.50126164374125,13.13754039977192,46.57256402257491,13.138483275695334,46.63060574076334,13.139421961486239,-5.914148625640262,12.570201342492124,47.48052065697488,13.136213789430954,-0.14141486256402622,0.2480520656974882,0.2938489078020936,-0.1265137892559646,0.2077562715853735,-0.142840948214463,-0.1729052693696415,-0.9405485851807396,4.2943391823873895,-2.1624348482695552,0.1415417250735728,0.1737056116788853,0.2496527867111524,-0.071229906354527,0.3199256792776952,-1.7724088479865117,0.0106308860197241,0.1308056872037914,-0.0597359681063796,0.4615384615384615,-0.0425531914893617,0.1330472103004291,0.1394409937888198,-2.219869481728843,1.934206915420443,-0.572083832794511,0.0,0.0,0.0,0.0,0.0,-0.1419065764768149,0.28911075418576304,boxscore-composite-v1.17
2026_04_JAX_CIN,123.4859769969016,12.628368114599692,8.309653632056005,65.70735055578581,0.876915386207598,4.13594710128185,95.101745461018,121.79788898308094,12.503046670733823,8.793952442879856,62.34707530932458,1.2507504159425102,5.070474059545033,105.64075848195505,0.1630543310196452,0.0498348017621145,0.1279887482419128,0.0,0.0137965951522055,0.0,0.2534020575443292,18.82071112491527,8.100406104613084,17.0,22.0,-118.0,-102.0,-110.0,-110.0,3,2026,4,CIN,JAX,0.0,-5.0,2.5,-148.0,124.0,0.5720596355604638,1.0,-5.0,39.0,2.5,51.5,0.5173641257162701,0.5,True,0.25,0.2902593934660812,0.65,0.1625,0.25,0.2902593934660812,0.0625,0.06948444579350911,0.0,-0.49719567179034285,0.008797419427571906,-0.2541595203203427,0.004497118596622443,-0.5014483158384102,0.1428709819426799,-0.31805060157841447,0.09061791678169892,2026.0,3.0,2.841133613969821,12.570201342492124,2.8186953582204253,12.57739912745448,2.796779492794448,12.577594789154467,3.0600793390205236,12.575561258859146,2.995460029738015,12.576477514687808,51.96471054287467,13.136213789430954,52.39707308183684,13.13628938349329,52.38124814044901,13.13754039977192,51.979995744990426,13.138483275695334,51.997163572022664,13.139421961486239,2.841133613969821,12.570201342492124,51.96471054287467,13.136213789430954,0.03411336139698209,0.696471054287467,0.844978169298571,-0.2287238587584408,0.1440896573572105,-1.215512819670714,0.1828431920701004,-0.270305507566621,-1.581323888920359,1.1848016325469215,0.1203517472294333,0.7394054653591668,1.3860575136643585,0.1961934218025858,-1.3246257859538175,-5.44699876483773,0.150691819622323,0.0498348017621145,0.1279887482419128,0.0,0.0006961584709828,0.0,0.1636061391769822,-4.761101770035622,1.9778999654398937,-0.3692864345654286,0.0,0.0,0.0,0.0,0.696471054287467,-0.25719731241584376,0.5043657677306792,boxscore-composite-v1.17
2026_04_KC_LV,122.28053814477131,11.942011087869934,8.170653992904414,60.48465728654616,0.6778426043448345,4.992104001955362,99.67738009429226,123.29830235390396,11.808523480757833,8.269461981338477,60.49398835117256,1.2524214433310696,4.801635121050247,101.3021328874974,0.4818273191271975,0.1936758893280632,0.1063515509601181,0.0,0.1318977119784656,0.0,0.0,10.48523380832212,10.626264800980543,27.0,30.0,100.0,-120.0,-105.0,-115.0,3,2026,4,LV,KC,0.0,-3.0,-4.5,185.0,-225.0,0.3363518758085381,1.0,-3.0,57.0,-4.5,47.5,0.4782608695652174,0.4891657638136511,True,-0.45,-0.6795942141552421,0.25,-0.1125,0.45,0.6795942141552421,0.2025,-0.08701137698962971,-0.043343729216472136,0.22385248988279743,0.008025307717018825,0.11443028304380995,0.004102425816451499,0.007456561006656615,-0.09971361397624032,0.004729428016740034,-0.0632447530662776,2026.0,3.0,-6.253335950060406,12.570201342492124,-6.236706600132347,12.57739912745448,-6.219837119917302,12.577594789154467,-6.330753239611495,12.575561258859146,-6.31052665116598,12.576477514687808,48.38836745453752,13.136213789430954,48.648859095258096,13.13628938349329,48.64102658257014,13.13754039977192,48.9521778817641,13.138483275695334,48.93590437967739,13.139421961486239,-6.253335950060406,12.570201342492124,48.38836745453752,13.136213789430954,-0.17533359500604062,0.3388367454537523,-2.184903422715152,-0.5135391372993272,-0.6558769964624491,-1.908269839962088,0.1031572156869606,0.7078194031925618,-9.679152199561608,1.7009494517470785,0.0164022926662807,0.1621105846504251,1.1433666290654791,0.3495150566821769,0.0322235361466045,-2.551843739530973,-0.0242630651228585,0.1936758893280632,0.1063515509601181,0.0,-0.1318977119784656,0.0,0.0,-2.421635238646484,3.762882439219796,0.6235644637260729,0.0,0.0,0.0,0.0,0.3388367454537523,0.2112865534695569,0.41471635983663974,boxscore-composite-v1.17
2026_04_LAC_SEA,123.14494482895184,12.859393510633591,8.468994939375335,62.80391852663277,1.110144038399087,5.307460270205242,98.72756201790553,122.30031240079026,11.507261448621456,7.942857835094085,58.01734988188939,0.919202288319111,6.064198086655372,107.00318798179045,0.2775135252401917,0.1614376893902046,0.2426362297496318,0.2701612903225806,0.146726862302483,0.0006702412868632,0.0878243512974051,12.626029123245754,10.431877147633903,30.0,23.0,-108.0,-112.0,-118.0,-102.0,3,2026,4,SEA,LAC,1.0,7.0,7.0,-345.0,275.0,0.7440690150970525,1.0,7.0,53.0,7.0,42.5,0.4956702459300312,0.5173641257162701,True,0.7,1.0672259748474389,-0.25,-0.175,0.7,1.0672259748474389,0.48999999999999994,-0.017319449200180376,0.06948444579350911,0.5476684629343149,-0.14560860394447941,0.27996050997938005,-0.07443309552511365,0.5485240639111101,-0.1208606624926779,0.3479090526318246,-0.07665756409749115,2026.0,3.0,7.791291747117736,12.570201342492124,7.808285162502852,12.57739912745448,7.824149604180922,12.577594789154467,7.634877618806737,12.575561258859146,7.683807746743,12.576477514687808,44.10574321491955,13.136213789430954,44.644705243478036,13.13628938349329,44.60629528014909,13.13754039977192,44.53168908101161,13.138483275695334,44.51372975410185,13.139421961486239,7.791291747117736,12.570201342492124,44.10574321491955,13.136213789430954,0.07912917471177358,-0.08942567850804509,-1.0638198468480482,1.0476320295156205,-0.1160663030190072,2.6297582297492674,0.1104644034282897,-0.3142973624362009,2.352322462214694,0.1283573548610306,-0.9135378491911696,-0.2023645506539138,-2.044619933937483,-0.2153225762702973,-0.1699585931238632,-5.924786309535243,0.0451150970046203,-0.0552805768636653,-0.2426362297496318,0.2701612903225806,-0.146726862302483,0.0006702412868632,-0.0878243512974051,3.0815760235089984,-2.530741064626317,-0.940725090076448,0.0,0.0,0.0,0.0,-0.08942567850804509,0.0841249794696282,0.7485235012712201,boxscore-composite-v1.17
2026_04_LA_PHI,124.6226284642674,12.937771352648983,8.975445166707335,62.89121701595418,0.9280528987268434,4.998642155923549,100.33871410546864,123.94327097936332,11.669687409374776,8.485114181899258,60.89323059309344,0.7931767992167091,4.394448329157497,90.55607448563528,0.0881011997800813,0.0607064017660044,0.5978715121347432,0.0382775119617224,0.1491228070175438,0.3528096602633485,0.2837840123112306,15.576525070398104,8.743388289524388,20.0,24.0,100.0,-120.0,-120.0,100.0,3,2026,4,PHI,LA,0.0,-4.0,-3.5,164.0,-198.0,0.3630958183058778,1.0,-4.0,44.0,-3.5,42.5,0.4782608695652174,0.5217391304347826,True,-0.35,-0.5619524613473555,-0.25,0.0875,0.35,0.5619524613473555,0.12249999999999998,-0.08701137698962971,0.08701137698962971,-0.3319263043658529,-0.020764506547669752,-0.1696761156338124,-0.010614527284279678,-0.28938877866683205,-0.009675862180070388,-0.18354887679927553,-0.006137050798577015,2026.0,3.0,-4.428036232642824,12.570201342492124,-4.43669335466423,12.57739912745448,-4.4444864981067065,12.577594789154467,-4.369704923757102,12.575561258859146,-4.389675897104186,12.576477514687808,43.4987459065802,13.136213789430954,43.59442460808964,13.13628938349329,43.58715859494125,13.13754039977192,43.576640466554444,13.138483275695334,43.57406473334081,13.139421961486239,-4.428036232642824,12.570201342492124,43.4987459065802,13.136213789430954,-0.09280362326428238,-0.1501254093419803,-4.099339013896412,-0.7531012560058201,-0.287861977084618,-3.143218774667435,0.0029593278894248,0.2880820599378131,6.512557991458564,1.1319835893421557,0.0833227128358879,-0.1673472249487737,0.3050282031526627,0.0485038475014207,-0.865576716601639,2.883367390352241,0.051161166770183,0.0607064017660044,0.1170102681156044,-0.0382775119617224,-0.1491228070175438,0.1387378039759233,-0.0060710601525375,-2.812099666699342,-0.0282324999096861,1.3995883704560566,0.0,0.0,0.0,0.0,-0.1501254093419803,-0.21011377702499065,0.38870887785406477,boxscore-composite-v1.17
2026_04_MIA_MIN,117.58623361539074,11.635678887791643,8.450500095281335,58.35601994479434,0.8909390583306842,5.5881921723236765,99.8182229088963,122.10945694957876,12.52453052575952,8.212853638644582,61.01345250900209,1.0418098308454726,5.207842151854813,107.6388598470973,-0.0107260496111232,0.0,0.4779671579059021,0.5336110445505318,0.0492753623188405,0.0,0.0060430216764761,10.13149129873806,13.79893474428967,15.0,10.0,-105.0,-115.0,-108.0,-112.0,3,2026,4,MIN,MIA,1.0,5.0,10.0,-535.0,400.0,0.8081570996978852,1.0,5.0,25.0,10.0,38.5,0.4891657638136511,0.4956702459300312,True,1.0,1.438079660437415,-0.65,-0.65,1.0,1.438079660437415,1.0,-0.043343729216472136,-0.017319449200180376,0.6856868905151868,-0.2719651908090438,0.35051361279101184,-0.13902482737018795,0.5607748027554091,-0.21681060040648314,0.3556792549361133,-0.13751515302741638,2026.0,3.0,10.992707901303284,12.570201342492124,11.01228545713624,12.57739912745448,11.030189716032847,12.577594789154467,10.862396692951709,12.575561258859146,10.905427146024179,12.576477514687808,39.992474672844835,13.136213789430954,40.779642179423575,13.13628938349329,40.71766975464779,13.13754039977192,40.526591474928544,13.138483275695334,40.49834840829418,13.139421961486239,10.992707901303284,12.570201342492124,39.992474672844835,13.136213789430954,0.09927079013032838,-0.5007525327155165,-0.6451966146595467,-0.5053374676356528,-0.1372141810629417,-0.7761726447098702,-0.1335828866716877,0.2699171909988562,-2.864436413703139,3.092665135508028,-1.3175696630336882,-0.2789159456346537,-5.18112514505539,0.244366835220592,0.1717230030683132,7.600865191332119,-0.3703098454696532,0.0,0.1835948635336077,-0.2781044366210163,-0.0492753623188405,0.0,-0.0018413410042072,3.3037653261543,-5.561283669075892,-2.0382121213178506,0.0,0.0,0.0,0.0,-0.5007525327155165,1.0206398819613791,0.7136305722637697,boxscore-composite-v1.17
2026_04_NE_BUF,123.85116381417788,13.479112264173269,9.130619601365932,66.18121649628205,1.168679087088116,5.287991770661868,104.05655596853563,120.65041335966,11.590782660789984,8.797495346319335,62.25486148627246,0.9675566566392988,4.160494584102263,106.04927659093671,0.1290388588727893,0.2006820566631689,0.061434659090909,0.0695016203906455,0.2259615384615384,0.1050420168067226,0.3089751795747102,16.973551484192953,9.34959271558894,26.0,29.0,-110.0,-110.0,-108.0,-112.0,3,2026,4,BUF,NE,0.0,-3.0,7.0,-345.0,275.0,0.7440690150970525,1.0,-3.0,55.0,7.0,49.5,0.5,0.4956702459300312,True,0.7,1.0672259748474389,0.45,0.315,0.7,1.0672259748474389,0.48999999999999994,0.0,-0.017319449200180376,0.13018951147395855,-0.039207011247610855,0.06655106965797151,-0.020042079481514506,0.0013454291052746204,0.06074470049124718,0.0008533572110980825,0.03852817513533646,2026.0,3.0,7.384012094593426,12.570201342492124,7.382749849381591,12.57739912745448,7.380974820558586,12.577594789154467,7.459672231279856,12.575561258859146,7.439173015699477,12.576477514687808,50.965767560376754,13.136213789430954,51.499926643328415,13.13628938349329,51.47643193844813,13.13754039977192,51.16888793106834,13.138483275695334,51.176663743717846,13.139421961486239,7.384012094593426,12.570201342492124,50.965767560376754,13.136213789430954,0.038401209459342577,0.5965767560376755,1.4179441104250898,0.027800848334107,0.4343705050167896,3.2058328967261858,0.1380219274537347,-1.004928269148326,5.628122118714636,1.0288667586123168,0.280887976543636,0.1074426198972879,1.7652183149176146,0.0102873020018382,0.0453645187135385,-0.3194910988076742,-0.0116685278489647,-0.2006820566631689,-0.061434659090909,-0.0184812122273802,-0.2259615384615384,-0.1050420168067226,-0.1893046369390512,-0.0085608978142648,-0.7605675002430052,-0.7952804520642871,0.0,0.0355774423635769,0.0,0.0,0.5965767560376755,-0.47444583223268844,0.7228553186450271,boxscore-composite-v1.17
2026_04_NYJ_CHI,126.72042434581051,11.766206976206297,8.815034326568014,60.90770121357254,0.8898208127706688,3.3885453863978494,109.83738249995274,120.6898918058378,12.680836719350816,9.047160308171492,64.20508569098115,1.106855699142968,4.087615879871441,100.22625375779312,-0.3858334608226084,0.3028122226271708,0.2653374233128834,0.5458715596330275,0.1005976095617529,0.0145348837209302,0.1822784810126582,10.98248853271898,13.52883431387718,23.0,12.0,-110.0,-110.0,-110.0,-110.0,3,2026,4,CHI,NYJ,1.0,11.0,3.5,-192.0,160.0,0.6309403437815976,1.0,11.0,35.0,3.5,43.5,0.5,0.5,True,0.35,0.5362530147869362,-0.15,-0.0525,0.35,0.5362530147869362,0.12249999999999998,0.0,0.0,0.47950790794399945,0.02555035671665352,0.24511778116252114,0.013060987405088745,0.5205878447676817,0.1405502043390384,0.33019011525831254,0.08914593115595448,2026.0,3.0,4.0796619328143455,12.570201342492124,4.09809993690706,12.57739912745448,4.1158263217833415,12.577594789154467,3.89008791606439,12.575561258859146,3.9471620179704976,12.576477514687808,44.22810430743635,13.136213789430954,44.222864429099005,13.13628938349329,44.22635260122512,13.13754039977192,43.902729412427156,13.138483275695334,43.923876307992394,13.139421961486239,4.0796619328143455,12.570201342492124,44.22810430743635,13.136213789430954,0.057966193281434555,-0.07718956925636533,3.02639465969466,0.7064737148509188,0.67712339678038,2.356044592086185,-0.0151896998530611,-0.3373396137670987,-6.63185582348909,-1.5547307483305914,0.3194985450800578,0.3800183044026619,-0.7750730177771601,0.1656713076272409,2.216693090774678,-3.7230834300778426,-1.2587872463678735,-0.0424143926090876,-0.2653374233128834,-0.5458715596330275,-0.1005976095617529,-0.0145348837209302,0.1822784810126582,2.9801718503076664,-5.068922013072144,1.853620764089772,0.0,0.0,-0.1246433259968033,0.0,-0.07718956925636533,-0.14308018834474429,0.6195531781138688,boxscore-composite-v1.17
2026_04_PIT_CLE,121.34824862749365,11.228091423161748,8.407478621470045,57.9507026322817,1.0425242810635615,4.271472891005248,103.35385088143698,123.10722651083437,12.080995615372224,8.75310775622119,60.79053870876341,1.0228571879957142,4.696924782524088,102.43888142780916,0.2163472927835101,0.2,0.0627737226277372,0.2676056338028169,0.0368852459016393,0.0,0.0528255528255528,9.042510427496982,13.549941290464057,27.0,24.0,100.0,-120.0,-105.0,-115.0,3,2026,4,CLE,PIT,1.0,3.0,-2.5,124.0,-148.0,0.4279403644395361,1.0,3.0,51.0,-2.5,38.5,0.4782608695652174,0.4891657638136511,True,-0.25,-0.29025939346608165,-0.65,0.1625,0.25,0.29025939346608165,0.0625,-0.08701137698962971,-0.043343729216472136,0.08786931571199692,-0.056036152562687166,0.04491757350143462,-0.028644902729434298,-0.057630715003482304,-0.00814126360738209,-0.03655308632476952,-0.005163710209310443,2026.0,3.0,-2.725881442499689,12.570201342492124,-2.7178541749151517,12.57739912745448,-2.7095084998810166,12.577594789154467,-2.745117817564929,12.575561258859146,-2.7416145038589232,12.576477514687808,38.633293435973265,13.136213789430954,38.64472479532927,13.13628938349329,38.636971982262,13.13754039977192,38.50169957228319,13.138483275695334,38.50268345936944,13.139421961486239,-2.725881442499689,12.570201342492124,38.633293435973265,13.136213789430954,-0.02258814424996891,-0.6366706564026735,-2.0395102988887004,-0.2313362165383843,-0.4031026577188914,-1.8160631060312264,0.0343345139926482,0.7614518181316163,5.062844282490971,1.5013648240142956,-0.5571111133381637,0.1164389800488763,-0.0986363445902185,-0.3441930627717413,-0.5971497628520153,-1.9284607386991155,0.155253392230799,0.2,0.0627737226277372,-0.2676056338028169,-0.0368852459016393,0.0,-0.0528255528255528,-1.524035853830931,2.9881530076693528,-1.4966611948638944,0.0,0.0,0.0,0.0,-0.6366706564026735,0.9528802653464052,0.4340925394359924,boxscore-composite-v1.17
2026_04_TEN_BAL,118.73837325500728,12.236450441705683,9.231154412761516,61.18627727579643,1.083789432506737,3.819129589160424,104.1132165899284,124.1310089832052,12.70366431861321,8.20245331283752,62.39694912140614,0.8979013040417287,3.600308573897696,101.7446465907812,0.2508045197827728,0.418309167559261,0.0797730307076101,0.109090909090909,0.0,0.1664374140302613,0.0533505154639175,11.249792354374003,14.21487486571468,24.0,18.0,-110.0,-110.0,-105.0,-115.0,3,2026,4,BAL,TEN,1.0,6.0,11.5,-800.0,550.0,0.8524590163934427,1.0,6.0,42.0,11.5,42.5,0.5,0.4891657638136511,True,1.15,1.7540191412452084,-0.25,-0.2875,1.15,1.7540191412452084,1.3224999999999998,0.0,-0.043343729216472136,0.17021862479683245,0.08477768323166128,0.08701339629962489,0.04333717392679746,0.26063411665436875,0.15410327072327404,0.16531083059912632,0.09774215290122283,2026.0,3.0,12.879843073385041,12.570201342492124,12.874769543926206,12.57739912745448,12.868546753492984,12.577594789154467,12.900393914325422,12.575561258859146,12.899123647286984,12.576477514687808,44.16241637370485,13.136213789430954,43.971470522146525,13.13628938349329,43.993204811441394,13.13754039977192,43.80133756970029,13.138483275695334,43.82896637387807,13.139421961486239,12.879843073385041,12.570201342492124,44.16241637370485,13.136213789430954,0.13798430733850414,-0.08375836262951494,1.1751077197982769,1.4869983415997616,0.6789438661379466,4.646930010924677,-0.0582056098158908,0.3730338998917542,1.129520787418386,1.4876952709042897,-0.3450905332510254,0.0998977989184366,-0.2229767000567371,0.2090461794581323,-0.0551075638558413,-2.023506849112337,0.1952354606871802,0.0197761602242977,0.0797730307076101,-0.109090909090909,0.0,0.1664374140302613,-0.0533505154639175,5.436919030142012,-4.424410675182113,1.9821365469791896,0.1133605001568378,0.0,0.0,0.0,-0.08375836262951494,-0.16602051168309753,0.8696900468408056,boxscore-composite-v1.17
2026_05_BAL_ATL,121.94227654744628,13.366117272015876,9.548372954851072,64.45652414315835,0.9761137204778588,4.914176665049451,116.53989329326932,125.38735226307406,12.139394790903626,8.128854366676633,61.65514926877844,1.049771550678608,3.732042257733098,96.918421077084,-0.7551257982829549,0.1899620624620942,0.1741293532338308,0.0,0.0516467065868263,0.3386555780883873,0.0859936175510646,16.284102036255188,10.912614441539064,,,-122.0,102.0,-110.0,-110.0,4,2026,5,ATL,BAL,,,3.0,-180.0,150.0,0.6164383561643836,1.0,,,3.0,43.5,0.5260865852617197,0.5,True,0.3,0.47445797959511593,-0.15,-0.045,0.3,0.47445797959511593,0.09,0.10444117427409029,0.0,0.3501389252494464,0.21229160426875682,0.18212073793349653,0.11042103816068916,0.10147603149465587,0.1747062831195771,0.06532349982381555,0.1124642507840109,2026.0,4.0,4.78029352893213,12.50384045501931,4.858935262064158,12.510841728889492,4.870075729507739,12.510964009010392,4.769839355382161,12.509573774314507,4.776461195846607,12.51034366634003,44.180003159482766,13.091862100165791,43.56813326091625,13.092449398343181,43.60453905964973,13.093596096180478,43.74024521937329,13.09352940527438,43.758420160918035,13.094440834527418,4.78029352893213,12.50384045501931,44.180003159482766,13.091862100165791,0.17802935289321303,-0.08199968405172342,1.7054925742145954,-0.6594772170394707,-0.1087117402728576,-0.9496045187234224,0.0431123433630123,1.0993349666942571,-2.71514218373666,0.6561274542506581,-0.2879892336254972,-0.0231812706156375,-1.371123722746212,-0.1330103994471573,-0.071961801019736,0.1586950939739253,1.7898253063159446,-0.1082424652506302,-0.1741293532338308,0.0,0.0516467065868263,0.088137979744702,0.0171930288829262,-1.45084482880588,2.2832055608838315,1.0719102543894,0.0,0.0,0.0,0.0,-0.08199968405172342,-0.08789630219173326,0.7004605133025276,boxscore-composite-v1.17
2026_05_BUF_LA,127.28027296726192,13.50564262297111,9.343670209846069,67.52620674767584,1.1016374659787405,4.775877530450453,104.51796394665767,123.09335365476484,11.558146553233248,8.68676726603779,61.87201206906773,0.877196356444254,4.59365596567052,96.14572041097132,0.067202302270064,0.0,0.14419795221843,0.0273972602739726,0.0,0.0462427745664739,0.0094066570188133,16.38180391239859,9.164479646123088,,,-120.0,100.0,-118.0,-102.0,4,2026,5,LA,BUF,,,3.0,-175.0,145.0,0.6092362344582594,1.0,,,3.0,54.5,0.5217391304347826,0.5173641257162701,True,0.3,0.4441029008135785,0.95,0.285,0.3,0.4441029008135785,0.09,0.08701137698962971,0.06948444579350911,0.009758856088015227,0.1838547836859678,0.005075956838760354,0.09562995274986147,0.026662231564695105,0.2187136336682129,0.017163366100009663,0.14079324742950733,2026.0,4.0,3.297900118172933,12.50384045501931,3.292613188678506,12.510841728889492,3.2916685587409638,12.510964009010392,3.3013548577611145,12.509573774314507,3.2992872025982645,12.51034366634003,55.59997867702148,13.091862100165791,55.59896944601984,13.092449398343181,55.610726427616534,13.093596096180478,55.54057518959544,13.09352940527438,55.55798052343272,13.094440834527418,3.297900118172933,12.50384045501931,55.59997867702148,13.091862100165791,0.029790011817293304,1.0599978677021482,3.569449163916154,-0.0688554098325022,-0.1654640533094795,-1.439196590597831,-0.2572091590357668,0.3160958543239056,-0.845654271220944,-0.8366129508005429,-0.514590715450848,-0.1245950128594799,-2.854225368645224,-0.1917925107123614,0.2577592319077824,-5.553951742381479,-0.0389375184645279,0.0,0.14419795221843,0.0273972602739726,0.0,0.0462427745664739,-0.0094066570188133,0.5383694541676753,0.3475695386539605,1.565487543737736,0.0,-0.2014260775163762,0.0,0.0,1.0599978677021482,1.6594134582762736,0.6448274846855542,boxscore-composite-v1.17
2026_05_CHI_GB,126.784406390607,12.679064749639732,8.699018051422996,62.95794964636542,1.0345053912901545,3.6599826687974897,109.20956277789011,120.36052759020768,12.432765620137982,8.987273478781232,62.86516462129421,0.9153616982926992,5.329329043618612,106.49462593598938,-0.0110998247882907,0.3289947004012296,0.0406746031746031,0.8113899034372343,0.0217297762478485,0.4127272727272727,0.0,13.301625330223368,9.693540061862167,,,-105.0,-115.0,-112.0,-108.0,4,2026,5,GB,CHI,,,-1.5,105.0,-125.0,0.4675324675324675,1.0,,,-1.5,46.5,0.4891657638136511,0.5043297540699688,True,-0.15,-0.13005312824819784,0.15,-0.0225,0.15,0.13005312824819784,0.0225,-0.043343729216472136,0.017319449200180376,-0.8274286873619754,-0.040840980136136254,-0.4303775223573078,-0.021242966445451407,-0.6546591505692613,0.046072442715204054,-0.4214258902026784,0.0296583652243819,2026.0,4.0,-2.2768809749624372,12.50384045501931,-2.4669048000870557,12.510841728889492,-2.494247880752214,12.510964009010392,-2.1727843345084805,12.509573774314507,-2.2371176826687686,12.51034366634003,46.77900254787574,13.091862100165791,47.11239876119157,13.092449398343181,47.09623232546659,13.093596096180478,46.85036631237178,13.09352940527438,46.85248476357666,13.094440834527418,-2.2768809749624372,12.50384045501931,46.77900254787574,13.091862100165791,-0.07768809749624372,0.17790025478757415,-7.105420049521882,-0.0005870349273031,-0.6337986278777583,-1.5693772516409972,0.056489314611196,0.3095985455446179,9.912862377616356,5.973672280775986,-0.4406209860226484,-0.3632211006948882,0.4510898897274877,-0.2352977657361869,-0.6320011336797098,4.736351020056766,0.1313204089767676,0.1457885935310005,0.0406746031746031,-0.0050657927652974,0.0217297762478485,0.4127272727272727,0.0,-2.032316899496564,2.23689235676901,0.9034076051453204,0.0,0.0,0.0,0.0,0.17790025478757415,0.16071644313238467,0.500465187237387,boxscore-composite-v1.17
2026_05_CIN_MIA,120.19583713867408,12.31600676134291,8.521812878679226,61.81361669571864,1.0366273125923815,4.677745132747603,104.14645589194608,121.55035587632744,13.11858995045981,8.90898809932524,64.43799373007843,1.018153998292474,4.008567320635708,110.10645936899547,0.2710392268283383,0.0,0.2945107325798846,0.3472696245733788,0.1031031031031031,0.0036115569823434,0.162520536067154,9.205148676317856,14.843390240790916,,,-112.0,-108.0,-112.0,-108.0,4,2026,5,MIA,CIN,,,-7.0,280.0,-355.0,0.2522172949002217,1.0,,,-7.0,43.5,0.5043297540699688,0.5043297540699688,True,-0.7,-1.0868214372568055,-0.15,0.105,0.7,1.0868214372568055,0.48999999999999994,0.017319449200180376,0.017319449200180376,-0.18993435326485456,-0.1531248295080139,-0.09879217099576511,-0.07964612025376183,-0.14275846752422675,-0.0024950928668035057,-0.09189837827524937,-0.0016061743452553735,2026.0,4.0,-7.141490440780504,12.50384045501931,-7.128789552516744,12.510841728889492,-7.124743965903906,12.510964009010392,-7.162798159903758,12.509573774314507,-7.150300899432977,12.51034366634003,44.95993034675064,13.091862100165791,45.55556264885652,13.092449398343181,45.524958763493345,13.093596096180478,45.08472847294369,13.09352940527438,45.085560544915445,13.094440834527418,-7.141490440780504,12.50384045501931,44.95993034675064,13.091862100165791,-0.014149044078050376,-0.004006965324936118,-5.715209517124656,-0.3859512232579938,0.3663008185404841,-3.493180803742767,0.073503978682005,0.3338667522281908,-0.6809033374314026,-0.1451978185761291,0.2945201273018547,-0.4704812782126488,0.5156971026126875,-0.2862381305885944,0.4756306555631455,-3.629963674690117,-0.0865748822789731,0.0,-0.049612773396211,0.3472696245733788,0.1031031031031031,0.0036115569823434,-0.1571966673892481,-3.1871256290072,3.823484411598362,-0.7586925739280272,0.0,0.0,0.0,0.0,-0.004006965324936118,0.0030400548360161378,0.2562873679981663,boxscore-composite-v1.17
2026_05_CLE_NYJ,119.14345482370176,11.240977188284898,8.10721485417568,57.675164020412616,0.9914941995867156,4.349867455857507,116.8761592795125,126.09330772238728,12.092904295011683,8.782523880159358,64.04572436540515,0.8319499038554425,3.5390521346097854,100.30644670713102,0.7017855518453411,0.1495405179615705,0.1703383162863886,0.476,0.3772359188887518,0.0095419847328244,0.0,8.086548055136864,17.621327942186348,,,-110.0,-110.0,-112.0,-108.0,4,2026,5,NYJ,CLE,,,2.5,-135.0,114.0,0.551441114716549,1.0,,,2.5,39.5,0.5,0.5043297540699688,True,0.25,0.20649509332803076,-0.55,-0.1375,0.25,0.20649509332803076,0.0625,0.0,0.017319449200180376,-0.29100579724321995,0.031566942319381286,-0.1513633209992395,0.0164191822586253,-0.24530705352181686,0.08547086470613104,-0.15791231714020096,0.05502044111634726,2026.0,4.0,3.3366013314724716,12.50384045501931,3.2607271313249644,12.510841728889492,3.249405262471818,12.510964009010392,3.3829950246298743,12.509573774314507,3.3544602651604367,12.51034366634003,39.78661648165206,13.091862100165791,39.55433683974842,13.092449398343181,39.56373551170544,13.093596096180478,39.41534782869835,13.09352940527438,39.424760502615385,13.094440834527418,3.3366013314724716,12.50384045501931,39.78661648165206,13.091862100165791,0.08366013314724716,-0.5213383518347939,-0.738369054114969,-0.1494800882326368,0.0582787089313008,0.2814924292940119,-0.1647672924473902,-0.7620075680710199,2.4803991417822857,1.1840109324427883,0.4970205799660991,-0.1300145013817513,2.0002924282065173,0.2047268698236335,-1.206979715727608,-0.3541446001608364,0.0844680802336936,0.1495405179615705,0.0735641227380015,0.476,-0.1043138966094031,0.0095419847328244,0.0,-1.0332295095471156,1.7980322332785637,1.910565623761476,0.0,0.0,0.0,0.0041905773300123,-0.5213383518347939,-0.996051133364023,0.5360919935172069,boxscore-composite-v1.17
2026_05_DEN_LAC,124.19206861438563,11.726172530171567,8.41170376323516,59.958644628075135,1.0770559626851777,5.104876907105717,107.75454924553988,124.77759150994152,11.902837698433444,8.439610540744773,60.25937132305512,0.7746186847664267,5.45455577139105,110.24056700390564,0.0921061720322562,0.5391566265060241,0.5033819532513667,0.104089219330855,0.0,0.0,0.615656979848547,8.845876334149178,14.138629042628327,,,-112.0,-108.0,-115.0,-105.0,4,2026,5,LAC,DEN,,,-3.5,160.0,-192.0,0.3690596562184025,1.0,,,-3.5,41.5,0.5043297540699688,0.5108342361863488,True,-0.35,-0.536253014786936,-0.35,0.12249999999999998,0.35,0.536253014786936,0.12249999999999998,0.017319449200180376,0.043343729216471914,-0.10789991793271705,-0.13364439229655303,-0.05612290225335698,-0.06951359472067271,-0.14866323423224015,-0.13098448608836194,-0.09569947318731145,-0.0843190744443558,2026.0,4.0,-3.0468642267529917,12.50384045501931,-3.038542593123249,12.510841728889492,-3.0359416434347914,12.510964009010392,-3.047285988672363,12.509573774314507,-3.047421861338907,12.51034366634003,42.35179078315874,13.091862100165791,42.76233282353707,13.092449398343181,42.73795327157076,13.093596096180478,42.748378040265735,13.09352940527438,42.73444076834803,13.094440834527418,-3.0468642267529917,12.50384045501931,42.35179078315874,13.091862100165791,0.04531357732470083,-0.2648209216841259,1.0770805832427968,-0.1973164393939699,0.2349083239994369,0.1481602454789161,0.1892449419852968,1.0950148519298466,3.506522882365921,-3.0843644556295047,0.4759242462583142,-0.2595156791131137,0.0413750571959035,0.2544043697818927,0.9077012983226412,19.171561277883548,0.0893881572546106,0.5391566265060241,0.2022154633255978,-0.104089219330855,0.0,0.0,-0.1273301315995197,0.1008936055016045,1.026129895719314,0.8589419732897268,0.0,0.0,0.0,0.0,-0.2648209216841259,-0.2274658050397673,0.4249779064884008,boxscore-composite-v1.17
2026_05_DET_ARI,127.44843752045094,12.194119710402845,8.537821288899645,64.23948436492489,0.7777719950758695,3.515791322133362,106.36841409324276,126.4391159100884,13.232077906629364,8.771270583691184,67.37828944421703,1.0819503229915797,3.991874714853173,94.78948791362384,0.0264354754269167,0.4064345788392398,0.0838709677419354,0.0,0.0930871662610623,0.0,0.5464199200045068,10.403993841167011,14.835902166574137,,,-110.0,-110.0,-115.0,-105.0,4,2026,5,ARI,DET,,,-5.5,200.0,-245.0,0.3194444444444444,1.0,,,-5.5,54.5,0.5,0.5108342361863488,True,-0.55,-0.756326082181477,0.95,-0.5225,0.55,0.756326082181477,0.30250000000000005,0.0,0.043343729216471914,-0.043762382965266286,0.3474041038487145,-0.02276250055227238,0.180698252012336,-0.15072718860496806,0.3285679307509607,-0.09702810933042229,0.21151011574247622,2026.0,4.0,-7.402472952128051,12.50384045501931,-7.370572093180076,12.510841728889492,-7.36493050522319,12.510964009010392,-7.412589244491162,12.509573774314507,-7.406609302292448,12.51034366634003,55.95142273448942,13.091862100165791,55.43731733772887,13.092449398343181,55.47990222602349,13.093596096180478,55.57174791958091,13.09352940527438,55.60207168884389,13.094440834527418,-7.402472952128051,12.50384045501931,55.95142273448942,13.091862100165791,-0.19024729521280506,1.095142273448942,-0.7365980085303434,-1.09123574812142,-0.0955383692942781,-2.6693269393399746,-0.0454750459029399,1.071889172477588,6.9298304219017695,-3.572526423970388,0.4683568184218218,-0.1103104288804344,-0.3697149297531297,0.2073455229926729,0.3965866025050624,1.0385826391888813,0.0144908718490981,0.2214063302516692,0.0838709677419354,0.0,0.0265300586193203,0.0,2.81674271872534e-05,-2.7986544107288585,3.939100203685516,-2.875911801597856,-0.1434997514513097,0.0,0.0,0.0,1.095142273448942,-3.1495325886405188,0.27881802423084834,boxscore-composite-v1.17
2026_05_HOU_TEN,121.66458239264486,11.785591848301202,8.1092754323063,59.28516086668776,0.971269319597554,3.1208126141278245,109.5517894529685,123.15697668610728,12.815699848665965,7.925812096739441,61.320017156967936,0.8698511725131174,3.828337087236572,113.48014868654847,0.1681058669063704,0.2215646365280847,0.0557095343680709,0.0,0.0511882998171846,0.0994152046783625,0.2164530712123097,7.523467176689921,13.994941006311148,,,-110.0,-110.0,-105.0,-115.0,4,2026,5,TEN,HOU,,,-7.0,280.0,-355.0,0.2522172949002217,1.0,,,-7.0,38.5,0.5,0.4891657638136511,True,-0.7,-1.0868214372568055,-0.65,0.45499999999999996,0.7,1.0868214372568055,0.48999999999999994,0.0,-0.043343729216472136,0.12465544842188561,0.06213455237686083,0.0648380988713297,0.03231857332622941,-0.1665122040745084,0.08717590844356726,-0.10718944930455945,0.05611803453463028,2026.0,4.0,-6.5328802870218885,12.50384045501931,-6.441309383633513,12.510841728889492,-6.425196474314796,12.510964009010392,-6.54900845396358,12.509573774314507,-6.539855317562047,12.51034366634003,39.671254526493975,13.091862100165791,39.33656364683896,13.092449398343181,39.35478193000339,13.093596096180478,39.28920477254964,13.09352940527438,39.3023936979856,13.094440834527418,-6.5328802870218885,12.50384045501931,39.671254526493975,13.091862100165791,0.04671197129781115,-0.5328745473506025,-4.033498401013112,-0.7799234566884268,0.2532576670970048,-1.1709927828068452,0.2424038844529162,0.6156285625444475,-9.916415319050325,-0.5140920000589801,0.5903305233135736,0.1303852423883915,1.262263297789655,-0.2336456940675159,-0.4574421802254669,4.475174388931556,-0.1070486207930061,0.0649028502908958,0.0557095343680709,0.0,-0.0511882998171846,-0.0994152046783625,0.205926755422836,-2.3999449707910374,5.4610234159668485,0.3247509642232515,0.0,0.0,0.0,0.0,-0.5328745473506025,-0.17305152306213684,0.25227082297995435,boxscore-composite-v1.17
2026_05_IND_PIT,123.85294786968524,11.595996176306729,8.596802987504452,61.61372718694496,1.170455984104147,4.835267080055852,91.56755920701644,124.67833022626284,12.967647991637971,8.59072216050722,62.29508597930459,1.0892951713136896,4.398715959307632,112.35630438464756,0.1445251653456143,0.0,0.256823746879201,0.0498251748251748,0.3474952484387728,0.3051823416506717,0.247174346132803,11.976267517876453,11.330864113541637,,,-102.0,-118.0,-108.0,-112.0,4,2026,5,PIT,IND,,,3.0,-148.0,124.0,0.5720596355604638,1.0,,,3.0,43.5,0.4826358742837298,0.4956702459300312,True,0.3,0.2902593934660812,-0.15,-0.045,0.3,0.2902593934660812,0.09,-0.06948444579350956,-0.017319449200180376,-0.13032684430056274,0.1826193230999383,-0.06778801025807946,0.09498734212479272,-0.07597100548979926,0.23470279790663162,-0.04890506546848304,0.15108600476271378,2026.0,4.0,2.5654873483968768,12.50384045501931,2.5228931179591183,12.510841728889492,2.5164572019364915,12.510964009010392,2.5862125078593277,12.509573774314507,2.5734505886899015,12.51034366634003,43.91464111627742,13.091862100165791,43.3918237156172,13.092449398343181,43.42261419421591,13.093596096180478,43.28091331979109,13.09352940527438,43.305223382451835,13.094440834527418,2.5654873483968768,12.50384045501931,43.91464111627742,13.091862100165791,-0.04345126516031232,-0.10853588837225772,-0.0197044539616157,-0.0587317523019681,0.26630498405979,-0.3690245345823548,-0.2527858941597711,-0.6347424267783306,7.136819270445216,-2.771799825694032,-0.1392429277805522,0.0128022933426956,-0.7419679827329908,0.3227438483504595,0.9405103746069228,-1.5296827511602302,-0.0878692929075501,0.0,0.0358591799500672,0.0498251748251748,-0.0128495791474341,-0.3051823416506717,0.15988552875549,-1.4163514082027024,0.4713192939184303,-0.5909314606543523,0.0,0.0,0.0,0.0,-0.10853588837225772,0.06413727104923599,0.542487782271221,boxscore-composite-v1.17
2026_05_LV_NE,124.00947594088592,12.621705578821675,8.003120224923952,61.99666280009593,1.0055137434053152,5.774122798098818,91.5489587820373,121.45912133361364,11.794773655516254,8.829415682446932,61.22681061083797,1.2459291798185037,4.3613527469074365,101.57636516376776,0.3329691425295147,0.1637461482794748,0.4291953618341437,0.438417681974383,0.0427272727272727,0.1060526315789473,0.3716333622936577,12.284225765263646,12.22148899216132,,,-108.0,-112.0,-105.0,-115.0,4,2026,5,NE,LV,,,3.5,-192.0,160.0,0.6309403437815976,1.0,,,3.5,45.5,0.4956702459300312,0.4891657638136511,True,0.35,0.5362530147869362,0.05,0.017499999999999998,0.35,0.5362530147869362,0.12249999999999998,-0.017319449200180376,-0.043343729216472136,-0.15785067032071928,-6.074323137243987e-05,-0.08210421203990922,-3.15948936957966e-05,0.14374963466065624,-0.03307403678922187,0.09253642555900954,-0.021290858585530963,2026.0,4.0,3.6023348239925337,12.50384045501931,3.547091463675372,12.510841728889492,3.538539032693962,12.510964009010392,3.589342319025365,12.509573774314507,3.5974520228957316,12.51034366634003,46.20358172324094,13.091862100165791,46.38079508731572,13.092449398343181,46.37477136892024,13.093596096180478,46.48664992115101,13.09352940527438,46.48254639421837,13.094440834527418,3.6023348239925337,12.50384045501931,46.20358172324094,13.091862100165791,0.010233482399253369,0.12035817232409371,0.5850202342492352,0.8289286121661261,0.6325947319563849,1.8209758170453332,0.1100251847900443,0.3679497641426659,3.7152321237718553,-2.726112155917661,-0.1539213977697162,-0.1145216590341684,-0.1800310582403952,-0.1950749656313541,-0.0545372536598165,0.8645778801018409,-0.2144452010283997,0.1470446869016042,-0.0176131488041541,0.1600671665104655,0.0427272727272727,0.1060526315789473,0.3716333622936577,3.930431734217604,-2.4199676571286544,-0.9394885071410776,0.0,0.0,0.0,0.0,0.12035817232409371,-0.11307511963899136,0.5984246240544301,boxscore-composite-v1.17
2026_05_MIN_NO,125.38618616564676,11.518124502117915,8.049799178103553,59.88392156729155,1.1653685702115997,4.475729407470231,101.46978640696916,122.44931336495448,11.600545365058412,8.591568019398121,59.86418591159555,1.16936304253941,4.290296773362798,107.13175681308464,-0.0399457166016823,0.4483703512898276,0.1986720231625913,0.510662177328844,0.0508147512864494,0.4108216432865731,0.0556129856895886,9.878863872548363,13.080236305836875,,,-110.0,-110.0,-112.0,-108.0,4,2026,5,NO,MIN,,,-2.5,120.0,-142.0,0.4365079365079364,1.0,,,-2.5,41.5,0.5,0.5043297540699688,True,-0.25,-0.25534669180884495,-0.35,0.0875,0.25,0.25534669180884495,0.0625,0.0,0.017319449200180376,-0.41794164296268893,-0.03309050002776322,-0.2173875423170283,-0.017211643290877276,-0.35096391292324985,-0.09829825211426169,-0.22592715507617095,-0.0632778574416907,2026.0,4.0,-2.1246182530334705,12.50384045501931,-2.204364919415483,12.510841728889492,-2.2151072227514534,12.510964009010392,-2.0804204514446356,12.509573774314507,-2.1079364179521267,12.51034366634003,41.8915447438067,13.091862100165791,41.96633519976024,13.092449398343181,41.96037738812424,13.093596096180478,42.17263962505462,13.09352940527438,42.161762854458374,13.094440834527418,-2.1246182530334705,12.50384045501931,41.8915447438067,13.091862100165791,0.03753817469665295,-0.3108455256193302,5.810618275603346,0.4314517101029089,-0.2323772314716543,2.375029020971457,0.4687856129802366,-0.6895194497116264,-2.2882586834959824,1.824651198410656,0.5144634198824614,0.308457787804544,4.52130876921759,-0.1713932252091078,-0.7930733588592132,-7.401713696529569,0.1645001431172303,-0.2785467066131458,-0.1936927700505581,0.3288439955106621,0.0508147512864494,0.4108216432865731,0.0520287562989076,-3.5656927283193607,5.81949177311804,0.3036007460144126,0.0,0.0,0.0,0.0,-0.3108455256193302,-0.09437293347327086,0.4951360415835322,boxscore-composite-v1.17
2026_05_NYG_WAS,123.6830429944298,11.804796192795788,8.496834491361675,60.92269577390636,0.9495532252327814,4.178267611447602,111.45661609324844,122.71999148918738,12.56791742500783,9.090276329306686,64.67326514577294,0.9014265903238132,4.95041134502641,106.5740413193349,-0.1809554024961546,0.0,0.2665755423913065,0.0,0.4422893107162089,0.2119263328028337,0.1917181076485814,9.532226525215512,14.10710982672083,,,-110.0,-110.0,-115.0,-105.0,4,2026,5,WAS,NYG,,,3.5,-170.0,142.0,0.6037569709421778,1.0,,,3.5,41.5,0.5,0.5108342361863488,True,0.35,0.4211440182204819,-0.35,-0.12249999999999998,0.35,0.4211440182204819,0.12249999999999998,0.0,0.043343729216471914,-0.37955345679924546,0.10346754265038893,-0.19742036846729413,0.05381745319012956,-0.30510758533812893,0.15460474487437884,-0.19640791035595123,0.09952422139305286,2026.0,4.0,4.206497884981728,12.50384045501931,4.099928793841322,12.510841728889492,4.083791254908713,12.510964009010392,4.270496415346127,12.509573774314507,4.231201617515173,12.51034366634003,42.216309511761196,13.091862100165791,41.854559374542916,13.092449398343181,41.87394456989454,13.093596096180478,41.741413287987015,13.09352940527438,41.757623820937674,13.094440834527418,4.206497884981728,12.50384045501931,42.216309511761196,13.091862100165791,0.07064978849817276,-0.2783690488238804,-0.1827175055452343,-0.0155245713893554,0.2401999694939505,-0.1822568697351378,-0.0091779302508509,-0.3799249951575896,-5.3885296074689535,1.8084863184744293,0.4387342219042676,-0.2499096073343212,-0.2900444249950737,-0.0823748470051086,-0.8956680687926131,-9.87969364458369,-0.0739923913399707,0.0,0.1702954548639542,0.0,-0.0868773559504577,-0.019379748951902,0.0674730688220068,-2.011560528305237,2.1208164797782016,0.7223445585508256,0.0,0.0,0.0,0.0,-0.2783690488238804,-0.2010783676868991,0.5777467518494755,boxscore-composite-v1.17
2026_05_PHI_JAX,120.81723034688515,12.292622334676254,8.389535460226627,62.50611783577095,0.745224460160389,4.479237448907691,109.06900321703638,125.134778410212,12.245492352611638,8.066000509246035,62.08947412447348,0.8647229823984304,5.315196195931311,111.82141657126952,0.0404766662576072,0.1993410214168039,0.1939520333680917,0.6285714285714286,0.0,0.0083938294010889,0.3468048943738766,17.976685721301173,6.895160373530905,,,-108.0,-112.0,-112.0,-108.0,4,2026,5,JAX,PHI,,,7.5,-395.0,310.0,0.7659021045164341,1.0,,,7.5,41.5,0.4956702459300312,0.5043297540699688,True,0.75,1.1853149760426938,-0.35,-0.26249999999999996,0.75,1.1853149760426938,0.5625,-0.017319449200180376,0.017319449200180376,0.8873970300814928,-0.14708760040869778,0.46156936662582676,-0.07650592492170122,0.7261995287261092,-0.07933773263603264,0.46747881335202984,-0.051072339817947454,2026.0,4.0,8.362425526990585,12.50384045501931,8.536450472331484,12.510841728889492,8.560431903096992,12.510964009010392,8.26795877767541,12.509573774314507,8.326637970075137,12.51034366634003,42.99937935803166,13.091862100165791,43.48409556609457,13.092449398343181,43.45816986664296,13.093596096180478,43.26809253415271,13.09352940527438,43.26184965983398,13.094440834527418,8.362425526990585,12.50384045501931,42.99937935803166,13.091862100165791,0.08624255269905845,-0.20006206419683395,0.5771529343744746,0.7557431524346718,-0.2075154402331342,4.256978401422998,-0.1044206066568442,-0.3651308497882133,1.5730637223635,-2.500696045507482,0.4575845528990152,-0.271301727730282,0.1782888150561845,0.093815625448049,1.1654016615576386,8.489960527991954,-0.0287587766724808,-0.1993410214168039,-0.1939520333680917,-0.6285714285714286,0.0,-0.0083938294010889,0.1594033195707269,4.945340318641464,-1.4987248398268247,-0.3034507943113252,0.0,0.0,0.0,0.0,-0.20006206419683395,0.060708992292092596,0.7957305310134088,boxscore-composite-v1.17
2026_05_SF_SEA,121.3392033593666,14.049270251436628,8.544415565249729,67.31256880673146,0.922690310337216,4.638251168187564,103.0660156129558,124.35142027747554,11.277262631254072,8.127620830885306,58.90821176315547,0.999269131034462,4.571631223923855,107.16552432929764,0.3275001355025404,0.0401606425702811,0.1636798088410991,0.6011923944569771,0.2604355716878403,0.0019723865877712,0.2178080520904234,18.320260205991712,6.471626755745476,,,-110.0,-110.0,-115.0,-105.0,4,2026,5,SEA,SF,,,3.0,-162.0,136.0,0.593369754159424,1.0,,,3.0,45.5,0.5,0.5108342361863488,True,0.3,0.37791345050880615,0.05,0.015,0.3,0.37791345050880615,0.09,0.0,0.043343729216471914,-0.1786051891059297,0.098824681823714,-0.09289943646097096,0.05140252249005339,0.015351072884453388,0.10828126439952128,0.00988199668525449,0.06970425480520652,2026.0,4.0,3.2287698985749125,12.50384045501931,3.1747731671485306,12.510841728889492,3.166576400535541,12.510964009010392,3.233843756259363,12.509573774314507,3.230779747137488,12.51034366634003,46.23533804484968,13.091862100165791,46.07806193698883,13.092449398343181,46.0896436586185,13.093596096180478,46.0854470616767,13.09352940527438,46.094945208679455,13.094440834527418,3.2287698985749125,12.50384045501931,46.23533804484968,13.091862100165791,0.02287698985749125,0.12353380448496765,0.2739652069971399,-0.3335586733912699,-0.1842498544751665,-2.258772712808629,0.1822076334338466,0.6003297753051005,15.903092864472576,-0.651263786770464,-0.8169209658988148,-0.2074677283690378,-2.467377969480637,0.0063108893056807,1.8564126583400145,8.240959920649154,-0.0730194496807881,0.0401606425702811,-0.1636798088410991,-0.0482328928993447,-0.2604355716878403,0.0019723865877712,-0.2147192490016203,-0.7360435004918564,1.0267078306962607,5.031498797619638,0.0,-1.622528023356212,0.0,0.0,0.12353380448496765,0.6215601887314941,0.9406825253667679,boxscore-composite-v1.17
2026_05_TB_DAL,125.7100821962897,12.19194502195526,8.527425319344768,63.669322197345366,1.011188807954356,4.507720464427042,107.3551122809721,120.10737595369456,13.417217989649105,8.57798023376916,64.13250640331488,0.9295340071224808,3.455031451501879,121.0895355330505,-0.5459402973591727,0.0037593984962406,0.0208243243243243,0.0492957746478873,0.1009463722397476,0.0988495769964301,0.5433131770883098,9.15798617756993,12.292291499853471,16.0,24.0,-108.0,-112.0,-110.0,-110.0,4,2026,5,DAL,TB,0.0,-8.0,9.5,-535.0,400.0,0.8081570996978852,1.0,-8.0,40.0,9.5,49.5,0.4956702459300312,0.5,True,0.95,1.438079660437415,0.45,0.4275,0.95,1.438079660437415,0.9025,-0.017319449200180376,0.0,0.25176308723530894,0.1765775291962864,0.1309516763925756,0.09184477246221869,0.1238984181346369,0.2751749359948392,0.07975753659242393,0.1771392674527678,2026.0,4.0,9.833151151112762,12.50384045501931,9.838926734747236,12.510841728889492,9.838361162188527,12.510964009010392,9.857710707440084,12.509573774314507,9.84294854650083,12.51034366634003,51.25436110244738,13.091862100165791,51.08679398304797,13.092449398343181,51.10741411777638,13.093596096180478,50.83115330304834,13.09352940527438,50.86043685515241,13.094440834527418,9.833151151112762,12.50384045501931,51.25436110244738,13.091862100165791,0.03331511511127623,0.6254361102447383,1.97008656452779,0.8626511755118553,-0.0624928462450951,4.072115204798422,-0.0986925644888571,-1.3893979926993238,12.367487188236304,1.814611250577556,0.7002225489875968,0.6550465456911772,3.972217818544863,-0.0288776896189001,-1.0196193151286388,5.327770988444257,0.6045984212184203,0.0037593984962406,0.0028243243243243,0.0492957746478873,0.1009463722397476,0.0017421389799012,-0.0687086808351874,1.4301137648779618,0.8898873900753692,2.367529497431956,0.0,0.0,0.0,0.0,0.6254361102447383,1.4807384397635226,0.8255221717462133,boxscore-composite-v1.17
2026_06_ARI_LA,128.77904490446775,12.270651097591898,8.811291797802356,63.83287914556471,0.7883584938283315,4.840385592734084,108.5045228528894,122.55992917795962,12.372920313264473,8.612558271940388,63.01768160966149,0.9873457116284527,4.620578175389255,93.22916536830004,0.0345955655407754,0.1967329545454545,0.2280689199603655,0.0273972602739726,0.0,0.0462427745664739,0.1074681238615664,12.262756398502209,14.14352577751835,,,-110.0,-110.0,-105.0,-115.0,5,2026,6,LA,ARI,,,10.5,-650.0,470.0,0.8316498316498315,1.0,,,10.5,51.5,0.5,0.4891657638136511,True,1.05,1.5973653311998304,0.65,0.6825000000000001,1.05,1.5973653311998304,1.1025,0.0,-0.043343729216472136,0.28155977769960155,0.22153638861703548,0.14645008249371655,0.11522960649208809,0.33278133854140957,0.19720835229465047,0.21422242661040314,0.12694958185325755,2026.0,5.0,10.78682980153871,12.513261354566144,10.794026869504915,12.520259158745407,10.793784585614974,12.52037999409411,10.782015738049871,12.519033044227028,10.786446128708924,12.519770551029117,53.157816411450135,13.089371208156425,52.95004442850121,13.089749305298145,52.9761804363479,13.090920048813695,53.06761145567949,13.090515982516521,53.08951335488323,13.091461658455168,10.78682980153871,12.513261354566144,53.157816411450135,13.089371208156425,0.028682980153871006,0.8157816411450135,2.068941309628727,1.1669699217700753,0.3679192132356945,2.25838780050551,0.0560656788850219,0.2521410108538928,-4.812967419853891,-0.3049243910768595,-1.3284862417525254,-0.0493527181930755,-3.9954392987503295,-0.3019460001261803,0.2314576132181853,-2.6181509421114413,-0.0063307817352393,-0.1967329545454545,0.0603269844764945,0.0273972602739726,0.0,0.0462427745664739,-0.1074681238615664,4.657416968064055,-4.631476592741302,0.7138520311153191,0.2250317097484645,0.0,0.0,-0.0337960536840815,0.8157816411450135,0.5823473814779563,0.7721501481904542,boxscore-composite-v1.17
2026_06_BAL_CLE,120.05756800844269,12.709018282411783,8.853981019604582,61.40447165631527,1.044627300344856,4.464051342021943,116.84464356496689,124.81852488230238,12.012498954028136,8.53331321910402,62.54026550032841,0.904998357849167,4.275625197642511,98.72940440279972,0.5812400141405529,0.1420765027322404,0.1522388059701492,0.0,0.0,0.0,0.0,13.427362214872524,12.22635229478151,,,-105.0,-115.0,-110.0,-110.0,5,2026,6,CLE,BAL,,,-3.0,142.0,-170.0,0.3962430290578221,1.0,,,-3.0,41.5,0.4891657638136511,0.5,True,-0.3,-0.42114401822048214,-0.35,0.105,0.3,0.42114401822048214,0.09,-0.043343729216472136,0.0,0.22017634884629014,0.16329868764077787,0.11452219743583825,0.0849379356366121,0.06316976273520097,0.1529052904222945,0.04066447932702894,0.09843022598382994,2026.0,5.0,-3.2436743834777375,12.513261354566144,-3.163192592121343,12.520259158745407,-3.14930603124159,12.52037999409411,-3.266348358038029,12.519033044227028,-3.245812860636611,12.519770551029117,42.07780273125775,13.089371208156425,41.52104773386259,13.089749305298145,41.55235240338207,13.090920048813695,41.58952269879919,13.090515982516521,41.6075653628344,13.091461658455168,-3.2436743834777375,12.513261354566144,42.07780273125775,13.089371208156425,-0.024367438347773752,-0.2922197268742252,-0.1774800477074833,-1.3176513813599309,-0.804011851752036,-4.006279703544649,0.1116300574596296,0.6484707270826806,-2.429637669637877,0.0890359905605322,-0.415747549931436,0.3802408544850717,-0.4904304956224123,-0.2777794580469782,0.4710230442180372,1.950432662090897,0.0360774574710944,-0.1420765027322404,-0.1522388059701492,0.0,0.0,0.0,0.0,-4.307584650188544,3.596943414126277,1.5557448924746398,0.0,-0.0177702293219901,0.0,0.0,-0.2922197268742252,-0.45461934756491007,0.4393981573933401,boxscore-composite-v1.17
2026_06_BUF_LV,123.56590383790969,12.6845623973043,8.440809454355747,64.57503144447227,1.1271634575852691,4.933615134895119,96.6179181956708,124.0558641304668,12.011625385064134,8.87862900233199,63.07098716683936,1.2549923720736167,4.376532292313814,101.22497547610811,0.3267770821462532,0.0,0.076595744680851,0.0,0.0,0.0,0.0094066570188133,12.098614244638476,11.72918337837955,,,-110.0,-110.0,-110.0,-110.0,5,2026,6,LV,BUF,,,-4.5,185.0,-225.0,0.3363518758085381,1.0,,,-4.5,51.5,0.5,0.5,True,-0.45,-0.6795942141552421,0.65,-0.29250000000000004,0.45,0.6795942141552421,0.2025,0.0,0.0,0.28287072665462876,0.24914099823421446,0.14713195752635566,0.12958782693348897,-0.00662660864595741,0.20911506913039474,-0.004265768599154285,0.1346143318800944,2026.0,5.0,-5.808884490635917,12.513261354566144,-5.702655839322487,12.520259158745407,-5.6849158404404365,12.52037999409411,-5.830138258849468,12.519033044227028,-5.810878390659953,12.519770551029117,52.6236982225536,13.089371208156425,52.281828615913476,13.089749305298145,52.31191717550848,13.090920048813695,52.45733121668548,13.090515982516521,52.47731298448673,13.091461658455168,-5.808884490635917,12.513261354566144,52.6236982225536,13.089371208156425,-0.13088844906359168,0.76236982225536,-0.1431840483545343,-0.8909122098139051,-1.069264729645755,-4.394914720273281,-0.2316790331996183,0.4731652029743474,-8.764945779806595,0.1276334419829652,-0.0620164518031156,0.0662785920728437,-1.6597256843906223,0.1860076391466212,0.0400034487594229,-0.4939424348434542,0.2206372614116611,0.0,0.076595744680851,0.0,0.0,0.0,-0.0094066570188133,-3.744820213592436,2.912273270910424,0.8167056014750775,0.0,0.0,0.0,0.0,0.76236982225536,0.6226317042315117,0.3202150174412483,boxscore-composite-v1.17
2026_06_CAR_PHI,122.45600732881478,12.046130501832376,8.591138569205945,60.69204347677304,0.9567793267685294,4.266076486067177,107.74015746582285,127.3357709644049,12.105548059528216,8.824545610169473,62.60413247778406,0.9925218595473676,4.430694807520956,104.91132106574014,0.0697237966104973,0.2446457990115321,0.0729349736379613,0.3717261904761904,0.0,0.0009066183136899,0.2407142857142857,12.458226726928348,10.863956210099117,,,-105.0,-115.0,-115.0,-105.0,5,2026,6,PHI,CAR,,,2.5,-130.0,110.0,0.5427435387673957,1.0,,,2.5,43.5,0.4891657638136511,0.5108342361863488,True,0.25,0.17139248626176454,-0.15,-0.0375,0.25,0.17139248626176454,0.0625,-0.043343729216472136,0.043343729216471914,-0.4537724593917193,0.07998433950754061,-0.23602452969044224,0.04160293496034155,-0.25512993162041026,0.05692109516215767,-0.16423563079655557,0.03664200397896338,2026.0,5.0,2.303002397201973,12.513261354566144,2.188882720404091,12.520259158745407,2.1709194837537664,12.52037999409411,2.3358366854832977,12.519033044227028,2.3060044528586015,12.519770551029117,43.92592997165065,13.089371208156425,43.72248924199475,13.089749305298145,43.7340055245689,13.090920048813695,43.82209349185363,13.090515982516521,43.82678423380313,13.091461658455168,2.303002397201973,12.513261354566144,43.92592997165065,13.089371208156425,-0.019699760279802712,-0.10740700283493468,-2.217665833385638,-0.508307402786909,0.006901557963661,-2.4383847986718656,-0.1071383941809161,0.5789592236178303,-0.2249722135511902,0.2979675742330343,-0.3167495584676025,-0.4863118818218819,-0.6886399735138795,-0.2216186368266062,-0.2802782252797797,-1.5606192648638242,-0.0004883536804092,0.2446457990115321,-0.0729349736379613,0.1425595238095238,0.0,-0.0009066183136899,-0.2407142857142857,0.5731186757313615,-2.470070996741387,-0.1992908855290879,0.0,0.0,0.0,0.0,-0.10740700283493468,0.021405236706999387,0.5446403301797774,boxscore-composite-v1.17
2026_06_CHI_ATL,128.76706186381332,12.694093747043556,9.387119610362296,64.02142747137914,0.9986169360302948,4.682595147744772,106.57997151250196,120.21343159629664,12.363291207698603,8.729182544509133,61.35362658567114,1.0337061734005486,4.811325058113846,99.43694130109404,0.2268314419217381,0.0916030534351145,0.0,0.0,0.0217643530672644,0.0,0.0515933232169954,15.08359971858462,10.326233853758026,,,-110.0,-110.0,-110.0,-110.0,5,2026,6,ATL,CHI,,,-1.5,102.0,-122.0,0.4739134147382802,1.0,,,-1.5,47.5,0.5,0.5,True,-0.15,-0.10444117427409073,0.25,-0.0375,0.15,0.10444117427409073,0.0225,0.0,0.0,-0.14103140459913574,0.055878468020503426,-0.07335586427328458,0.02906454294745242,-0.2986225274174078,0.08435055041442299,-0.19223326267115318,0.05429925750915365,2026.0,5.0,-1.8866923906206086,12.513261354566144,-1.9052396776753648,12.520259158745407,-1.9075961561449502,12.52037999409411,-1.8594543484631552,12.519033044227028,-1.8842248242671578,12.519770551029117,47.72620199328623,13.089371208156425,47.795480878917495,13.089749305298145,47.79553887675144,13.090920048813695,47.7258962314988,13.090515982516521,47.73204316783257,13.091461658455168,-1.8866923906206086,12.513261354566144,47.72620199328623,13.089371208156425,-0.03866923906206086,0.27262019932862314,-5.1210286592339855,0.0135417657920893,0.0534480739630272,-0.5100393376857966,0.0206049935809565,1.3315875313711352,7.264025354629432,5.828312203946524,-0.5110857132606874,-0.6223937382030238,-1.0652618520747836,-0.1169491563987177,-1.1506793523548042,-2.34057937243734,0.8078680661112516,-0.0916030534351145,0.0,0.0,-0.0077922971790409,0.0,0.0515933232169954,-0.2503425111353117,2.869586148664869,0.5750502008485476,0.0,0.0,0.0,0.0,0.27262019932862314,0.15677030037929582,0.5508032177011947,boxscore-composite-v1.17
2026_06_DAL_GB,122.86954612079592,12.951744600656124,8.251613628136884,64.67563344778928,1.049883968721934,3.883874790284203,118.93380959803824,124.50748707403444,13.012074212923116,9.103395123668534,65.88810152897081,0.7532037633682642,3.51263433163488,120.9611661927321,0.0874006038823891,0.1008261559670716,0.0406746031746031,0.0316901408450704,0.0570962479608482,0.4127272727272727,0.0820471161657189,10.924268942015525,13.005150215174789,,,-110.0,-110.0,-118.0,-104.0,5,2026,6,GB,DAL,,,-1.5,108.0,-126.0,0.4630388460908047,1.0,,,-1.5,50.5,0.5,0.5149751839808318,True,-0.15,-0.14811480139241906,0.55,-0.0825,0.15,0.14811480139241906,0.0225,0.0,0.05991865637941943,-0.22114374018807453,0.13374215718114094,-0.1135670851270211,0.0704639842856922,-0.12149535859575573,0.22405617868939381,-0.07654955217784501,0.1459710404612836,2026.0,5.0,-2.319137261848697,12.513261354566144,-2.3562939856377207,12.520259158745407,-2.3608370722463903,12.52037999409411,-2.3139413827759308,12.519033044227028,-2.318714703786136,12.519770551029117,51.003484146329576,13.089371208156425,50.960379342395065,13.089749305298145,50.96418736363173,13.090920048813695,50.715584226046786,13.090515982516521,50.72755847688976,13.091461658455168,-2.319137261848697,12.513261354566144,51.003484146329576,13.089371208156425,-0.0819137261848697,0.6003484146329576,-3.192295696792378,-0.2723581069952283,-0.1853253775142151,-3.28247508399339,0.0411066029497966,0.0863337421892049,0.2078613150669923,1.824976879867684,-1.0189895828962063,-0.4784415195327396,-2.567476150414091,-0.0731439650413717,1.1853501459647702,-9.7109434790872,0.0328199803060877,0.0110729772086572,0.0406746031746031,-0.0316901408450704,-0.0570962479608482,0.4127272727272727,-0.0820471161657189,0.3450394887112811,-1.0747177965436103,2.2226626460193937,0.0,0.0,0.0,0.0,0.6003484146329576,1.3343719958016378,0.5464937502095287,boxscore-composite-v1.17
2026_06_HOU_JAX,123.54449612037726,12.807852882794606,8.02001333998059,63.61410069781098,0.6848305100944712,3.310284367142777,115.0743816133081,123.15083960835383,12.46508175836819,7.796136255909889,61.16721197818842,1.0310136029839363,5.383780091200062,114.67742145603796,0.1434361886422515,0.0,0.0,0.0,0.0511882998171846,0.0994152046783625,0.075941285879455,16.422719093711798,6.96517656202419,,,-118.0,-102.0,-110.0,-110.0,5,2026,6,JAX,HOU,,,3.0,-175.0,145.0,0.6092362344582594,0.0,,,3.0,43.5,0.5173641257162701,0.5,True,0.3,0.4441029008135785,-0.15,-0.045,0.3,0.4441029008135785,0.09,0.06948444579350911,0.0,0.8184882369853395,0.00045214771288506486,0.4257272498436455,0.000235179436467714,0.594000871469569,0.03294111779675263,0.38237813650440355,0.021205294204925448,2026.0,5.0,4.325297437470852,12.513261354566144,4.51456371000614,12.520259158745407,4.543942794978897,12.52037999409411,4.25873709368574,12.519033044227028,4.31922717712107,12.519770551029117,44.1437083356826,13.089371208156425,44.21641799206766,13.089749305298145,44.21349589110805,13.090920048813695,44.130546531530115,13.090515982516521,44.133661732289106,13.091461658455168,4.325297437470852,12.513261354566144,44.1437083356826,13.089371208156425,0.13252974374708523,-0.08562916643174034,-2.1518487561991506,0.2414811021948795,0.1629686861587402,3.15359356001159,-0.0440307908205465,0.8044934026722654,-4.413068916309477,-0.5184931607308698,0.2388466133754274,-0.0003333043225319,1.105038866749812,-0.0724791293670769,1.0973875233494326,5.653201400822248,-0.131718299057125,0.0,0.0,0.0,-0.0511882998171846,-0.0994152046783625,0.0654149700899814,6.499306946230839,-1.5687410283201104,-0.2711211308407023,0.0,0.0,0.0,0.0,-0.0,0.023215876435920144,0.6693619342631859,boxscore-composite-v1.17
2026_06_LAC_KC,124.49020269893832,12.018539594601672,8.980740096886937,61.095794560620654,0.9009339081216928,5.070766668786285,110.67989759485492,123.21891985479488,12.241038544339377,8.040975237781364,60.56676614521531,1.015976479884439,5.498698943843725,114.74846802794002,0.3092868417091292,0.2048192771084337,0.0441334768568353,0.0,0.1168831168831168,0.0,0.0,11.140866198349814,11.230335455868886,,,-110.0,-110.0,-110.0,-110.0,5,2026,6,KC,LAC,,,7.5,-395.0,310.0,0.7659021045164341,1.0,,,7.5,45.5,0.5,0.5,True,0.75,1.1853149760426938,0.05,0.037500000000000006,0.75,1.1853149760426938,0.5625,0.0,0.0,0.3225947210831889,-0.06123516094344343,0.16779393669317183,-0.031850765208556245,0.22879895274582807,-0.15542337024240666,0.14728550308127095,-0.10005119779621416,2026.0,5.0,8.131620869706449,12.513261354566144,8.166280310836608,12.520259158745407,8.170376714023854,12.52037999409411,8.127902619664464,12.519033044227028,8.131343953942581,12.519770551029117,47.003951858915826,13.089371208156425,47.40813249544211,13.089749305298145,47.39087036623663,13.090920048813695,47.71579417933684,13.090515982516521,47.69802511030365,13.091461658455168,8.131620869706449,12.513261354566144,47.003951858915826,13.089371208156425,0.06316208697064489,0.20039518589158262,-0.7772105816085357,0.4887927267253813,0.3331578668012271,0.984626133030048,-0.3653628623191616,-1.1297509219467978,-0.6004202906496374,1.527428717564426,-0.1386857835254114,-0.1400714387310544,0.261525220702147,-0.0130424404342601,-0.8642176645809236,-14.682906011447956,0.1277925124222623,-0.2048192771084337,-0.0441334768568353,0.0,0.1168831168831168,0.0,0.0,2.1940962586990302,-3.9344234824787536,-0.1847057369869754,0.0,0.0,0.0,0.0,0.20039518589158262,-0.037014140498746705,0.7098244018149201,boxscore-composite-v1.17
2026_06_NO_NYG,127.52954655353102,11.885811656785112,8.038011070873841,61.68626254514936,1.2964385351081142,4.172814146341984,108.03258246969403,122.59099894995752,12.123023072128762,9.121095098846771,64.67892653049456,0.990881493099992,4.672295081227094,108.1111347978356,0.008795707679682,0.0849118223383409,0.0481400437636761,0.3641975308641975,0.0,0.1156530408773679,0.0086281276962899,8.928479098874877,15.443010712948771,,,-118.0,-102.0,-110.0,-110.0,5,2026,6,NYG,NO,,,-1.5,-102.0,-118.0,0.4826358742837298,1.0,,,-1.5,45.5,0.5173641257162701,0.5,True,-0.15,-0.06948444579350956,0.05,-0.0075,0.15,0.06948444579350956,0.0225,0.06948444579350911,0.0,0.36585712205759946,0.1910097602206909,0.1902963773590342,0.09935153156453422,0.2064083753086814,0.13384945375337196,0.13287194295552235,0.08616334951112738,2026.0,5.0,-0.7349574263171336,12.513261354566144,-0.6288944695488832,12.520259158745407,-0.6116805939615939,12.52037999409411,-0.7691196147361452,12.519033044227028,-0.7381044033843474,12.519770551029117,45.64674674159842,13.089371208156425,45.17649453174815,13.089749305298145,45.20553911327341,13.090920048813695,45.39172616788469,13.090515982516521,45.404589624192745,13.091461658455168,-0.7349574263171336,12.513261354566144,45.64674674159842,13.089371208156425,0.07650425736828664,0.06467467415984203,-3.665521970637535,-0.0645497748932211,0.2195546858013259,-0.5768829193354712,-0.337711513854102,0.3860479711707263,8.831808988622114,-1.681229696326092,0.0070760080225085,0.2201282058094316,0.2889735842779259,-0.0070841900006899,1.174403967085725,8.361845923681756,-0.1157587188358659,-0.0849118223383409,0.0481400437636761,-0.3641975308641975,0.0,0.1156530408773679,0.0086281276962899,2.615307954645873,-3.456717366006143,0.1313204406469391,0.0,0.0,0.0,0.0,0.06467467415984203,0.00849310670936766,0.4904503095679302,boxscore-composite-v1.17
2026_06_NYJ_NE,121.49805505527942,12.272001923873637,8.401595475951279,60.89165947248533,0.9711287834377224,4.865624577139783,107.32962042115076,123.00342799918148,12.116316628383188,8.684679644054054,63.55089478337869,1.0437613597034927,3.3200980117842214,101.21586833301863,0.4523887867900749,0.1108647450110864,0.0405414741616504,0.0,0.0831191088260497,0.0263840899959823,0.0173761946133796,11.6339880225355,14.610440755248788,,,-105.0,-115.0,-115.0,-105.0,5,2026,6,NE,NYJ,,,7.0,-340.0,270.0,0.740871613663133,1.0,,,7.0,43.5,0.4891657638136511,0.5108342361863488,True,0.7,1.0505037103480785,-0.15,-0.105,0.7,1.0505037103480785,0.48999999999999994,-0.043343729216472136,0.043343729216471914,0.2621025845410762,-0.1350980037952033,0.13632964708762535,-0.07026967403580228,0.4363554595321695,-0.02750698141023778,0.2808965364926769,-0.017707159699086133,2026.0,5.0,7.244645073079114,12.513261354566144,7.267560560957651,12.520259158745407,7.269872237165583,12.52037999409411,7.213519861003386,12.519033044227028,7.241853621638881,12.519770551029117,44.961667260603015,13.089371208156425,45.5005070747094,13.089749305298145,45.47245281199675,13.090920048813695,45.16949525092761,13.090515982516521,45.166718156618884,13.091461658455168,7.244645073079114,12.513261354566144,44.961667260603015,13.089371208156425,0.024464507307911366,-0.0038332739396985003,3.094705202774179,1.179586654369122,0.235057001494809,2.930418028788541,0.1444060105280172,1.2770903553573791,-12.046183757742824,-4.272154738567039,-0.4745416377349878,0.0312658930478724,-2.499497720752693,0.0070887202540367,0.9873651089905788,1.2443204684496934,-0.3338648452889599,0.1108647450110864,0.0235743479686494,0.0,-0.0831191088260497,0.0073001205303334,0.0173761946133796,4.580669476945749,-4.808919420216124,-0.740154070052257,0.0,0.0,0.0,0.0,-0.0038332739396985003,0.0028372133080930948,0.778940674473413,boxscore-composite-v1.17
2026_06_PIT_TB,124.06191903551728,11.524307608687089,8.955594504529671,61.10017923549312,0.9646397341831332,4.827892847396692,100.78260097334162,119.82711234801802,12.886679057535522,8.270357683479338,61.3935261283832,1.2307348631496844,5.181554312963213,113.03227658868046,-0.2508910119532377,0.0,0.0084586466165413,0.0,0.1673228346456693,0.0,0.0,9.905036996391312,11.551233758754435,,,-110.0,-110.0,-106.0,-114.0,5,2026,6,TB,PIT,,,-2.5,114.0,-134.0,0.4493432675320685,1.0,,,-2.5,39.5,0.5,0.4913359902963091,True,-0.25,-0.20332451362697015,-0.55,0.1375,0.25,0.20332451362697015,0.0625,0.0,-0.03465950805015809,0.04924547033900953,-0.04497002419854494,0.025512784293934776,-0.02401500001760534,-0.05420077340986355,0.028911243831906963,-0.03552701843026563,0.018514090237251632,2026.0,5.0,-1.8267592709649683,12.513261354566144,-1.7926792388076196,12.520259158745407,-1.7863531333390976,12.52037999409411,-1.8319141750159849,12.519033044227028,-1.8272683470891748,12.519770551029117,39.66333995527057,13.089371208156425,39.68281171145273,13.089749305298145,39.68202927038566,13.090920048813695,39.45229498851125,13.090515982516521,39.457353537235036,13.091461658455168,-1.8267592709649683,12.513261354566144,39.66333995527057,13.089371208156425,0.06732407290350317,-0.5336660044729428,0.2304115368752377,-0.013789038043547,0.0913873800413158,-0.1489535205978676,0.0469737784683773,0.6267786545730583,2.0589767382811885,-2.077682135469246,0.0573577193303034,-0.3341893590687004,-0.1640963818037129,-0.1813000222848446,-0.1583006178950197,2.186409197594372,-0.3075468843913018,0.0,0.0084586466165413,0.0,-0.1673228346456693,0.0,0.0,-0.6548791132824361,-0.2509496487056308,0.2721173791232135,0.0,0.0,0.0,0.0,-0.5336660044729428,-0.1452197944643343,0.4880779903621786,boxscore-composite-v1.17
2026_06_SEA_DEN,122.36234238167174,12.820529556173096,8.269477514715778,62.43664077635843,0.9963503480058518,4.624852824840073,111.62781317789994,125.7793203110565,10.944477217721476,8.31064556038302,58.33373704611863,0.7628930334327184,5.488049772636836,103.2569907455832,0.1285993502996989,0.0401606425702811,0.1505832449628844,0.3128119607638768,0.0,0.0,0.0,13.164599717073717,10.305416866675374,,,-110.0,-110.0,-110.0,-110.0,5,2026,6,DEN,SEA,,,-1.5,102.0,-122.0,0.4739134147382802,1.0,,,-1.5,42.5,0.5,0.5,True,-0.15,-0.10444117427409073,-0.25,0.0375,0.15,0.10444117427409073,0.0225,0.0,0.0,-0.3364167756369924,0.006450816639071699,-0.17498331951686788,0.003355318137634783,-0.355478769775773,0.007407423898090226,-0.228833518741229,0.004768405371935608,2026.0,5.0,-1.1972484074589969,12.513261354566144,-1.262361262461041,12.520259158745407,-1.2719070993929877,12.52037999409411,-1.1630968058399624,12.519033044227028,-1.1941540285126073,12.519770551029117,42.62625894333781,13.089371208156425,42.61525342627973,13.089749305298145,42.614840643202044,13.090920048813695,42.62511156930664,13.090515982516521,42.62495464244869,13.091461658455168,-1.1972484074589969,12.513261354566144,42.62625894333781,13.089371208156425,0.030275159254100313,-0.23737410566621903,0.7509097323895517,-0.896169523344688,-0.0916388881942955,-2.6217206670659543,-0.1085434615355908,-0.6143891635759209,-7.360541057127207,2.080899737432965,0.4832681576169948,0.3894920896928733,1.8885357972851613,-0.2426828526778044,-0.9406046370369872,-12.168739261962344,-0.1258813355220533,-0.0401606425702811,0.1505832449628844,-0.1046335221021667,0.0,0.0,0.0,-4.4196169884261405,2.807082280233638,3.1218966552322014,0.0,-0.2686647067249823,0.0,0.0,-0.23737410566621903,-0.7410574265181044,0.517742089819941,boxscore-composite-v1.17
2026_06_TEN_IND,120.75013224055776,11.33109529736732,8.347555586977634,60.05298816521954,1.3184534069275742,4.603856272996899,92.05230279284346,125.04477145192104,13.25738905812542,8.318016825873006,62.814077622770256,0.7013742664747957,3.415195360113477,115.93990086324268,0.1467258521832644,0.1432337434094903,0.0482283464566929,0.0,0.0327586206896551,0.0,0.0,9.25807056598902,15.157754620950602,,,-110.0,-110.0,-110.0,-110.0,5,2026,6,IND,TEN,,,6.5,-290.0,235.0,0.7135512302607419,1.0,,,6.5,44.5,0.5,0.5,True,0.65,0.9126945296938028,-0.05,-0.0325,0.65,0.9126945296938028,0.42250000000000004,0.0,0.0,0.16360684782586501,0.09939070166034567,0.08509822161529844,0.05169693120299189,0.27945867150281145,0.2186260243218046,0.17989685061382235,0.14073685037652478,2026.0,5.0,7.104436001303429,12.513261354566144,7.1104663688504,12.520259158745407,7.1103260703975435,12.52037999409411,7.089045318707517,12.519033044227028,7.103077731489936,12.519770551029117,45.726279853151034,13.089371208156425,45.54531900916377,13.089749305298145,45.55981985550971,13.090920048813695,45.20037552829342,13.090515982516521,45.225829049394456,13.091461658455168,7.104436001303429,12.513261354566144,45.726279853151034,13.089371208156425,0.06044360013034291,0.07262798531510342,3.120784166007546,0.3245278805273885,-0.0160702660317424,1.9342025935813825,0.1047843371067241,0.8667702555992625,-7.602317098673481,2.4036226829543,-0.1496230698948126,0.2608886790417619,0.2273051328944113,0.0651729222588141,0.0436159186485813,-2.0346679698361285,0.0856686060699001,-0.1432337434094903,0.0482283464566929,0.0,0.0327586206896551,0.0,0.0,4.134548360090136,-4.298209801327396,1.213893212284083,0.0,0.0,-0.086761946273704,0.0,0.07262798531510342,0.08816261839587211,0.7426771548022211,boxscore-composite-v1.17
2026_06_WAS_SF,122.28104590354543,13.087016489990532,8.733807574724405,65.16043308526602,0.8404248517130299,3.9187895648078697,96.63475037473012,124.76384501887236,12.551300841904943,8.588739179240903,62.88382502543687,0.906000858294123,3.3855946878994865,97.8287017992986,0.4753969909366802,0.0,0.1957017667550973,0.0919117647058823,0.1415607985480943,0.0962732919254658,0.0,13.28848485169692,10.836422615774124,,,-110.0,-110.0,-110.0,-110.0,5,2026,6,SF,WAS,,,7.5,-425.0,330.0,0.7768331562167907,1.0,,,7.5,50.5,0.5,0.5,True,0.75,1.2473059290323103,0.55,0.41250000000000003,0.75,1.2473059290323103,0.5625,0.0,0.0,0.5076100693787116,0.16278492509179304,0.26402754378669435,0.08467070795126677,0.4566330372922483,0.19595120792122994,0.2939498883800896,0.12614031616710417,2026.0,5.0,7.6205267837960164,12.513261354566144,7.699168558978964,12.520259158745407,7.710485356194851,12.52037999409411,7.590653622585802,12.519033044227028,7.6178368711092395,12.519770551029117,52.17390377165357,13.089371208156425,52.0911958167965,13.089749305298145,52.107400035211256,13.090920048813695,52.029244820626566,13.090515982516521,52.049794096165115,13.091461658455168,7.6205267837960164,12.513261354566144,52.17390377165357,13.089371208156425,0.012052678379601644,0.717390377165357,-1.217543668257569,1.296810817030989,-0.004177889658397,4.415559223052732,-0.0999463090392805,0.1197908858410561,-9.452581868648132,0.2371031282921052,-0.4562512472737277,-0.2526304409894662,-1.503844817045895,0.0869532492050383,-0.6697693252455958,1.1151083669486326,-0.0748774057533516,0.0,0.131657850927101,-0.0919117647058823,0.1415607985480943,-0.0962732919254658,0.0,5.767818854786646,-5.3915036907249085,2.6250510915732166,0.3137114652354054,0.0,0.0,0.0,0.717390377165357,1.883186392662042,0.7248441991283434,boxscore-composite-v1.17
