target,arm,season,week,training_games,training_max_season,training_max_week,dispersion_source,dispersion_games,dispersion_max_season,dispersion_max_week
margin,market_centered,2020,1,256,2019,17,prior_market_residual_fallback,256,2019,17
margin,market_relationships,2020,1,256,2019,17,prior_market_residual_fallback,256,2019,17
margin,resid_h4_k4,2020,1,256,2019,17,prior_market_residual_fallback,256,2019,17
margin,resid_h4_k12,2020,1,256,2019,17,prior_market_residual_fallback,256,2019,17
margin,resid_h16_k4,2020,1,256,2019,17,prior_market_residual_fallback,256,2019,17
margin,resid_h16_k12,2020,1,256,2019,17,prior_market_residual_fallback,256,2019,17
total,market_centered,2020,1,256,2019,17,prior_market_residual_fallback,256,2019,17
total,market_relationships,2020,1,256,2019,17,prior_market_residual_fallback,256,2019,17
total,resid_h4_k4,2020,1,256,2019,17,prior_market_residual_fallback,256,2019,17
total,resid_h4_k12,2020,1,256,2019,17,prior_market_residual_fallback,256,2019,17
total,resid_h16_k4,2020,1,256,2019,17,prior_market_residual_fallback,256,2019,17
total,resid_h16_k12,2020,1,256,2019,17,prior_market_residual_fallback,256,2019,17
margin,market_centered,2020,2,272,2020,1,prior_market_residual_fallback,272,2020,1
margin,market_relationships,2020,2,272,2020,1,prior_market_residual_fallback,272,2020,1
margin,resid_h4_k4,2020,2,272,2020,1,prior_market_residual_fallback,272,2020,1
margin,resid_h4_k12,2020,2,272,2020,1,prior_market_residual_fallback,272,2020,1
margin,resid_h16_k4,2020,2,272,2020,1,prior_market_residual_fallback,272,2020,1
margin,resid_h16_k12,2020,2,272,2020,1,prior_market_residual_fallback,272,2020,1
total,market_centered,2020,2,272,2020,1,prior_market_residual_fallback,272,2020,1
total,market_relationships,2020,2,272,2020,1,prior_market_residual_fallback,272,2020,1
total,resid_h4_k4,2020,2,272,2020,1,prior_market_residual_fallback,272,2020,1
total,resid_h4_k12,2020,2,272,2020,1,prior_market_residual_fallback,272,2020,1
total,resid_h16_k4,2020,2,272,2020,1,prior_market_residual_fallback,272,2020,1
total,resid_h16_k12,2020,2,272,2020,1,prior_market_residual_fallback,272,2020,1
margin,market_centered,2020,3,288,2020,2,prior_market_residual_fallback,288,2020,2
margin,market_relationships,2020,3,288,2020,2,prior_market_residual_fallback,288,2020,2
margin,resid_h4_k4,2020,3,288,2020,2,prior_market_residual_fallback,288,2020,2
margin,resid_h4_k12,2020,3,288,2020,2,prior_market_residual_fallback,288,2020,2
margin,resid_h16_k4,2020,3,288,2020,2,prior_market_residual_fallback,288,2020,2
margin,resid_h16_k12,2020,3,288,2020,2,prior_market_residual_fallback,288,2020,2
total,market_centered,2020,3,288,2020,2,prior_market_residual_fallback,288,2020,2
total,market_relationships,2020,3,288,2020,2,prior_market_residual_fallback,288,2020,2
total,resid_h4_k4,2020,3,288,2020,2,prior_market_residual_fallback,288,2020,2
total,resid_h4_k12,2020,3,288,2020,2,prior_market_residual_fallback,288,2020,2
total,resid_h16_k4,2020,3,288,2020,2,prior_market_residual_fallback,288,2020,2
total,resid_h16_k12,2020,3,288,2020,2,prior_market_residual_fallback,288,2020,2
margin,market_centered,2020,4,304,2020,3,prior_market_residual_fallback,304,2020,3
margin,market_relationships,2020,4,304,2020,3,prior_market_residual_fallback,304,2020,3
margin,resid_h4_k4,2020,4,304,2020,3,prior_market_residual_fallback,304,2020,3
margin,resid_h4_k12,2020,4,304,2020,3,prior_market_residual_fallback,304,2020,3
margin,resid_h16_k4,2020,4,304,2020,3,prior_market_residual_fallback,304,2020,3
margin,resid_h16_k12,2020,4,304,2020,3,prior_market_residual_fallback,304,2020,3
total,market_centered,2020,4,304,2020,3,prior_market_residual_fallback,304,2020,3
total,market_relationships,2020,4,304,2020,3,prior_market_residual_fallback,304,2020,3
total,resid_h4_k4,2020,4,304,2020,3,prior_market_residual_fallback,304,2020,3
total,resid_h4_k12,2020,4,304,2020,3,prior_market_residual_fallback,304,2020,3
total,resid_h16_k4,2020,4,304,2020,3,prior_market_residual_fallback,304,2020,3
total,resid_h16_k12,2020,4,304,2020,3,prior_market_residual_fallback,304,2020,3
margin,market_centered,2020,5,319,2020,4,prior_market_residual_fallback,319,2020,4
margin,market_relationships,2020,5,319,2020,4,prior_market_residual_fallback,319,2020,4
margin,resid_h4_k4,2020,5,319,2020,4,prior_market_residual_fallback,319,2020,4
margin,resid_h4_k12,2020,5,319,2020,4,prior_market_residual_fallback,319,2020,4
margin,resid_h16_k4,2020,5,319,2020,4,prior_market_residual_fallback,319,2020,4
margin,resid_h16_k12,2020,5,319,2020,4,prior_market_residual_fallback,319,2020,4
total,market_centered,2020,5,319,2020,4,prior_market_residual_fallback,319,2020,4
total,market_relationships,2020,5,319,2020,4,prior_market_residual_fallback,319,2020,4
total,resid_h4_k4,2020,5,319,2020,4,prior_market_residual_fallback,319,2020,4
total,resid_h4_k12,2020,5,319,2020,4,prior_market_residual_fallback,319,2020,4
total,resid_h16_k4,2020,5,319,2020,4,prior_market_residual_fallback,319,2020,4
total,resid_h16_k12,2020,5,319,2020,4,prior_market_residual_fallback,319,2020,4
margin,market_centered,2020,6,333,2020,5,prior_market_residual_fallback,333,2020,5
margin,market_relationships,2020,6,333,2020,5,prior_market_residual_fallback,333,2020,5
margin,resid_h4_k4,2020,6,333,2020,5,prior_market_residual_fallback,333,2020,5
margin,resid_h4_k12,2020,6,333,2020,5,prior_market_residual_fallback,333,2020,5
margin,resid_h16_k4,2020,6,333,2020,5,prior_market_residual_fallback,333,2020,5
margin,resid_h16_k12,2020,6,333,2020,5,prior_market_residual_fallback,333,2020,5
total,market_centered,2020,6,333,2020,5,prior_market_residual_fallback,333,2020,5
total,market_relationships,2020,6,333,2020,5,prior_market_residual_fallback,333,2020,5
total,resid_h4_k4,2020,6,333,2020,5,prior_market_residual_fallback,333,2020,5
total,resid_h4_k12,2020,6,333,2020,5,prior_market_residual_fallback,333,2020,5
total,resid_h16_k4,2020,6,333,2020,5,prior_market_residual_fallback,333,2020,5
total,resid_h16_k12,2020,6,333,2020,5,prior_market_residual_fallback,333,2020,5
margin,market_centered,2020,7,347,2020,6,prior_weekly_forecast_errors,91,2020,6
margin,market_relationships,2020,7,347,2020,6,prior_weekly_forecast_errors,91,2020,6
margin,resid_h4_k4,2020,7,347,2020,6,prior_weekly_forecast_errors,91,2020,6
margin,resid_h4_k12,2020,7,347,2020,6,prior_weekly_forecast_errors,91,2020,6
margin,resid_h16_k4,2020,7,347,2020,6,prior_weekly_forecast_errors,91,2020,6
margin,resid_h16_k12,2020,7,347,2020,6,prior_weekly_forecast_errors,91,2020,6
total,market_centered,2020,7,347,2020,6,prior_weekly_forecast_errors,91,2020,6
total,market_relationships,2020,7,347,2020,6,prior_weekly_forecast_errors,91,2020,6
total,resid_h4_k4,2020,7,347,2020,6,prior_weekly_forecast_errors,91,2020,6
total,resid_h4_k12,2020,7,347,2020,6,prior_weekly_forecast_errors,91,2020,6
total,resid_h16_k4,2020,7,347,2020,6,prior_weekly_forecast_errors,91,2020,6
total,resid_h16_k12,2020,7,347,2020,6,prior_weekly_forecast_errors,91,2020,6
margin,market_centered,2020,8,361,2020,7,prior_weekly_forecast_errors,105,2020,7
margin,market_relationships,2020,8,361,2020,7,prior_weekly_forecast_errors,105,2020,7
margin,resid_h4_k4,2020,8,361,2020,7,prior_weekly_forecast_errors,105,2020,7
margin,resid_h4_k12,2020,8,361,2020,7,prior_weekly_forecast_errors,105,2020,7
margin,resid_h16_k4,2020,8,361,2020,7,prior_weekly_forecast_errors,105,2020,7
margin,resid_h16_k12,2020,8,361,2020,7,prior_weekly_forecast_errors,105,2020,7
total,market_centered,2020,8,361,2020,7,prior_weekly_forecast_errors,105,2020,7
total,market_relationships,2020,8,361,2020,7,prior_weekly_forecast_errors,105,2020,7
total,resid_h4_k4,2020,8,361,2020,7,prior_weekly_forecast_errors,105,2020,7
total,resid_h4_k12,2020,8,361,2020,7,prior_weekly_forecast_errors,105,2020,7
total,resid_h16_k4,2020,8,361,2020,7,prior_weekly_forecast_errors,105,2020,7
total,resid_h16_k12,2020,8,361,2020,7,prior_weekly_forecast_errors,105,2020,7
margin,market_centered,2020,9,375,2020,8,prior_weekly_forecast_errors,119,2020,8
margin,market_relationships,2020,9,375,2020,8,prior_weekly_forecast_errors,119,2020,8
margin,resid_h4_k4,2020,9,375,2020,8,prior_weekly_forecast_errors,119,2020,8
margin,resid_h4_k12,2020,9,375,2020,8,prior_weekly_forecast_errors,119,2020,8
margin,resid_h16_k4,2020,9,375,2020,8,prior_weekly_forecast_errors,119,2020,8
margin,resid_h16_k12,2020,9,375,2020,8,prior_weekly_forecast_errors,119,2020,8
total,market_centered,2020,9,375,2020,8,prior_weekly_forecast_errors,119,2020,8
total,market_relationships,2020,9,375,2020,8,prior_weekly_forecast_errors,119,2020,8
total,resid_h4_k4,2020,9,375,2020,8,prior_weekly_forecast_errors,119,2020,8
total,resid_h4_k12,2020,9,375,2020,8,prior_weekly_forecast_errors,119,2020,8
total,resid_h16_k4,2020,9,375,2020,8,prior_weekly_forecast_errors,119,2020,8
total,resid_h16_k12,2020,9,375,2020,8,prior_weekly_forecast_errors,119,2020,8
margin,market_centered,2020,10,389,2020,9,prior_weekly_forecast_errors,133,2020,9
margin,market_relationships,2020,10,389,2020,9,prior_weekly_forecast_errors,133,2020,9
margin,resid_h4_k4,2020,10,389,2020,9,prior_weekly_forecast_errors,133,2020,9
margin,resid_h4_k12,2020,10,389,2020,9,prior_weekly_forecast_errors,133,2020,9
margin,resid_h16_k4,2020,10,389,2020,9,prior_weekly_forecast_errors,133,2020,9
margin,resid_h16_k12,2020,10,389,2020,9,prior_weekly_forecast_errors,133,2020,9
total,market_centered,2020,10,389,2020,9,prior_weekly_forecast_errors,133,2020,9
total,market_relationships,2020,10,389,2020,9,prior_weekly_forecast_errors,133,2020,9
total,resid_h4_k4,2020,10,389,2020,9,prior_weekly_forecast_errors,133,2020,9
total,resid_h4_k12,2020,10,389,2020,9,prior_weekly_forecast_errors,133,2020,9
total,resid_h16_k4,2020,10,389,2020,9,prior_weekly_forecast_errors,133,2020,9
total,resid_h16_k12,2020,10,389,2020,9,prior_weekly_forecast_errors,133,2020,9
margin,market_centered,2020,11,403,2020,10,prior_weekly_forecast_errors,147,2020,10
margin,market_relationships,2020,11,403,2020,10,prior_weekly_forecast_errors,147,2020,10
margin,resid_h4_k4,2020,11,403,2020,10,prior_weekly_forecast_errors,147,2020,10
margin,resid_h4_k12,2020,11,403,2020,10,prior_weekly_forecast_errors,147,2020,10
margin,resid_h16_k4,2020,11,403,2020,10,prior_weekly_forecast_errors,147,2020,10
margin,resid_h16_k12,2020,11,403,2020,10,prior_weekly_forecast_errors,147,2020,10
total,market_centered,2020,11,403,2020,10,prior_weekly_forecast_errors,147,2020,10
total,market_relationships,2020,11,403,2020,10,prior_weekly_forecast_errors,147,2020,10
total,resid_h4_k4,2020,11,403,2020,10,prior_weekly_forecast_errors,147,2020,10
total,resid_h4_k12,2020,11,403,2020,10,prior_weekly_forecast_errors,147,2020,10
total,resid_h16_k4,2020,11,403,2020,10,prior_weekly_forecast_errors,147,2020,10
total,resid_h16_k12,2020,11,403,2020,10,prior_weekly_forecast_errors,147,2020,10
margin,market_centered,2020,12,417,2020,11,prior_weekly_forecast_errors,161,2020,11
margin,market_relationships,2020,12,417,2020,11,prior_weekly_forecast_errors,161,2020,11
margin,resid_h4_k4,2020,12,417,2020,11,prior_weekly_forecast_errors,161,2020,11
margin,resid_h4_k12,2020,12,417,2020,11,prior_weekly_forecast_errors,161,2020,11
margin,resid_h16_k4,2020,12,417,2020,11,prior_weekly_forecast_errors,161,2020,11
margin,resid_h16_k12,2020,12,417,2020,11,prior_weekly_forecast_errors,161,2020,11
total,market_centered,2020,12,417,2020,11,prior_weekly_forecast_errors,161,2020,11
total,market_relationships,2020,12,417,2020,11,prior_weekly_forecast_errors,161,2020,11
total,resid_h4_k4,2020,12,417,2020,11,prior_weekly_forecast_errors,161,2020,11
total,resid_h4_k12,2020,12,417,2020,11,prior_weekly_forecast_errors,161,2020,11
total,resid_h16_k4,2020,12,417,2020,11,prior_weekly_forecast_errors,161,2020,11
total,resid_h16_k12,2020,12,417,2020,11,prior_weekly_forecast_errors,161,2020,11
margin,market_centered,2020,13,433,2020,12,prior_weekly_forecast_errors,177,2020,12
margin,market_relationships,2020,13,433,2020,12,prior_weekly_forecast_errors,177,2020,12
margin,resid_h4_k4,2020,13,433,2020,12,prior_weekly_forecast_errors,177,2020,12
margin,resid_h4_k12,2020,13,433,2020,12,prior_weekly_forecast_errors,177,2020,12
margin,resid_h16_k4,2020,13,433,2020,12,prior_weekly_forecast_errors,177,2020,12
margin,resid_h16_k12,2020,13,433,2020,12,prior_weekly_forecast_errors,177,2020,12
total,market_centered,2020,13,433,2020,12,prior_weekly_forecast_errors,177,2020,12
total,market_relationships,2020,13,433,2020,12,prior_weekly_forecast_errors,177,2020,12
total,resid_h4_k4,2020,13,433,2020,12,prior_weekly_forecast_errors,177,2020,12
total,resid_h4_k12,2020,13,433,2020,12,prior_weekly_forecast_errors,177,2020,12
total,resid_h16_k4,2020,13,433,2020,12,prior_weekly_forecast_errors,177,2020,12
total,resid_h16_k12,2020,13,433,2020,12,prior_weekly_forecast_errors,177,2020,12
margin,market_centered,2020,14,448,2020,13,prior_weekly_forecast_errors,192,2020,13
margin,market_relationships,2020,14,448,2020,13,prior_weekly_forecast_errors,192,2020,13
margin,resid_h4_k4,2020,14,448,2020,13,prior_weekly_forecast_errors,192,2020,13
margin,resid_h4_k12,2020,14,448,2020,13,prior_weekly_forecast_errors,192,2020,13
margin,resid_h16_k4,2020,14,448,2020,13,prior_weekly_forecast_errors,192,2020,13
margin,resid_h16_k12,2020,14,448,2020,13,prior_weekly_forecast_errors,192,2020,13
total,market_centered,2020,14,448,2020,13,prior_weekly_forecast_errors,192,2020,13
total,market_relationships,2020,14,448,2020,13,prior_weekly_forecast_errors,192,2020,13
total,resid_h4_k4,2020,14,448,2020,13,prior_weekly_forecast_errors,192,2020,13
total,resid_h4_k12,2020,14,448,2020,13,prior_weekly_forecast_errors,192,2020,13
total,resid_h16_k4,2020,14,448,2020,13,prior_weekly_forecast_errors,192,2020,13
total,resid_h16_k12,2020,14,448,2020,13,prior_weekly_forecast_errors,192,2020,13
margin,market_centered,2020,15,464,2020,14,prior_weekly_forecast_errors,208,2020,14
margin,market_relationships,2020,15,464,2020,14,prior_weekly_forecast_errors,208,2020,14
margin,resid_h4_k4,2020,15,464,2020,14,prior_weekly_forecast_errors,208,2020,14
margin,resid_h4_k12,2020,15,464,2020,14,prior_weekly_forecast_errors,208,2020,14
margin,resid_h16_k4,2020,15,464,2020,14,prior_weekly_forecast_errors,208,2020,14
margin,resid_h16_k12,2020,15,464,2020,14,prior_weekly_forecast_errors,208,2020,14
total,market_centered,2020,15,464,2020,14,prior_weekly_forecast_errors,208,2020,14
total,market_relationships,2020,15,464,2020,14,prior_weekly_forecast_errors,208,2020,14
total,resid_h4_k4,2020,15,464,2020,14,prior_weekly_forecast_errors,208,2020,14
total,resid_h4_k12,2020,15,464,2020,14,prior_weekly_forecast_errors,208,2020,14
total,resid_h16_k4,2020,15,464,2020,14,prior_weekly_forecast_errors,208,2020,14
total,resid_h16_k12,2020,15,464,2020,14,prior_weekly_forecast_errors,208,2020,14
margin,market_centered,2020,16,480,2020,15,prior_weekly_forecast_errors,224,2020,15
margin,market_relationships,2020,16,480,2020,15,prior_weekly_forecast_errors,224,2020,15
margin,resid_h4_k4,2020,16,480,2020,15,prior_weekly_forecast_errors,224,2020,15
margin,resid_h4_k12,2020,16,480,2020,15,prior_weekly_forecast_errors,224,2020,15
margin,resid_h16_k4,2020,16,480,2020,15,prior_weekly_forecast_errors,224,2020,15
margin,resid_h16_k12,2020,16,480,2020,15,prior_weekly_forecast_errors,224,2020,15
total,market_centered,2020,16,480,2020,15,prior_weekly_forecast_errors,224,2020,15
total,market_relationships,2020,16,480,2020,15,prior_weekly_forecast_errors,224,2020,15
total,resid_h4_k4,2020,16,480,2020,15,prior_weekly_forecast_errors,224,2020,15
total,resid_h4_k12,2020,16,480,2020,15,prior_weekly_forecast_errors,224,2020,15
total,resid_h16_k4,2020,16,480,2020,15,prior_weekly_forecast_errors,224,2020,15
total,resid_h16_k12,2020,16,480,2020,15,prior_weekly_forecast_errors,224,2020,15
margin,market_centered,2020,17,496,2020,16,prior_weekly_forecast_errors,240,2020,16
margin,market_relationships,2020,17,496,2020,16,prior_weekly_forecast_errors,240,2020,16
margin,resid_h4_k4,2020,17,496,2020,16,prior_weekly_forecast_errors,240,2020,16
margin,resid_h4_k12,2020,17,496,2020,16,prior_weekly_forecast_errors,240,2020,16
margin,resid_h16_k4,2020,17,496,2020,16,prior_weekly_forecast_errors,240,2020,16
margin,resid_h16_k12,2020,17,496,2020,16,prior_weekly_forecast_errors,240,2020,16
total,market_centered,2020,17,496,2020,16,prior_weekly_forecast_errors,240,2020,16
total,market_relationships,2020,17,496,2020,16,prior_weekly_forecast_errors,240,2020,16
total,resid_h4_k4,2020,17,496,2020,16,prior_weekly_forecast_errors,240,2020,16
total,resid_h4_k12,2020,17,496,2020,16,prior_weekly_forecast_errors,240,2020,16
total,resid_h16_k4,2020,17,496,2020,16,prior_weekly_forecast_errors,240,2020,16
total,resid_h16_k12,2020,17,496,2020,16,prior_weekly_forecast_errors,240,2020,16
margin,market_centered,2021,1,512,2020,17,prior_weekly_forecast_errors,256,2020,17
margin,market_relationships,2021,1,512,2020,17,prior_weekly_forecast_errors,256,2020,17
margin,resid_h4_k4,2021,1,512,2020,17,prior_weekly_forecast_errors,256,2020,17
margin,resid_h4_k12,2021,1,512,2020,17,prior_weekly_forecast_errors,256,2020,17
margin,resid_h16_k4,2021,1,512,2020,17,prior_weekly_forecast_errors,256,2020,17
margin,resid_h16_k12,2021,1,512,2020,17,prior_weekly_forecast_errors,256,2020,17
total,market_centered,2021,1,512,2020,17,prior_weekly_forecast_errors,256,2020,17
total,market_relationships,2021,1,512,2020,17,prior_weekly_forecast_errors,256,2020,17
total,resid_h4_k4,2021,1,512,2020,17,prior_weekly_forecast_errors,256,2020,17
total,resid_h4_k12,2021,1,512,2020,17,prior_weekly_forecast_errors,256,2020,17
total,resid_h16_k4,2021,1,512,2020,17,prior_weekly_forecast_errors,256,2020,17
total,resid_h16_k12,2021,1,512,2020,17,prior_weekly_forecast_errors,256,2020,17
margin,market_centered,2021,2,528,2021,1,prior_weekly_forecast_errors,272,2021,1
margin,market_relationships,2021,2,528,2021,1,prior_weekly_forecast_errors,272,2021,1
margin,resid_h4_k4,2021,2,528,2021,1,prior_weekly_forecast_errors,272,2021,1
margin,resid_h4_k12,2021,2,528,2021,1,prior_weekly_forecast_errors,272,2021,1
margin,resid_h16_k4,2021,2,528,2021,1,prior_weekly_forecast_errors,272,2021,1
margin,resid_h16_k12,2021,2,528,2021,1,prior_weekly_forecast_errors,272,2021,1
total,market_centered,2021,2,528,2021,1,prior_weekly_forecast_errors,272,2021,1
total,market_relationships,2021,2,528,2021,1,prior_weekly_forecast_errors,272,2021,1
total,resid_h4_k4,2021,2,528,2021,1,prior_weekly_forecast_errors,272,2021,1
total,resid_h4_k12,2021,2,528,2021,1,prior_weekly_forecast_errors,272,2021,1
total,resid_h16_k4,2021,2,528,2021,1,prior_weekly_forecast_errors,272,2021,1
total,resid_h16_k12,2021,2,528,2021,1,prior_weekly_forecast_errors,272,2021,1
margin,market_centered,2021,3,544,2021,2,prior_weekly_forecast_errors,288,2021,2
margin,market_relationships,2021,3,544,2021,2,prior_weekly_forecast_errors,288,2021,2
margin,resid_h4_k4,2021,3,544,2021,2,prior_weekly_forecast_errors,288,2021,2
margin,resid_h4_k12,2021,3,544,2021,2,prior_weekly_forecast_errors,288,2021,2
margin,resid_h16_k4,2021,3,544,2021,2,prior_weekly_forecast_errors,288,2021,2
margin,resid_h16_k12,2021,3,544,2021,2,prior_weekly_forecast_errors,288,2021,2
total,market_centered,2021,3,544,2021,2,prior_weekly_forecast_errors,288,2021,2
total,market_relationships,2021,3,544,2021,2,prior_weekly_forecast_errors,288,2021,2
total,resid_h4_k4,2021,3,544,2021,2,prior_weekly_forecast_errors,288,2021,2
total,resid_h4_k12,2021,3,544,2021,2,prior_weekly_forecast_errors,288,2021,2
total,resid_h16_k4,2021,3,544,2021,2,prior_weekly_forecast_errors,288,2021,2
total,resid_h16_k12,2021,3,544,2021,2,prior_weekly_forecast_errors,288,2021,2
margin,market_centered,2021,4,560,2021,3,prior_weekly_forecast_errors,304,2021,3
margin,market_relationships,2021,4,560,2021,3,prior_weekly_forecast_errors,304,2021,3
margin,resid_h4_k4,2021,4,560,2021,3,prior_weekly_forecast_errors,304,2021,3
margin,resid_h4_k12,2021,4,560,2021,3,prior_weekly_forecast_errors,304,2021,3
margin,resid_h16_k4,2021,4,560,2021,3,prior_weekly_forecast_errors,304,2021,3
margin,resid_h16_k12,2021,4,560,2021,3,prior_weekly_forecast_errors,304,2021,3
total,market_centered,2021,4,560,2021,3,prior_weekly_forecast_errors,304,2021,3
total,market_relationships,2021,4,560,2021,3,prior_weekly_forecast_errors,304,2021,3
total,resid_h4_k4,2021,4,560,2021,3,prior_weekly_forecast_errors,304,2021,3
total,resid_h4_k12,2021,4,560,2021,3,prior_weekly_forecast_errors,304,2021,3
total,resid_h16_k4,2021,4,560,2021,3,prior_weekly_forecast_errors,304,2021,3
total,resid_h16_k12,2021,4,560,2021,3,prior_weekly_forecast_errors,304,2021,3
margin,market_centered,2021,5,576,2021,4,prior_weekly_forecast_errors,320,2021,4
margin,market_relationships,2021,5,576,2021,4,prior_weekly_forecast_errors,320,2021,4
margin,resid_h4_k4,2021,5,576,2021,4,prior_weekly_forecast_errors,320,2021,4
margin,resid_h4_k12,2021,5,576,2021,4,prior_weekly_forecast_errors,320,2021,4
margin,resid_h16_k4,2021,5,576,2021,4,prior_weekly_forecast_errors,320,2021,4
margin,resid_h16_k12,2021,5,576,2021,4,prior_weekly_forecast_errors,320,2021,4
total,market_centered,2021,5,576,2021,4,prior_weekly_forecast_errors,320,2021,4
total,market_relationships,2021,5,576,2021,4,prior_weekly_forecast_errors,320,2021,4
total,resid_h4_k4,2021,5,576,2021,4,prior_weekly_forecast_errors,320,2021,4
total,resid_h4_k12,2021,5,576,2021,4,prior_weekly_forecast_errors,320,2021,4
total,resid_h16_k4,2021,5,576,2021,4,prior_weekly_forecast_errors,320,2021,4
total,resid_h16_k12,2021,5,576,2021,4,prior_weekly_forecast_errors,320,2021,4
margin,market_centered,2021,6,592,2021,5,prior_weekly_forecast_errors,336,2021,5
margin,market_relationships,2021,6,592,2021,5,prior_weekly_forecast_errors,336,2021,5
margin,resid_h4_k4,2021,6,592,2021,5,prior_weekly_forecast_errors,336,2021,5
margin,resid_h4_k12,2021,6,592,2021,5,prior_weekly_forecast_errors,336,2021,5
margin,resid_h16_k4,2021,6,592,2021,5,prior_weekly_forecast_errors,336,2021,5
margin,resid_h16_k12,2021,6,592,2021,5,prior_weekly_forecast_errors,336,2021,5
total,market_centered,2021,6,592,2021,5,prior_weekly_forecast_errors,336,2021,5
total,market_relationships,2021,6,592,2021,5,prior_weekly_forecast_errors,336,2021,5
total,resid_h4_k4,2021,6,592,2021,5,prior_weekly_forecast_errors,336,2021,5
total,resid_h4_k12,2021,6,592,2021,5,prior_weekly_forecast_errors,336,2021,5
total,resid_h16_k4,2021,6,592,2021,5,prior_weekly_forecast_errors,336,2021,5
total,resid_h16_k12,2021,6,592,2021,5,prior_weekly_forecast_errors,336,2021,5
margin,market_centered,2021,7,606,2021,6,prior_weekly_forecast_errors,350,2021,6
margin,market_relationships,2021,7,606,2021,6,prior_weekly_forecast_errors,350,2021,6
margin,resid_h4_k4,2021,7,606,2021,6,prior_weekly_forecast_errors,350,2021,6
margin,resid_h4_k12,2021,7,606,2021,6,prior_weekly_forecast_errors,350,2021,6
margin,resid_h16_k4,2021,7,606,2021,6,prior_weekly_forecast_errors,350,2021,6
margin,resid_h16_k12,2021,7,606,2021,6,prior_weekly_forecast_errors,350,2021,6
total,market_centered,2021,7,606,2021,6,prior_weekly_forecast_errors,350,2021,6
total,market_relationships,2021,7,606,2021,6,prior_weekly_forecast_errors,350,2021,6
total,resid_h4_k4,2021,7,606,2021,6,prior_weekly_forecast_errors,350,2021,6
total,resid_h4_k12,2021,7,606,2021,6,prior_weekly_forecast_errors,350,2021,6
total,resid_h16_k4,2021,7,606,2021,6,prior_weekly_forecast_errors,350,2021,6
total,resid_h16_k12,2021,7,606,2021,6,prior_weekly_forecast_errors,350,2021,6
margin,market_centered,2021,8,619,2021,7,prior_weekly_forecast_errors,363,2021,7
margin,market_relationships,2021,8,619,2021,7,prior_weekly_forecast_errors,363,2021,7
margin,resid_h4_k4,2021,8,619,2021,7,prior_weekly_forecast_errors,363,2021,7
margin,resid_h4_k12,2021,8,619,2021,7,prior_weekly_forecast_errors,363,2021,7
margin,resid_h16_k4,2021,8,619,2021,7,prior_weekly_forecast_errors,363,2021,7
margin,resid_h16_k12,2021,8,619,2021,7,prior_weekly_forecast_errors,363,2021,7
total,market_centered,2021,8,619,2021,7,prior_weekly_forecast_errors,363,2021,7
total,market_relationships,2021,8,619,2021,7,prior_weekly_forecast_errors,363,2021,7
total,resid_h4_k4,2021,8,619,2021,7,prior_weekly_forecast_errors,363,2021,7
total,resid_h4_k12,2021,8,619,2021,7,prior_weekly_forecast_errors,363,2021,7
total,resid_h16_k4,2021,8,619,2021,7,prior_weekly_forecast_errors,363,2021,7
total,resid_h16_k12,2021,8,619,2021,7,prior_weekly_forecast_errors,363,2021,7
margin,market_centered,2021,9,634,2021,8,prior_weekly_forecast_errors,378,2021,8
margin,market_relationships,2021,9,634,2021,8,prior_weekly_forecast_errors,378,2021,8
margin,resid_h4_k4,2021,9,634,2021,8,prior_weekly_forecast_errors,378,2021,8
margin,resid_h4_k12,2021,9,634,2021,8,prior_weekly_forecast_errors,378,2021,8
margin,resid_h16_k4,2021,9,634,2021,8,prior_weekly_forecast_errors,378,2021,8
margin,resid_h16_k12,2021,9,634,2021,8,prior_weekly_forecast_errors,378,2021,8
total,market_centered,2021,9,634,2021,8,prior_weekly_forecast_errors,378,2021,8
total,market_relationships,2021,9,634,2021,8,prior_weekly_forecast_errors,378,2021,8
total,resid_h4_k4,2021,9,634,2021,8,prior_weekly_forecast_errors,378,2021,8
total,resid_h4_k12,2021,9,634,2021,8,prior_weekly_forecast_errors,378,2021,8
total,resid_h16_k4,2021,9,634,2021,8,prior_weekly_forecast_errors,378,2021,8
total,resid_h16_k12,2021,9,634,2021,8,prior_weekly_forecast_errors,378,2021,8
margin,market_centered,2021,10,648,2021,9,prior_weekly_forecast_errors,392,2021,9
margin,market_relationships,2021,10,648,2021,9,prior_weekly_forecast_errors,392,2021,9
margin,resid_h4_k4,2021,10,648,2021,9,prior_weekly_forecast_errors,392,2021,9
margin,resid_h4_k12,2021,10,648,2021,9,prior_weekly_forecast_errors,392,2021,9
margin,resid_h16_k4,2021,10,648,2021,9,prior_weekly_forecast_errors,392,2021,9
margin,resid_h16_k12,2021,10,648,2021,9,prior_weekly_forecast_errors,392,2021,9
total,market_centered,2021,10,648,2021,9,prior_weekly_forecast_errors,392,2021,9
total,market_relationships,2021,10,648,2021,9,prior_weekly_forecast_errors,392,2021,9
total,resid_h4_k4,2021,10,648,2021,9,prior_weekly_forecast_errors,392,2021,9
total,resid_h4_k12,2021,10,648,2021,9,prior_weekly_forecast_errors,392,2021,9
total,resid_h16_k4,2021,10,648,2021,9,prior_weekly_forecast_errors,392,2021,9
total,resid_h16_k12,2021,10,648,2021,9,prior_weekly_forecast_errors,392,2021,9
margin,market_centered,2021,11,662,2021,10,prior_weekly_forecast_errors,406,2021,10
margin,market_relationships,2021,11,662,2021,10,prior_weekly_forecast_errors,406,2021,10
margin,resid_h4_k4,2021,11,662,2021,10,prior_weekly_forecast_errors,406,2021,10
margin,resid_h4_k12,2021,11,662,2021,10,prior_weekly_forecast_errors,406,2021,10
margin,resid_h16_k4,2021,11,662,2021,10,prior_weekly_forecast_errors,406,2021,10
margin,resid_h16_k12,2021,11,662,2021,10,prior_weekly_forecast_errors,406,2021,10
total,market_centered,2021,11,662,2021,10,prior_weekly_forecast_errors,406,2021,10
total,market_relationships,2021,11,662,2021,10,prior_weekly_forecast_errors,406,2021,10
total,resid_h4_k4,2021,11,662,2021,10,prior_weekly_forecast_errors,406,2021,10
total,resid_h4_k12,2021,11,662,2021,10,prior_weekly_forecast_errors,406,2021,10
total,resid_h16_k4,2021,11,662,2021,10,prior_weekly_forecast_errors,406,2021,10
total,resid_h16_k12,2021,11,662,2021,10,prior_weekly_forecast_errors,406,2021,10
margin,market_centered,2021,12,677,2021,11,prior_weekly_forecast_errors,421,2021,11
margin,market_relationships,2021,12,677,2021,11,prior_weekly_forecast_errors,421,2021,11
margin,resid_h4_k4,2021,12,677,2021,11,prior_weekly_forecast_errors,421,2021,11
margin,resid_h4_k12,2021,12,677,2021,11,prior_weekly_forecast_errors,421,2021,11
margin,resid_h16_k4,2021,12,677,2021,11,prior_weekly_forecast_errors,421,2021,11
margin,resid_h16_k12,2021,12,677,2021,11,prior_weekly_forecast_errors,421,2021,11
total,market_centered,2021,12,677,2021,11,prior_weekly_forecast_errors,421,2021,11
total,market_relationships,2021,12,677,2021,11,prior_weekly_forecast_errors,421,2021,11
total,resid_h4_k4,2021,12,677,2021,11,prior_weekly_forecast_errors,421,2021,11
total,resid_h4_k12,2021,12,677,2021,11,prior_weekly_forecast_errors,421,2021,11
total,resid_h16_k4,2021,12,677,2021,11,prior_weekly_forecast_errors,421,2021,11
total,resid_h16_k12,2021,12,677,2021,11,prior_weekly_forecast_errors,421,2021,11
margin,market_centered,2021,13,692,2021,12,prior_weekly_forecast_errors,436,2021,12
margin,market_relationships,2021,13,692,2021,12,prior_weekly_forecast_errors,436,2021,12
margin,resid_h4_k4,2021,13,692,2021,12,prior_weekly_forecast_errors,436,2021,12
margin,resid_h4_k12,2021,13,692,2021,12,prior_weekly_forecast_errors,436,2021,12
margin,resid_h16_k4,2021,13,692,2021,12,prior_weekly_forecast_errors,436,2021,12
margin,resid_h16_k12,2021,13,692,2021,12,prior_weekly_forecast_errors,436,2021,12
total,market_centered,2021,13,692,2021,12,prior_weekly_forecast_errors,436,2021,12
total,market_relationships,2021,13,692,2021,12,prior_weekly_forecast_errors,436,2021,12
total,resid_h4_k4,2021,13,692,2021,12,prior_weekly_forecast_errors,436,2021,12
total,resid_h4_k12,2021,13,692,2021,12,prior_weekly_forecast_errors,436,2021,12
total,resid_h16_k4,2021,13,692,2021,12,prior_weekly_forecast_errors,436,2021,12
total,resid_h16_k12,2021,13,692,2021,12,prior_weekly_forecast_errors,436,2021,12
margin,market_centered,2021,14,706,2021,13,prior_weekly_forecast_errors,450,2021,13
margin,market_relationships,2021,14,706,2021,13,prior_weekly_forecast_errors,450,2021,13
margin,resid_h4_k4,2021,14,706,2021,13,prior_weekly_forecast_errors,450,2021,13
margin,resid_h4_k12,2021,14,706,2021,13,prior_weekly_forecast_errors,450,2021,13
margin,resid_h16_k4,2021,14,706,2021,13,prior_weekly_forecast_errors,450,2021,13
margin,resid_h16_k12,2021,14,706,2021,13,prior_weekly_forecast_errors,450,2021,13
total,market_centered,2021,14,706,2021,13,prior_weekly_forecast_errors,450,2021,13
total,market_relationships,2021,14,706,2021,13,prior_weekly_forecast_errors,450,2021,13
total,resid_h4_k4,2021,14,706,2021,13,prior_weekly_forecast_errors,450,2021,13
total,resid_h4_k12,2021,14,706,2021,13,prior_weekly_forecast_errors,450,2021,13
total,resid_h16_k4,2021,14,706,2021,13,prior_weekly_forecast_errors,450,2021,13
total,resid_h16_k12,2021,14,706,2021,13,prior_weekly_forecast_errors,450,2021,13
margin,market_centered,2021,15,720,2021,14,prior_weekly_forecast_errors,464,2021,14
margin,market_relationships,2021,15,720,2021,14,prior_weekly_forecast_errors,464,2021,14
margin,resid_h4_k4,2021,15,720,2021,14,prior_weekly_forecast_errors,464,2021,14
margin,resid_h4_k12,2021,15,720,2021,14,prior_weekly_forecast_errors,464,2021,14
margin,resid_h16_k4,2021,15,720,2021,14,prior_weekly_forecast_errors,464,2021,14
margin,resid_h16_k12,2021,15,720,2021,14,prior_weekly_forecast_errors,464,2021,14
total,market_centered,2021,15,720,2021,14,prior_weekly_forecast_errors,464,2021,14
total,market_relationships,2021,15,720,2021,14,prior_weekly_forecast_errors,464,2021,14
total,resid_h4_k4,2021,15,720,2021,14,prior_weekly_forecast_errors,464,2021,14
total,resid_h4_k12,2021,15,720,2021,14,prior_weekly_forecast_errors,464,2021,14
total,resid_h16_k4,2021,15,720,2021,14,prior_weekly_forecast_errors,464,2021,14
total,resid_h16_k12,2021,15,720,2021,14,prior_weekly_forecast_errors,464,2021,14
margin,market_centered,2021,16,736,2021,15,prior_weekly_forecast_errors,480,2021,15
margin,market_relationships,2021,16,736,2021,15,prior_weekly_forecast_errors,480,2021,15
margin,resid_h4_k4,2021,16,736,2021,15,prior_weekly_forecast_errors,480,2021,15
margin,resid_h4_k12,2021,16,736,2021,15,prior_weekly_forecast_errors,480,2021,15
margin,resid_h16_k4,2021,16,736,2021,15,prior_weekly_forecast_errors,480,2021,15
margin,resid_h16_k12,2021,16,736,2021,15,prior_weekly_forecast_errors,480,2021,15
total,market_centered,2021,16,736,2021,15,prior_weekly_forecast_errors,480,2021,15
total,market_relationships,2021,16,736,2021,15,prior_weekly_forecast_errors,480,2021,15
total,resid_h4_k4,2021,16,736,2021,15,prior_weekly_forecast_errors,480,2021,15
total,resid_h4_k12,2021,16,736,2021,15,prior_weekly_forecast_errors,480,2021,15
total,resid_h16_k4,2021,16,736,2021,15,prior_weekly_forecast_errors,480,2021,15
total,resid_h16_k12,2021,16,736,2021,15,prior_weekly_forecast_errors,480,2021,15
margin,market_centered,2021,17,752,2021,16,prior_weekly_forecast_errors,496,2021,16
margin,market_relationships,2021,17,752,2021,16,prior_weekly_forecast_errors,496,2021,16
margin,resid_h4_k4,2021,17,752,2021,16,prior_weekly_forecast_errors,496,2021,16
margin,resid_h4_k12,2021,17,752,2021,16,prior_weekly_forecast_errors,496,2021,16
margin,resid_h16_k4,2021,17,752,2021,16,prior_weekly_forecast_errors,496,2021,16
margin,resid_h16_k12,2021,17,752,2021,16,prior_weekly_forecast_errors,496,2021,16
total,market_centered,2021,17,752,2021,16,prior_weekly_forecast_errors,496,2021,16
total,market_relationships,2021,17,752,2021,16,prior_weekly_forecast_errors,496,2021,16
total,resid_h4_k4,2021,17,752,2021,16,prior_weekly_forecast_errors,496,2021,16
total,resid_h4_k12,2021,17,752,2021,16,prior_weekly_forecast_errors,496,2021,16
total,resid_h16_k4,2021,17,752,2021,16,prior_weekly_forecast_errors,496,2021,16
total,resid_h16_k12,2021,17,752,2021,16,prior_weekly_forecast_errors,496,2021,16
margin,market_centered,2021,18,768,2021,17,prior_weekly_forecast_errors,512,2021,17
margin,market_relationships,2021,18,768,2021,17,prior_weekly_forecast_errors,512,2021,17
margin,resid_h4_k4,2021,18,768,2021,17,prior_weekly_forecast_errors,512,2021,17
margin,resid_h4_k12,2021,18,768,2021,17,prior_weekly_forecast_errors,512,2021,17
margin,resid_h16_k4,2021,18,768,2021,17,prior_weekly_forecast_errors,512,2021,17
margin,resid_h16_k12,2021,18,768,2021,17,prior_weekly_forecast_errors,512,2021,17
total,market_centered,2021,18,768,2021,17,prior_weekly_forecast_errors,512,2021,17
total,market_relationships,2021,18,768,2021,17,prior_weekly_forecast_errors,512,2021,17
total,resid_h4_k4,2021,18,768,2021,17,prior_weekly_forecast_errors,512,2021,17
total,resid_h4_k12,2021,18,768,2021,17,prior_weekly_forecast_errors,512,2021,17
total,resid_h16_k4,2021,18,768,2021,17,prior_weekly_forecast_errors,512,2021,17
total,resid_h16_k12,2021,18,768,2021,17,prior_weekly_forecast_errors,512,2021,17
margin,market_centered,2022,1,784,2021,18,prior_weekly_forecast_errors,528,2021,18
margin,market_relationships,2022,1,784,2021,18,prior_weekly_forecast_errors,528,2021,18
margin,resid_h4_k4,2022,1,784,2021,18,prior_weekly_forecast_errors,528,2021,18
margin,resid_h4_k12,2022,1,784,2021,18,prior_weekly_forecast_errors,528,2021,18
margin,resid_h16_k4,2022,1,784,2021,18,prior_weekly_forecast_errors,528,2021,18
margin,resid_h16_k12,2022,1,784,2021,18,prior_weekly_forecast_errors,528,2021,18
total,market_centered,2022,1,784,2021,18,prior_weekly_forecast_errors,528,2021,18
total,market_relationships,2022,1,784,2021,18,prior_weekly_forecast_errors,528,2021,18
total,resid_h4_k4,2022,1,784,2021,18,prior_weekly_forecast_errors,528,2021,18
total,resid_h4_k12,2022,1,784,2021,18,prior_weekly_forecast_errors,528,2021,18
total,resid_h16_k4,2022,1,784,2021,18,prior_weekly_forecast_errors,528,2021,18
total,resid_h16_k12,2022,1,784,2021,18,prior_weekly_forecast_errors,528,2021,18
margin,market_centered,2022,2,800,2022,1,prior_weekly_forecast_errors,544,2022,1
margin,market_relationships,2022,2,800,2022,1,prior_weekly_forecast_errors,544,2022,1
margin,resid_h4_k4,2022,2,800,2022,1,prior_weekly_forecast_errors,544,2022,1
margin,resid_h4_k12,2022,2,800,2022,1,prior_weekly_forecast_errors,544,2022,1
margin,resid_h16_k4,2022,2,800,2022,1,prior_weekly_forecast_errors,544,2022,1
margin,resid_h16_k12,2022,2,800,2022,1,prior_weekly_forecast_errors,544,2022,1
total,market_centered,2022,2,800,2022,1,prior_weekly_forecast_errors,544,2022,1
total,market_relationships,2022,2,800,2022,1,prior_weekly_forecast_errors,544,2022,1
total,resid_h4_k4,2022,2,800,2022,1,prior_weekly_forecast_errors,544,2022,1
total,resid_h4_k12,2022,2,800,2022,1,prior_weekly_forecast_errors,544,2022,1
total,resid_h16_k4,2022,2,800,2022,1,prior_weekly_forecast_errors,544,2022,1
total,resid_h16_k12,2022,2,800,2022,1,prior_weekly_forecast_errors,544,2022,1
margin,market_centered,2022,3,816,2022,2,prior_weekly_forecast_errors,560,2022,2
margin,market_relationships,2022,3,816,2022,2,prior_weekly_forecast_errors,560,2022,2
margin,resid_h4_k4,2022,3,816,2022,2,prior_weekly_forecast_errors,560,2022,2
margin,resid_h4_k12,2022,3,816,2022,2,prior_weekly_forecast_errors,560,2022,2
margin,resid_h16_k4,2022,3,816,2022,2,prior_weekly_forecast_errors,560,2022,2
margin,resid_h16_k12,2022,3,816,2022,2,prior_weekly_forecast_errors,560,2022,2
total,market_centered,2022,3,816,2022,2,prior_weekly_forecast_errors,560,2022,2
total,market_relationships,2022,3,816,2022,2,prior_weekly_forecast_errors,560,2022,2
total,resid_h4_k4,2022,3,816,2022,2,prior_weekly_forecast_errors,560,2022,2
total,resid_h4_k12,2022,3,816,2022,2,prior_weekly_forecast_errors,560,2022,2
total,resid_h16_k4,2022,3,816,2022,2,prior_weekly_forecast_errors,560,2022,2
total,resid_h16_k12,2022,3,816,2022,2,prior_weekly_forecast_errors,560,2022,2
margin,market_centered,2022,4,832,2022,3,prior_weekly_forecast_errors,576,2022,3
margin,market_relationships,2022,4,832,2022,3,prior_weekly_forecast_errors,576,2022,3
margin,resid_h4_k4,2022,4,832,2022,3,prior_weekly_forecast_errors,576,2022,3
margin,resid_h4_k12,2022,4,832,2022,3,prior_weekly_forecast_errors,576,2022,3
margin,resid_h16_k4,2022,4,832,2022,3,prior_weekly_forecast_errors,576,2022,3
margin,resid_h16_k12,2022,4,832,2022,3,prior_weekly_forecast_errors,576,2022,3
total,market_centered,2022,4,832,2022,3,prior_weekly_forecast_errors,576,2022,3
total,market_relationships,2022,4,832,2022,3,prior_weekly_forecast_errors,576,2022,3
total,resid_h4_k4,2022,4,832,2022,3,prior_weekly_forecast_errors,576,2022,3
total,resid_h4_k12,2022,4,832,2022,3,prior_weekly_forecast_errors,576,2022,3
total,resid_h16_k4,2022,4,832,2022,3,prior_weekly_forecast_errors,576,2022,3
total,resid_h16_k12,2022,4,832,2022,3,prior_weekly_forecast_errors,576,2022,3
margin,market_centered,2022,5,848,2022,4,prior_weekly_forecast_errors,592,2022,4
margin,market_relationships,2022,5,848,2022,4,prior_weekly_forecast_errors,592,2022,4
margin,resid_h4_k4,2022,5,848,2022,4,prior_weekly_forecast_errors,592,2022,4
margin,resid_h4_k12,2022,5,848,2022,4,prior_weekly_forecast_errors,592,2022,4
margin,resid_h16_k4,2022,5,848,2022,4,prior_weekly_forecast_errors,592,2022,4
margin,resid_h16_k12,2022,5,848,2022,4,prior_weekly_forecast_errors,592,2022,4
total,market_centered,2022,5,848,2022,4,prior_weekly_forecast_errors,592,2022,4
total,market_relationships,2022,5,848,2022,4,prior_weekly_forecast_errors,592,2022,4
total,resid_h4_k4,2022,5,848,2022,4,prior_weekly_forecast_errors,592,2022,4
total,resid_h4_k12,2022,5,848,2022,4,prior_weekly_forecast_errors,592,2022,4
total,resid_h16_k4,2022,5,848,2022,4,prior_weekly_forecast_errors,592,2022,4
total,resid_h16_k12,2022,5,848,2022,4,prior_weekly_forecast_errors,592,2022,4
margin,market_centered,2022,6,864,2022,5,prior_weekly_forecast_errors,608,2022,5
margin,market_relationships,2022,6,864,2022,5,prior_weekly_forecast_errors,608,2022,5
margin,resid_h4_k4,2022,6,864,2022,5,prior_weekly_forecast_errors,608,2022,5
margin,resid_h4_k12,2022,6,864,2022,5,prior_weekly_forecast_errors,608,2022,5
margin,resid_h16_k4,2022,6,864,2022,5,prior_weekly_forecast_errors,608,2022,5
margin,resid_h16_k12,2022,6,864,2022,5,prior_weekly_forecast_errors,608,2022,5
total,market_centered,2022,6,864,2022,5,prior_weekly_forecast_errors,608,2022,5
total,market_relationships,2022,6,864,2022,5,prior_weekly_forecast_errors,608,2022,5
total,resid_h4_k4,2022,6,864,2022,5,prior_weekly_forecast_errors,608,2022,5
total,resid_h4_k12,2022,6,864,2022,5,prior_weekly_forecast_errors,608,2022,5
total,resid_h16_k4,2022,6,864,2022,5,prior_weekly_forecast_errors,608,2022,5
total,resid_h16_k12,2022,6,864,2022,5,prior_weekly_forecast_errors,608,2022,5
margin,market_centered,2022,7,878,2022,6,prior_weekly_forecast_errors,622,2022,6
margin,market_relationships,2022,7,878,2022,6,prior_weekly_forecast_errors,622,2022,6
margin,resid_h4_k4,2022,7,878,2022,6,prior_weekly_forecast_errors,622,2022,6
margin,resid_h4_k12,2022,7,878,2022,6,prior_weekly_forecast_errors,622,2022,6
margin,resid_h16_k4,2022,7,878,2022,6,prior_weekly_forecast_errors,622,2022,6
margin,resid_h16_k12,2022,7,878,2022,6,prior_weekly_forecast_errors,622,2022,6
total,market_centered,2022,7,878,2022,6,prior_weekly_forecast_errors,622,2022,6
total,market_relationships,2022,7,878,2022,6,prior_weekly_forecast_errors,622,2022,6
total,resid_h4_k4,2022,7,878,2022,6,prior_weekly_forecast_errors,622,2022,6
total,resid_h4_k12,2022,7,878,2022,6,prior_weekly_forecast_errors,622,2022,6
total,resid_h16_k4,2022,7,878,2022,6,prior_weekly_forecast_errors,622,2022,6
total,resid_h16_k12,2022,7,878,2022,6,prior_weekly_forecast_errors,622,2022,6
margin,market_centered,2022,8,892,2022,7,prior_weekly_forecast_errors,636,2022,7
margin,market_relationships,2022,8,892,2022,7,prior_weekly_forecast_errors,636,2022,7
margin,resid_h4_k4,2022,8,892,2022,7,prior_weekly_forecast_errors,636,2022,7
margin,resid_h4_k12,2022,8,892,2022,7,prior_weekly_forecast_errors,636,2022,7
margin,resid_h16_k4,2022,8,892,2022,7,prior_weekly_forecast_errors,636,2022,7
margin,resid_h16_k12,2022,8,892,2022,7,prior_weekly_forecast_errors,636,2022,7
total,market_centered,2022,8,892,2022,7,prior_weekly_forecast_errors,636,2022,7
total,market_relationships,2022,8,892,2022,7,prior_weekly_forecast_errors,636,2022,7
total,resid_h4_k4,2022,8,892,2022,7,prior_weekly_forecast_errors,636,2022,7
total,resid_h4_k12,2022,8,892,2022,7,prior_weekly_forecast_errors,636,2022,7
total,resid_h16_k4,2022,8,892,2022,7,prior_weekly_forecast_errors,636,2022,7
total,resid_h16_k12,2022,8,892,2022,7,prior_weekly_forecast_errors,636,2022,7
margin,market_centered,2022,9,907,2022,8,prior_weekly_forecast_errors,651,2022,8
margin,market_relationships,2022,9,907,2022,8,prior_weekly_forecast_errors,651,2022,8
margin,resid_h4_k4,2022,9,907,2022,8,prior_weekly_forecast_errors,651,2022,8
margin,resid_h4_k12,2022,9,907,2022,8,prior_weekly_forecast_errors,651,2022,8
margin,resid_h16_k4,2022,9,907,2022,8,prior_weekly_forecast_errors,651,2022,8
margin,resid_h16_k12,2022,9,907,2022,8,prior_weekly_forecast_errors,651,2022,8
total,market_centered,2022,9,907,2022,8,prior_weekly_forecast_errors,651,2022,8
total,market_relationships,2022,9,907,2022,8,prior_weekly_forecast_errors,651,2022,8
total,resid_h4_k4,2022,9,907,2022,8,prior_weekly_forecast_errors,651,2022,8
total,resid_h4_k12,2022,9,907,2022,8,prior_weekly_forecast_errors,651,2022,8
total,resid_h16_k4,2022,9,907,2022,8,prior_weekly_forecast_errors,651,2022,8
total,resid_h16_k12,2022,9,907,2022,8,prior_weekly_forecast_errors,651,2022,8
margin,market_centered,2022,10,920,2022,9,prior_weekly_forecast_errors,664,2022,9
margin,market_relationships,2022,10,920,2022,9,prior_weekly_forecast_errors,664,2022,9
margin,resid_h4_k4,2022,10,920,2022,9,prior_weekly_forecast_errors,664,2022,9
margin,resid_h4_k12,2022,10,920,2022,9,prior_weekly_forecast_errors,664,2022,9
margin,resid_h16_k4,2022,10,920,2022,9,prior_weekly_forecast_errors,664,2022,9
margin,resid_h16_k12,2022,10,920,2022,9,prior_weekly_forecast_errors,664,2022,9
total,market_centered,2022,10,920,2022,9,prior_weekly_forecast_errors,664,2022,9
total,market_relationships,2022,10,920,2022,9,prior_weekly_forecast_errors,664,2022,9
total,resid_h4_k4,2022,10,920,2022,9,prior_weekly_forecast_errors,664,2022,9
total,resid_h4_k12,2022,10,920,2022,9,prior_weekly_forecast_errors,664,2022,9
total,resid_h16_k4,2022,10,920,2022,9,prior_weekly_forecast_errors,664,2022,9
total,resid_h16_k12,2022,10,920,2022,9,prior_weekly_forecast_errors,664,2022,9
margin,market_centered,2022,11,934,2022,10,prior_weekly_forecast_errors,678,2022,10
margin,market_relationships,2022,11,934,2022,10,prior_weekly_forecast_errors,678,2022,10
margin,resid_h4_k4,2022,11,934,2022,10,prior_weekly_forecast_errors,678,2022,10
margin,resid_h4_k12,2022,11,934,2022,10,prior_weekly_forecast_errors,678,2022,10
margin,resid_h16_k4,2022,11,934,2022,10,prior_weekly_forecast_errors,678,2022,10
margin,resid_h16_k12,2022,11,934,2022,10,prior_weekly_forecast_errors,678,2022,10
total,market_centered,2022,11,934,2022,10,prior_weekly_forecast_errors,678,2022,10
total,market_relationships,2022,11,934,2022,10,prior_weekly_forecast_errors,678,2022,10
total,resid_h4_k4,2022,11,934,2022,10,prior_weekly_forecast_errors,678,2022,10
total,resid_h4_k12,2022,11,934,2022,10,prior_weekly_forecast_errors,678,2022,10
total,resid_h16_k4,2022,11,934,2022,10,prior_weekly_forecast_errors,678,2022,10
total,resid_h16_k12,2022,11,934,2022,10,prior_weekly_forecast_errors,678,2022,10
margin,market_centered,2022,12,948,2022,11,prior_weekly_forecast_errors,692,2022,11
margin,market_relationships,2022,12,948,2022,11,prior_weekly_forecast_errors,692,2022,11
margin,resid_h4_k4,2022,12,948,2022,11,prior_weekly_forecast_errors,692,2022,11
margin,resid_h4_k12,2022,12,948,2022,11,prior_weekly_forecast_errors,692,2022,11
margin,resid_h16_k4,2022,12,948,2022,11,prior_weekly_forecast_errors,692,2022,11
margin,resid_h16_k12,2022,12,948,2022,11,prior_weekly_forecast_errors,692,2022,11
total,market_centered,2022,12,948,2022,11,prior_weekly_forecast_errors,692,2022,11
total,market_relationships,2022,12,948,2022,11,prior_weekly_forecast_errors,692,2022,11
total,resid_h4_k4,2022,12,948,2022,11,prior_weekly_forecast_errors,692,2022,11
total,resid_h4_k12,2022,12,948,2022,11,prior_weekly_forecast_errors,692,2022,11
total,resid_h16_k4,2022,12,948,2022,11,prior_weekly_forecast_errors,692,2022,11
total,resid_h16_k12,2022,12,948,2022,11,prior_weekly_forecast_errors,692,2022,11
margin,market_centered,2022,13,964,2022,12,prior_weekly_forecast_errors,708,2022,12
margin,market_relationships,2022,13,964,2022,12,prior_weekly_forecast_errors,708,2022,12
margin,resid_h4_k4,2022,13,964,2022,12,prior_weekly_forecast_errors,708,2022,12
margin,resid_h4_k12,2022,13,964,2022,12,prior_weekly_forecast_errors,708,2022,12
margin,resid_h16_k4,2022,13,964,2022,12,prior_weekly_forecast_errors,708,2022,12
margin,resid_h16_k12,2022,13,964,2022,12,prior_weekly_forecast_errors,708,2022,12
total,market_centered,2022,13,964,2022,12,prior_weekly_forecast_errors,708,2022,12
total,market_relationships,2022,13,964,2022,12,prior_weekly_forecast_errors,708,2022,12
total,resid_h4_k4,2022,13,964,2022,12,prior_weekly_forecast_errors,708,2022,12
total,resid_h4_k12,2022,13,964,2022,12,prior_weekly_forecast_errors,708,2022,12
total,resid_h16_k4,2022,13,964,2022,12,prior_weekly_forecast_errors,708,2022,12
total,resid_h16_k12,2022,13,964,2022,12,prior_weekly_forecast_errors,708,2022,12
margin,market_centered,2022,14,979,2022,13,prior_weekly_forecast_errors,723,2022,13
margin,market_relationships,2022,14,979,2022,13,prior_weekly_forecast_errors,723,2022,13
margin,resid_h4_k4,2022,14,979,2022,13,prior_weekly_forecast_errors,723,2022,13
margin,resid_h4_k12,2022,14,979,2022,13,prior_weekly_forecast_errors,723,2022,13
margin,resid_h16_k4,2022,14,979,2022,13,prior_weekly_forecast_errors,723,2022,13
margin,resid_h16_k12,2022,14,979,2022,13,prior_weekly_forecast_errors,723,2022,13
total,market_centered,2022,14,979,2022,13,prior_weekly_forecast_errors,723,2022,13
total,market_relationships,2022,14,979,2022,13,prior_weekly_forecast_errors,723,2022,13
total,resid_h4_k4,2022,14,979,2022,13,prior_weekly_forecast_errors,723,2022,13
total,resid_h4_k12,2022,14,979,2022,13,prior_weekly_forecast_errors,723,2022,13
total,resid_h16_k4,2022,14,979,2022,13,prior_weekly_forecast_errors,723,2022,13
total,resid_h16_k12,2022,14,979,2022,13,prior_weekly_forecast_errors,723,2022,13
margin,market_centered,2022,15,992,2022,14,prior_weekly_forecast_errors,736,2022,14
margin,market_relationships,2022,15,992,2022,14,prior_weekly_forecast_errors,736,2022,14
margin,resid_h4_k4,2022,15,992,2022,14,prior_weekly_forecast_errors,736,2022,14
margin,resid_h4_k12,2022,15,992,2022,14,prior_weekly_forecast_errors,736,2022,14
margin,resid_h16_k4,2022,15,992,2022,14,prior_weekly_forecast_errors,736,2022,14
margin,resid_h16_k12,2022,15,992,2022,14,prior_weekly_forecast_errors,736,2022,14
total,market_centered,2022,15,992,2022,14,prior_weekly_forecast_errors,736,2022,14
total,market_relationships,2022,15,992,2022,14,prior_weekly_forecast_errors,736,2022,14
total,resid_h4_k4,2022,15,992,2022,14,prior_weekly_forecast_errors,736,2022,14
total,resid_h4_k12,2022,15,992,2022,14,prior_weekly_forecast_errors,736,2022,14
total,resid_h16_k4,2022,15,992,2022,14,prior_weekly_forecast_errors,736,2022,14
total,resid_h16_k12,2022,15,992,2022,14,prior_weekly_forecast_errors,736,2022,14
margin,market_centered,2022,16,1008,2022,15,prior_weekly_forecast_errors,752,2022,15
margin,market_relationships,2022,16,1008,2022,15,prior_weekly_forecast_errors,752,2022,15
margin,resid_h4_k4,2022,16,1008,2022,15,prior_weekly_forecast_errors,752,2022,15
margin,resid_h4_k12,2022,16,1008,2022,15,prior_weekly_forecast_errors,752,2022,15
margin,resid_h16_k4,2022,16,1008,2022,15,prior_weekly_forecast_errors,752,2022,15
margin,resid_h16_k12,2022,16,1008,2022,15,prior_weekly_forecast_errors,752,2022,15
total,market_centered,2022,16,1008,2022,15,prior_weekly_forecast_errors,752,2022,15
total,market_relationships,2022,16,1008,2022,15,prior_weekly_forecast_errors,752,2022,15
total,resid_h4_k4,2022,16,1008,2022,15,prior_weekly_forecast_errors,752,2022,15
total,resid_h4_k12,2022,16,1008,2022,15,prior_weekly_forecast_errors,752,2022,15
total,resid_h16_k4,2022,16,1008,2022,15,prior_weekly_forecast_errors,752,2022,15
total,resid_h16_k12,2022,16,1008,2022,15,prior_weekly_forecast_errors,752,2022,15
margin,market_centered,2022,17,1024,2022,16,prior_weekly_forecast_errors,768,2022,16
margin,market_relationships,2022,17,1024,2022,16,prior_weekly_forecast_errors,768,2022,16
margin,resid_h4_k4,2022,17,1024,2022,16,prior_weekly_forecast_errors,768,2022,16
margin,resid_h4_k12,2022,17,1024,2022,16,prior_weekly_forecast_errors,768,2022,16
margin,resid_h16_k4,2022,17,1024,2022,16,prior_weekly_forecast_errors,768,2022,16
margin,resid_h16_k12,2022,17,1024,2022,16,prior_weekly_forecast_errors,768,2022,16
total,market_centered,2022,17,1024,2022,16,prior_weekly_forecast_errors,768,2022,16
total,market_relationships,2022,17,1024,2022,16,prior_weekly_forecast_errors,768,2022,16
total,resid_h4_k4,2022,17,1024,2022,16,prior_weekly_forecast_errors,768,2022,16
total,resid_h4_k12,2022,17,1024,2022,16,prior_weekly_forecast_errors,768,2022,16
total,resid_h16_k4,2022,17,1024,2022,16,prior_weekly_forecast_errors,768,2022,16
total,resid_h16_k12,2022,17,1024,2022,16,prior_weekly_forecast_errors,768,2022,16
margin,market_centered,2022,18,1039,2022,17,prior_weekly_forecast_errors,783,2022,17
margin,market_relationships,2022,18,1039,2022,17,prior_weekly_forecast_errors,783,2022,17
margin,resid_h4_k4,2022,18,1039,2022,17,prior_weekly_forecast_errors,783,2022,17
margin,resid_h4_k12,2022,18,1039,2022,17,prior_weekly_forecast_errors,783,2022,17
margin,resid_h16_k4,2022,18,1039,2022,17,prior_weekly_forecast_errors,783,2022,17
margin,resid_h16_k12,2022,18,1039,2022,17,prior_weekly_forecast_errors,783,2022,17
total,market_centered,2022,18,1039,2022,17,prior_weekly_forecast_errors,783,2022,17
total,market_relationships,2022,18,1039,2022,17,prior_weekly_forecast_errors,783,2022,17
total,resid_h4_k4,2022,18,1039,2022,17,prior_weekly_forecast_errors,783,2022,17
total,resid_h4_k12,2022,18,1039,2022,17,prior_weekly_forecast_errors,783,2022,17
total,resid_h16_k4,2022,18,1039,2022,17,prior_weekly_forecast_errors,783,2022,17
total,resid_h16_k12,2022,18,1039,2022,17,prior_weekly_forecast_errors,783,2022,17
margin,market_centered,2023,1,1055,2022,18,prior_weekly_forecast_errors,799,2022,18
margin,market_relationships,2023,1,1055,2022,18,prior_weekly_forecast_errors,799,2022,18
margin,resid_h4_k4,2023,1,1055,2022,18,prior_weekly_forecast_errors,799,2022,18
margin,resid_h4_k12,2023,1,1055,2022,18,prior_weekly_forecast_errors,799,2022,18
margin,resid_h16_k4,2023,1,1055,2022,18,prior_weekly_forecast_errors,799,2022,18
margin,resid_h16_k12,2023,1,1055,2022,18,prior_weekly_forecast_errors,799,2022,18
total,market_centered,2023,1,1055,2022,18,prior_weekly_forecast_errors,799,2022,18
total,market_relationships,2023,1,1055,2022,18,prior_weekly_forecast_errors,799,2022,18
total,resid_h4_k4,2023,1,1055,2022,18,prior_weekly_forecast_errors,799,2022,18
total,resid_h4_k12,2023,1,1055,2022,18,prior_weekly_forecast_errors,799,2022,18
total,resid_h16_k4,2023,1,1055,2022,18,prior_weekly_forecast_errors,799,2022,18
total,resid_h16_k12,2023,1,1055,2022,18,prior_weekly_forecast_errors,799,2022,18
margin,market_centered,2023,2,1071,2023,1,prior_weekly_forecast_errors,815,2023,1
margin,market_relationships,2023,2,1071,2023,1,prior_weekly_forecast_errors,815,2023,1
margin,resid_h4_k4,2023,2,1071,2023,1,prior_weekly_forecast_errors,815,2023,1
margin,resid_h4_k12,2023,2,1071,2023,1,prior_weekly_forecast_errors,815,2023,1
margin,resid_h16_k4,2023,2,1071,2023,1,prior_weekly_forecast_errors,815,2023,1
margin,resid_h16_k12,2023,2,1071,2023,1,prior_weekly_forecast_errors,815,2023,1
total,market_centered,2023,2,1071,2023,1,prior_weekly_forecast_errors,815,2023,1
total,market_relationships,2023,2,1071,2023,1,prior_weekly_forecast_errors,815,2023,1
total,resid_h4_k4,2023,2,1071,2023,1,prior_weekly_forecast_errors,815,2023,1
total,resid_h4_k12,2023,2,1071,2023,1,prior_weekly_forecast_errors,815,2023,1
total,resid_h16_k4,2023,2,1071,2023,1,prior_weekly_forecast_errors,815,2023,1
total,resid_h16_k12,2023,2,1071,2023,1,prior_weekly_forecast_errors,815,2023,1
margin,market_centered,2023,3,1087,2023,2,prior_weekly_forecast_errors,831,2023,2
margin,market_relationships,2023,3,1087,2023,2,prior_weekly_forecast_errors,831,2023,2
margin,resid_h4_k4,2023,3,1087,2023,2,prior_weekly_forecast_errors,831,2023,2
margin,resid_h4_k12,2023,3,1087,2023,2,prior_weekly_forecast_errors,831,2023,2
margin,resid_h16_k4,2023,3,1087,2023,2,prior_weekly_forecast_errors,831,2023,2
margin,resid_h16_k12,2023,3,1087,2023,2,prior_weekly_forecast_errors,831,2023,2
total,market_centered,2023,3,1087,2023,2,prior_weekly_forecast_errors,831,2023,2
total,market_relationships,2023,3,1087,2023,2,prior_weekly_forecast_errors,831,2023,2
total,resid_h4_k4,2023,3,1087,2023,2,prior_weekly_forecast_errors,831,2023,2
total,resid_h4_k12,2023,3,1087,2023,2,prior_weekly_forecast_errors,831,2023,2
total,resid_h16_k4,2023,3,1087,2023,2,prior_weekly_forecast_errors,831,2023,2
total,resid_h16_k12,2023,3,1087,2023,2,prior_weekly_forecast_errors,831,2023,2
margin,market_centered,2023,4,1103,2023,3,prior_weekly_forecast_errors,847,2023,3
margin,market_relationships,2023,4,1103,2023,3,prior_weekly_forecast_errors,847,2023,3
margin,resid_h4_k4,2023,4,1103,2023,3,prior_weekly_forecast_errors,847,2023,3
margin,resid_h4_k12,2023,4,1103,2023,3,prior_weekly_forecast_errors,847,2023,3
margin,resid_h16_k4,2023,4,1103,2023,3,prior_weekly_forecast_errors,847,2023,3
margin,resid_h16_k12,2023,4,1103,2023,3,prior_weekly_forecast_errors,847,2023,3
total,market_centered,2023,4,1103,2023,3,prior_weekly_forecast_errors,847,2023,3
total,market_relationships,2023,4,1103,2023,3,prior_weekly_forecast_errors,847,2023,3
total,resid_h4_k4,2023,4,1103,2023,3,prior_weekly_forecast_errors,847,2023,3
total,resid_h4_k12,2023,4,1103,2023,3,prior_weekly_forecast_errors,847,2023,3
total,resid_h16_k4,2023,4,1103,2023,3,prior_weekly_forecast_errors,847,2023,3
total,resid_h16_k12,2023,4,1103,2023,3,prior_weekly_forecast_errors,847,2023,3
margin,market_centered,2023,5,1119,2023,4,prior_weekly_forecast_errors,863,2023,4
margin,market_relationships,2023,5,1119,2023,4,prior_weekly_forecast_errors,863,2023,4
margin,resid_h4_k4,2023,5,1119,2023,4,prior_weekly_forecast_errors,863,2023,4
margin,resid_h4_k12,2023,5,1119,2023,4,prior_weekly_forecast_errors,863,2023,4
margin,resid_h16_k4,2023,5,1119,2023,4,prior_weekly_forecast_errors,863,2023,4
margin,resid_h16_k12,2023,5,1119,2023,4,prior_weekly_forecast_errors,863,2023,4
total,market_centered,2023,5,1119,2023,4,prior_weekly_forecast_errors,863,2023,4
total,market_relationships,2023,5,1119,2023,4,prior_weekly_forecast_errors,863,2023,4
total,resid_h4_k4,2023,5,1119,2023,4,prior_weekly_forecast_errors,863,2023,4
total,resid_h4_k12,2023,5,1119,2023,4,prior_weekly_forecast_errors,863,2023,4
total,resid_h16_k4,2023,5,1119,2023,4,prior_weekly_forecast_errors,863,2023,4
total,resid_h16_k12,2023,5,1119,2023,4,prior_weekly_forecast_errors,863,2023,4
margin,market_centered,2023,6,1133,2023,5,prior_weekly_forecast_errors,877,2023,5
margin,market_relationships,2023,6,1133,2023,5,prior_weekly_forecast_errors,877,2023,5
margin,resid_h4_k4,2023,6,1133,2023,5,prior_weekly_forecast_errors,877,2023,5
margin,resid_h4_k12,2023,6,1133,2023,5,prior_weekly_forecast_errors,877,2023,5
margin,resid_h16_k4,2023,6,1133,2023,5,prior_weekly_forecast_errors,877,2023,5
margin,resid_h16_k12,2023,6,1133,2023,5,prior_weekly_forecast_errors,877,2023,5
total,market_centered,2023,6,1133,2023,5,prior_weekly_forecast_errors,877,2023,5
total,market_relationships,2023,6,1133,2023,5,prior_weekly_forecast_errors,877,2023,5
total,resid_h4_k4,2023,6,1133,2023,5,prior_weekly_forecast_errors,877,2023,5
total,resid_h4_k12,2023,6,1133,2023,5,prior_weekly_forecast_errors,877,2023,5
total,resid_h16_k4,2023,6,1133,2023,5,prior_weekly_forecast_errors,877,2023,5
total,resid_h16_k12,2023,6,1133,2023,5,prior_weekly_forecast_errors,877,2023,5
margin,market_centered,2023,7,1148,2023,6,prior_weekly_forecast_errors,892,2023,6
margin,market_relationships,2023,7,1148,2023,6,prior_weekly_forecast_errors,892,2023,6
margin,resid_h4_k4,2023,7,1148,2023,6,prior_weekly_forecast_errors,892,2023,6
margin,resid_h4_k12,2023,7,1148,2023,6,prior_weekly_forecast_errors,892,2023,6
margin,resid_h16_k4,2023,7,1148,2023,6,prior_weekly_forecast_errors,892,2023,6
margin,resid_h16_k12,2023,7,1148,2023,6,prior_weekly_forecast_errors,892,2023,6
total,market_centered,2023,7,1148,2023,6,prior_weekly_forecast_errors,892,2023,6
total,market_relationships,2023,7,1148,2023,6,prior_weekly_forecast_errors,892,2023,6
total,resid_h4_k4,2023,7,1148,2023,6,prior_weekly_forecast_errors,892,2023,6
total,resid_h4_k12,2023,7,1148,2023,6,prior_weekly_forecast_errors,892,2023,6
total,resid_h16_k4,2023,7,1148,2023,6,prior_weekly_forecast_errors,892,2023,6
total,resid_h16_k12,2023,7,1148,2023,6,prior_weekly_forecast_errors,892,2023,6
margin,market_centered,2023,8,1161,2023,7,prior_weekly_forecast_errors,905,2023,7
margin,market_relationships,2023,8,1161,2023,7,prior_weekly_forecast_errors,905,2023,7
margin,resid_h4_k4,2023,8,1161,2023,7,prior_weekly_forecast_errors,905,2023,7
margin,resid_h4_k12,2023,8,1161,2023,7,prior_weekly_forecast_errors,905,2023,7
margin,resid_h16_k4,2023,8,1161,2023,7,prior_weekly_forecast_errors,905,2023,7
margin,resid_h16_k12,2023,8,1161,2023,7,prior_weekly_forecast_errors,905,2023,7
total,market_centered,2023,8,1161,2023,7,prior_weekly_forecast_errors,905,2023,7
total,market_relationships,2023,8,1161,2023,7,prior_weekly_forecast_errors,905,2023,7
total,resid_h4_k4,2023,8,1161,2023,7,prior_weekly_forecast_errors,905,2023,7
total,resid_h4_k12,2023,8,1161,2023,7,prior_weekly_forecast_errors,905,2023,7
total,resid_h16_k4,2023,8,1161,2023,7,prior_weekly_forecast_errors,905,2023,7
total,resid_h16_k12,2023,8,1161,2023,7,prior_weekly_forecast_errors,905,2023,7
margin,market_centered,2023,9,1177,2023,8,prior_weekly_forecast_errors,921,2023,8
margin,market_relationships,2023,9,1177,2023,8,prior_weekly_forecast_errors,921,2023,8
margin,resid_h4_k4,2023,9,1177,2023,8,prior_weekly_forecast_errors,921,2023,8
margin,resid_h4_k12,2023,9,1177,2023,8,prior_weekly_forecast_errors,921,2023,8
margin,resid_h16_k4,2023,9,1177,2023,8,prior_weekly_forecast_errors,921,2023,8
margin,resid_h16_k12,2023,9,1177,2023,8,prior_weekly_forecast_errors,921,2023,8
total,market_centered,2023,9,1177,2023,8,prior_weekly_forecast_errors,921,2023,8
total,market_relationships,2023,9,1177,2023,8,prior_weekly_forecast_errors,921,2023,8
total,resid_h4_k4,2023,9,1177,2023,8,prior_weekly_forecast_errors,921,2023,8
total,resid_h4_k12,2023,9,1177,2023,8,prior_weekly_forecast_errors,921,2023,8
total,resid_h16_k4,2023,9,1177,2023,8,prior_weekly_forecast_errors,921,2023,8
total,resid_h16_k12,2023,9,1177,2023,8,prior_weekly_forecast_errors,921,2023,8
margin,market_centered,2023,10,1191,2023,9,prior_weekly_forecast_errors,935,2023,9
margin,market_relationships,2023,10,1191,2023,9,prior_weekly_forecast_errors,935,2023,9
margin,resid_h4_k4,2023,10,1191,2023,9,prior_weekly_forecast_errors,935,2023,9
margin,resid_h4_k12,2023,10,1191,2023,9,prior_weekly_forecast_errors,935,2023,9
margin,resid_h16_k4,2023,10,1191,2023,9,prior_weekly_forecast_errors,935,2023,9
margin,resid_h16_k12,2023,10,1191,2023,9,prior_weekly_forecast_errors,935,2023,9
total,market_centered,2023,10,1191,2023,9,prior_weekly_forecast_errors,935,2023,9
total,market_relationships,2023,10,1191,2023,9,prior_weekly_forecast_errors,935,2023,9
total,resid_h4_k4,2023,10,1191,2023,9,prior_weekly_forecast_errors,935,2023,9
total,resid_h4_k12,2023,10,1191,2023,9,prior_weekly_forecast_errors,935,2023,9
total,resid_h16_k4,2023,10,1191,2023,9,prior_weekly_forecast_errors,935,2023,9
total,resid_h16_k12,2023,10,1191,2023,9,prior_weekly_forecast_errors,935,2023,9
margin,market_centered,2023,11,1205,2023,10,prior_weekly_forecast_errors,949,2023,10
margin,market_relationships,2023,11,1205,2023,10,prior_weekly_forecast_errors,949,2023,10
margin,resid_h4_k4,2023,11,1205,2023,10,prior_weekly_forecast_errors,949,2023,10
margin,resid_h4_k12,2023,11,1205,2023,10,prior_weekly_forecast_errors,949,2023,10
margin,resid_h16_k4,2023,11,1205,2023,10,prior_weekly_forecast_errors,949,2023,10
margin,resid_h16_k12,2023,11,1205,2023,10,prior_weekly_forecast_errors,949,2023,10
total,market_centered,2023,11,1205,2023,10,prior_weekly_forecast_errors,949,2023,10
total,market_relationships,2023,11,1205,2023,10,prior_weekly_forecast_errors,949,2023,10
total,resid_h4_k4,2023,11,1205,2023,10,prior_weekly_forecast_errors,949,2023,10
total,resid_h4_k12,2023,11,1205,2023,10,prior_weekly_forecast_errors,949,2023,10
total,resid_h16_k4,2023,11,1205,2023,10,prior_weekly_forecast_errors,949,2023,10
total,resid_h16_k12,2023,11,1205,2023,10,prior_weekly_forecast_errors,949,2023,10
margin,market_centered,2023,12,1219,2023,11,prior_weekly_forecast_errors,963,2023,11
margin,market_relationships,2023,12,1219,2023,11,prior_weekly_forecast_errors,963,2023,11
margin,resid_h4_k4,2023,12,1219,2023,11,prior_weekly_forecast_errors,963,2023,11
margin,resid_h4_k12,2023,12,1219,2023,11,prior_weekly_forecast_errors,963,2023,11
margin,resid_h16_k4,2023,12,1219,2023,11,prior_weekly_forecast_errors,963,2023,11
margin,resid_h16_k12,2023,12,1219,2023,11,prior_weekly_forecast_errors,963,2023,11
total,market_centered,2023,12,1219,2023,11,prior_weekly_forecast_errors,963,2023,11
total,market_relationships,2023,12,1219,2023,11,prior_weekly_forecast_errors,963,2023,11
total,resid_h4_k4,2023,12,1219,2023,11,prior_weekly_forecast_errors,963,2023,11
total,resid_h4_k12,2023,12,1219,2023,11,prior_weekly_forecast_errors,963,2023,11
total,resid_h16_k4,2023,12,1219,2023,11,prior_weekly_forecast_errors,963,2023,11
total,resid_h16_k12,2023,12,1219,2023,11,prior_weekly_forecast_errors,963,2023,11
margin,market_centered,2023,13,1235,2023,12,prior_weekly_forecast_errors,979,2023,12
margin,market_relationships,2023,13,1235,2023,12,prior_weekly_forecast_errors,979,2023,12
margin,resid_h4_k4,2023,13,1235,2023,12,prior_weekly_forecast_errors,979,2023,12
margin,resid_h4_k12,2023,13,1235,2023,12,prior_weekly_forecast_errors,979,2023,12
margin,resid_h16_k4,2023,13,1235,2023,12,prior_weekly_forecast_errors,979,2023,12
margin,resid_h16_k12,2023,13,1235,2023,12,prior_weekly_forecast_errors,979,2023,12
total,market_centered,2023,13,1235,2023,12,prior_weekly_forecast_errors,979,2023,12
total,market_relationships,2023,13,1235,2023,12,prior_weekly_forecast_errors,979,2023,12
total,resid_h4_k4,2023,13,1235,2023,12,prior_weekly_forecast_errors,979,2023,12
total,resid_h4_k12,2023,13,1235,2023,12,prior_weekly_forecast_errors,979,2023,12
total,resid_h16_k4,2023,13,1235,2023,12,prior_weekly_forecast_errors,979,2023,12
total,resid_h16_k12,2023,13,1235,2023,12,prior_weekly_forecast_errors,979,2023,12
margin,market_centered,2023,14,1248,2023,13,prior_weekly_forecast_errors,992,2023,13
margin,market_relationships,2023,14,1248,2023,13,prior_weekly_forecast_errors,992,2023,13
margin,resid_h4_k4,2023,14,1248,2023,13,prior_weekly_forecast_errors,992,2023,13
margin,resid_h4_k12,2023,14,1248,2023,13,prior_weekly_forecast_errors,992,2023,13
margin,resid_h16_k4,2023,14,1248,2023,13,prior_weekly_forecast_errors,992,2023,13
margin,resid_h16_k12,2023,14,1248,2023,13,prior_weekly_forecast_errors,992,2023,13
total,market_centered,2023,14,1248,2023,13,prior_weekly_forecast_errors,992,2023,13
total,market_relationships,2023,14,1248,2023,13,prior_weekly_forecast_errors,992,2023,13
total,resid_h4_k4,2023,14,1248,2023,13,prior_weekly_forecast_errors,992,2023,13
total,resid_h4_k12,2023,14,1248,2023,13,prior_weekly_forecast_errors,992,2023,13
total,resid_h16_k4,2023,14,1248,2023,13,prior_weekly_forecast_errors,992,2023,13
total,resid_h16_k12,2023,14,1248,2023,13,prior_weekly_forecast_errors,992,2023,13
margin,market_centered,2023,15,1263,2023,14,prior_weekly_forecast_errors,1007,2023,14
margin,market_relationships,2023,15,1263,2023,14,prior_weekly_forecast_errors,1007,2023,14
margin,resid_h4_k4,2023,15,1263,2023,14,prior_weekly_forecast_errors,1007,2023,14
margin,resid_h4_k12,2023,15,1263,2023,14,prior_weekly_forecast_errors,1007,2023,14
margin,resid_h16_k4,2023,15,1263,2023,14,prior_weekly_forecast_errors,1007,2023,14
margin,resid_h16_k12,2023,15,1263,2023,14,prior_weekly_forecast_errors,1007,2023,14
total,market_centered,2023,15,1263,2023,14,prior_weekly_forecast_errors,1007,2023,14
total,market_relationships,2023,15,1263,2023,14,prior_weekly_forecast_errors,1007,2023,14
total,resid_h4_k4,2023,15,1263,2023,14,prior_weekly_forecast_errors,1007,2023,14
total,resid_h4_k12,2023,15,1263,2023,14,prior_weekly_forecast_errors,1007,2023,14
total,resid_h16_k4,2023,15,1263,2023,14,prior_weekly_forecast_errors,1007,2023,14
total,resid_h16_k12,2023,15,1263,2023,14,prior_weekly_forecast_errors,1007,2023,14
margin,market_centered,2023,16,1279,2023,15,prior_weekly_forecast_errors,1023,2023,15
margin,market_relationships,2023,16,1279,2023,15,prior_weekly_forecast_errors,1023,2023,15
margin,resid_h4_k4,2023,16,1279,2023,15,prior_weekly_forecast_errors,1023,2023,15
margin,resid_h4_k12,2023,16,1279,2023,15,prior_weekly_forecast_errors,1023,2023,15
margin,resid_h16_k4,2023,16,1279,2023,15,prior_weekly_forecast_errors,1023,2023,15
margin,resid_h16_k12,2023,16,1279,2023,15,prior_weekly_forecast_errors,1023,2023,15
total,market_centered,2023,16,1279,2023,15,prior_weekly_forecast_errors,1023,2023,15
total,market_relationships,2023,16,1279,2023,15,prior_weekly_forecast_errors,1023,2023,15
total,resid_h4_k4,2023,16,1279,2023,15,prior_weekly_forecast_errors,1023,2023,15
total,resid_h4_k12,2023,16,1279,2023,15,prior_weekly_forecast_errors,1023,2023,15
total,resid_h16_k4,2023,16,1279,2023,15,prior_weekly_forecast_errors,1023,2023,15
total,resid_h16_k12,2023,16,1279,2023,15,prior_weekly_forecast_errors,1023,2023,15
margin,market_centered,2023,17,1295,2023,16,prior_weekly_forecast_errors,1039,2023,16
margin,market_relationships,2023,17,1295,2023,16,prior_weekly_forecast_errors,1039,2023,16
margin,resid_h4_k4,2023,17,1295,2023,16,prior_weekly_forecast_errors,1039,2023,16
margin,resid_h4_k12,2023,17,1295,2023,16,prior_weekly_forecast_errors,1039,2023,16
margin,resid_h16_k4,2023,17,1295,2023,16,prior_weekly_forecast_errors,1039,2023,16
margin,resid_h16_k12,2023,17,1295,2023,16,prior_weekly_forecast_errors,1039,2023,16
total,market_centered,2023,17,1295,2023,16,prior_weekly_forecast_errors,1039,2023,16
total,market_relationships,2023,17,1295,2023,16,prior_weekly_forecast_errors,1039,2023,16
total,resid_h4_k4,2023,17,1295,2023,16,prior_weekly_forecast_errors,1039,2023,16
total,resid_h4_k12,2023,17,1295,2023,16,prior_weekly_forecast_errors,1039,2023,16
total,resid_h16_k4,2023,17,1295,2023,16,prior_weekly_forecast_errors,1039,2023,16
total,resid_h16_k12,2023,17,1295,2023,16,prior_weekly_forecast_errors,1039,2023,16
margin,market_centered,2023,18,1311,2023,17,prior_weekly_forecast_errors,1055,2023,17
margin,market_relationships,2023,18,1311,2023,17,prior_weekly_forecast_errors,1055,2023,17
margin,resid_h4_k4,2023,18,1311,2023,17,prior_weekly_forecast_errors,1055,2023,17
margin,resid_h4_k12,2023,18,1311,2023,17,prior_weekly_forecast_errors,1055,2023,17
margin,resid_h16_k4,2023,18,1311,2023,17,prior_weekly_forecast_errors,1055,2023,17
margin,resid_h16_k12,2023,18,1311,2023,17,prior_weekly_forecast_errors,1055,2023,17
total,market_centered,2023,18,1311,2023,17,prior_weekly_forecast_errors,1055,2023,17
total,market_relationships,2023,18,1311,2023,17,prior_weekly_forecast_errors,1055,2023,17
total,resid_h4_k4,2023,18,1311,2023,17,prior_weekly_forecast_errors,1055,2023,17
total,resid_h4_k12,2023,18,1311,2023,17,prior_weekly_forecast_errors,1055,2023,17
total,resid_h16_k4,2023,18,1311,2023,17,prior_weekly_forecast_errors,1055,2023,17
total,resid_h16_k12,2023,18,1311,2023,17,prior_weekly_forecast_errors,1055,2023,17
margin,market_centered,2024,1,1327,2023,18,prior_weekly_forecast_errors,1071,2023,18
margin,market_relationships,2024,1,1327,2023,18,prior_weekly_forecast_errors,1071,2023,18
margin,resid_h4_k4,2024,1,1327,2023,18,prior_weekly_forecast_errors,1071,2023,18
margin,resid_h4_k12,2024,1,1327,2023,18,prior_weekly_forecast_errors,1071,2023,18
margin,resid_h16_k4,2024,1,1327,2023,18,prior_weekly_forecast_errors,1071,2023,18
margin,resid_h16_k12,2024,1,1327,2023,18,prior_weekly_forecast_errors,1071,2023,18
total,market_centered,2024,1,1327,2023,18,prior_weekly_forecast_errors,1071,2023,18
total,market_relationships,2024,1,1327,2023,18,prior_weekly_forecast_errors,1071,2023,18
total,resid_h4_k4,2024,1,1327,2023,18,prior_weekly_forecast_errors,1071,2023,18
total,resid_h4_k12,2024,1,1327,2023,18,prior_weekly_forecast_errors,1071,2023,18
total,resid_h16_k4,2024,1,1327,2023,18,prior_weekly_forecast_errors,1071,2023,18
total,resid_h16_k12,2024,1,1327,2023,18,prior_weekly_forecast_errors,1071,2023,18
margin,market_centered,2024,2,1343,2024,1,prior_weekly_forecast_errors,1087,2024,1
margin,market_relationships,2024,2,1343,2024,1,prior_weekly_forecast_errors,1087,2024,1
margin,resid_h4_k4,2024,2,1343,2024,1,prior_weekly_forecast_errors,1087,2024,1
margin,resid_h4_k12,2024,2,1343,2024,1,prior_weekly_forecast_errors,1087,2024,1
margin,resid_h16_k4,2024,2,1343,2024,1,prior_weekly_forecast_errors,1087,2024,1
margin,resid_h16_k12,2024,2,1343,2024,1,prior_weekly_forecast_errors,1087,2024,1
total,market_centered,2024,2,1343,2024,1,prior_weekly_forecast_errors,1087,2024,1
total,market_relationships,2024,2,1343,2024,1,prior_weekly_forecast_errors,1087,2024,1
total,resid_h4_k4,2024,2,1343,2024,1,prior_weekly_forecast_errors,1087,2024,1
total,resid_h4_k12,2024,2,1343,2024,1,prior_weekly_forecast_errors,1087,2024,1
total,resid_h16_k4,2024,2,1343,2024,1,prior_weekly_forecast_errors,1087,2024,1
total,resid_h16_k12,2024,2,1343,2024,1,prior_weekly_forecast_errors,1087,2024,1
margin,market_centered,2024,3,1359,2024,2,prior_weekly_forecast_errors,1103,2024,2
margin,market_relationships,2024,3,1359,2024,2,prior_weekly_forecast_errors,1103,2024,2
margin,resid_h4_k4,2024,3,1359,2024,2,prior_weekly_forecast_errors,1103,2024,2
margin,resid_h4_k12,2024,3,1359,2024,2,prior_weekly_forecast_errors,1103,2024,2
margin,resid_h16_k4,2024,3,1359,2024,2,prior_weekly_forecast_errors,1103,2024,2
margin,resid_h16_k12,2024,3,1359,2024,2,prior_weekly_forecast_errors,1103,2024,2
total,market_centered,2024,3,1359,2024,2,prior_weekly_forecast_errors,1103,2024,2
total,market_relationships,2024,3,1359,2024,2,prior_weekly_forecast_errors,1103,2024,2
total,resid_h4_k4,2024,3,1359,2024,2,prior_weekly_forecast_errors,1103,2024,2
total,resid_h4_k12,2024,3,1359,2024,2,prior_weekly_forecast_errors,1103,2024,2
total,resid_h16_k4,2024,3,1359,2024,2,prior_weekly_forecast_errors,1103,2024,2
total,resid_h16_k12,2024,3,1359,2024,2,prior_weekly_forecast_errors,1103,2024,2
margin,market_centered,2024,4,1375,2024,3,prior_weekly_forecast_errors,1119,2024,3
margin,market_relationships,2024,4,1375,2024,3,prior_weekly_forecast_errors,1119,2024,3
margin,resid_h4_k4,2024,4,1375,2024,3,prior_weekly_forecast_errors,1119,2024,3
margin,resid_h4_k12,2024,4,1375,2024,3,prior_weekly_forecast_errors,1119,2024,3
margin,resid_h16_k4,2024,4,1375,2024,3,prior_weekly_forecast_errors,1119,2024,3
margin,resid_h16_k12,2024,4,1375,2024,3,prior_weekly_forecast_errors,1119,2024,3
total,market_centered,2024,4,1375,2024,3,prior_weekly_forecast_errors,1119,2024,3
total,market_relationships,2024,4,1375,2024,3,prior_weekly_forecast_errors,1119,2024,3
total,resid_h4_k4,2024,4,1375,2024,3,prior_weekly_forecast_errors,1119,2024,3
total,resid_h4_k12,2024,4,1375,2024,3,prior_weekly_forecast_errors,1119,2024,3
total,resid_h16_k4,2024,4,1375,2024,3,prior_weekly_forecast_errors,1119,2024,3
total,resid_h16_k12,2024,4,1375,2024,3,prior_weekly_forecast_errors,1119,2024,3
margin,market_centered,2024,5,1391,2024,4,prior_weekly_forecast_errors,1135,2024,4
margin,market_relationships,2024,5,1391,2024,4,prior_weekly_forecast_errors,1135,2024,4
margin,resid_h4_k4,2024,5,1391,2024,4,prior_weekly_forecast_errors,1135,2024,4
margin,resid_h4_k12,2024,5,1391,2024,4,prior_weekly_forecast_errors,1135,2024,4
margin,resid_h16_k4,2024,5,1391,2024,4,prior_weekly_forecast_errors,1135,2024,4
margin,resid_h16_k12,2024,5,1391,2024,4,prior_weekly_forecast_errors,1135,2024,4
total,market_centered,2024,5,1391,2024,4,prior_weekly_forecast_errors,1135,2024,4
total,market_relationships,2024,5,1391,2024,4,prior_weekly_forecast_errors,1135,2024,4
total,resid_h4_k4,2024,5,1391,2024,4,prior_weekly_forecast_errors,1135,2024,4
total,resid_h4_k12,2024,5,1391,2024,4,prior_weekly_forecast_errors,1135,2024,4
total,resid_h16_k4,2024,5,1391,2024,4,prior_weekly_forecast_errors,1135,2024,4
total,resid_h16_k12,2024,5,1391,2024,4,prior_weekly_forecast_errors,1135,2024,4
margin,market_centered,2024,6,1405,2024,5,prior_weekly_forecast_errors,1149,2024,5
margin,market_relationships,2024,6,1405,2024,5,prior_weekly_forecast_errors,1149,2024,5
margin,resid_h4_k4,2024,6,1405,2024,5,prior_weekly_forecast_errors,1149,2024,5
margin,resid_h4_k12,2024,6,1405,2024,5,prior_weekly_forecast_errors,1149,2024,5
margin,resid_h16_k4,2024,6,1405,2024,5,prior_weekly_forecast_errors,1149,2024,5
margin,resid_h16_k12,2024,6,1405,2024,5,prior_weekly_forecast_errors,1149,2024,5
total,market_centered,2024,6,1405,2024,5,prior_weekly_forecast_errors,1149,2024,5
total,market_relationships,2024,6,1405,2024,5,prior_weekly_forecast_errors,1149,2024,5
total,resid_h4_k4,2024,6,1405,2024,5,prior_weekly_forecast_errors,1149,2024,5
total,resid_h4_k12,2024,6,1405,2024,5,prior_weekly_forecast_errors,1149,2024,5
total,resid_h16_k4,2024,6,1405,2024,5,prior_weekly_forecast_errors,1149,2024,5
total,resid_h16_k12,2024,6,1405,2024,5,prior_weekly_forecast_errors,1149,2024,5
margin,market_centered,2024,7,1419,2024,6,prior_weekly_forecast_errors,1163,2024,6
margin,market_relationships,2024,7,1419,2024,6,prior_weekly_forecast_errors,1163,2024,6
margin,resid_h4_k4,2024,7,1419,2024,6,prior_weekly_forecast_errors,1163,2024,6
margin,resid_h4_k12,2024,7,1419,2024,6,prior_weekly_forecast_errors,1163,2024,6
margin,resid_h16_k4,2024,7,1419,2024,6,prior_weekly_forecast_errors,1163,2024,6
margin,resid_h16_k12,2024,7,1419,2024,6,prior_weekly_forecast_errors,1163,2024,6
total,market_centered,2024,7,1419,2024,6,prior_weekly_forecast_errors,1163,2024,6
total,market_relationships,2024,7,1419,2024,6,prior_weekly_forecast_errors,1163,2024,6
total,resid_h4_k4,2024,7,1419,2024,6,prior_weekly_forecast_errors,1163,2024,6
total,resid_h4_k12,2024,7,1419,2024,6,prior_weekly_forecast_errors,1163,2024,6
total,resid_h16_k4,2024,7,1419,2024,6,prior_weekly_forecast_errors,1163,2024,6
total,resid_h16_k12,2024,7,1419,2024,6,prior_weekly_forecast_errors,1163,2024,6
margin,market_centered,2024,8,1434,2024,7,prior_weekly_forecast_errors,1178,2024,7
margin,market_relationships,2024,8,1434,2024,7,prior_weekly_forecast_errors,1178,2024,7
margin,resid_h4_k4,2024,8,1434,2024,7,prior_weekly_forecast_errors,1178,2024,7
margin,resid_h4_k12,2024,8,1434,2024,7,prior_weekly_forecast_errors,1178,2024,7
margin,resid_h16_k4,2024,8,1434,2024,7,prior_weekly_forecast_errors,1178,2024,7
margin,resid_h16_k12,2024,8,1434,2024,7,prior_weekly_forecast_errors,1178,2024,7
total,market_centered,2024,8,1434,2024,7,prior_weekly_forecast_errors,1178,2024,7
total,market_relationships,2024,8,1434,2024,7,prior_weekly_forecast_errors,1178,2024,7
total,resid_h4_k4,2024,8,1434,2024,7,prior_weekly_forecast_errors,1178,2024,7
total,resid_h4_k12,2024,8,1434,2024,7,prior_weekly_forecast_errors,1178,2024,7
total,resid_h16_k4,2024,8,1434,2024,7,prior_weekly_forecast_errors,1178,2024,7
total,resid_h16_k12,2024,8,1434,2024,7,prior_weekly_forecast_errors,1178,2024,7
margin,market_centered,2024,9,1450,2024,8,prior_weekly_forecast_errors,1194,2024,8
margin,market_relationships,2024,9,1450,2024,8,prior_weekly_forecast_errors,1194,2024,8
margin,resid_h4_k4,2024,9,1450,2024,8,prior_weekly_forecast_errors,1194,2024,8
margin,resid_h4_k12,2024,9,1450,2024,8,prior_weekly_forecast_errors,1194,2024,8
margin,resid_h16_k4,2024,9,1450,2024,8,prior_weekly_forecast_errors,1194,2024,8
margin,resid_h16_k12,2024,9,1450,2024,8,prior_weekly_forecast_errors,1194,2024,8
total,market_centered,2024,9,1450,2024,8,prior_weekly_forecast_errors,1194,2024,8
total,market_relationships,2024,9,1450,2024,8,prior_weekly_forecast_errors,1194,2024,8
total,resid_h4_k4,2024,9,1450,2024,8,prior_weekly_forecast_errors,1194,2024,8
total,resid_h4_k12,2024,9,1450,2024,8,prior_weekly_forecast_errors,1194,2024,8
total,resid_h16_k4,2024,9,1450,2024,8,prior_weekly_forecast_errors,1194,2024,8
total,resid_h16_k12,2024,9,1450,2024,8,prior_weekly_forecast_errors,1194,2024,8
margin,market_centered,2024,10,1465,2024,9,prior_weekly_forecast_errors,1209,2024,9
margin,market_relationships,2024,10,1465,2024,9,prior_weekly_forecast_errors,1209,2024,9
margin,resid_h4_k4,2024,10,1465,2024,9,prior_weekly_forecast_errors,1209,2024,9
margin,resid_h4_k12,2024,10,1465,2024,9,prior_weekly_forecast_errors,1209,2024,9
margin,resid_h16_k4,2024,10,1465,2024,9,prior_weekly_forecast_errors,1209,2024,9
margin,resid_h16_k12,2024,10,1465,2024,9,prior_weekly_forecast_errors,1209,2024,9
total,market_centered,2024,10,1465,2024,9,prior_weekly_forecast_errors,1209,2024,9
total,market_relationships,2024,10,1465,2024,9,prior_weekly_forecast_errors,1209,2024,9
total,resid_h4_k4,2024,10,1465,2024,9,prior_weekly_forecast_errors,1209,2024,9
total,resid_h4_k12,2024,10,1465,2024,9,prior_weekly_forecast_errors,1209,2024,9
total,resid_h16_k4,2024,10,1465,2024,9,prior_weekly_forecast_errors,1209,2024,9
total,resid_h16_k12,2024,10,1465,2024,9,prior_weekly_forecast_errors,1209,2024,9
margin,market_centered,2024,11,1479,2024,10,prior_weekly_forecast_errors,1223,2024,10
margin,market_relationships,2024,11,1479,2024,10,prior_weekly_forecast_errors,1223,2024,10
margin,resid_h4_k4,2024,11,1479,2024,10,prior_weekly_forecast_errors,1223,2024,10
margin,resid_h4_k12,2024,11,1479,2024,10,prior_weekly_forecast_errors,1223,2024,10
margin,resid_h16_k4,2024,11,1479,2024,10,prior_weekly_forecast_errors,1223,2024,10
margin,resid_h16_k12,2024,11,1479,2024,10,prior_weekly_forecast_errors,1223,2024,10
total,market_centered,2024,11,1479,2024,10,prior_weekly_forecast_errors,1223,2024,10
total,market_relationships,2024,11,1479,2024,10,prior_weekly_forecast_errors,1223,2024,10
total,resid_h4_k4,2024,11,1479,2024,10,prior_weekly_forecast_errors,1223,2024,10
total,resid_h4_k12,2024,11,1479,2024,10,prior_weekly_forecast_errors,1223,2024,10
total,resid_h16_k4,2024,11,1479,2024,10,prior_weekly_forecast_errors,1223,2024,10
total,resid_h16_k12,2024,11,1479,2024,10,prior_weekly_forecast_errors,1223,2024,10
margin,market_centered,2024,12,1493,2024,11,prior_weekly_forecast_errors,1237,2024,11
margin,market_relationships,2024,12,1493,2024,11,prior_weekly_forecast_errors,1237,2024,11
margin,resid_h4_k4,2024,12,1493,2024,11,prior_weekly_forecast_errors,1237,2024,11
margin,resid_h4_k12,2024,12,1493,2024,11,prior_weekly_forecast_errors,1237,2024,11
margin,resid_h16_k4,2024,12,1493,2024,11,prior_weekly_forecast_errors,1237,2024,11
margin,resid_h16_k12,2024,12,1493,2024,11,prior_weekly_forecast_errors,1237,2024,11
total,market_centered,2024,12,1493,2024,11,prior_weekly_forecast_errors,1237,2024,11
total,market_relationships,2024,12,1493,2024,11,prior_weekly_forecast_errors,1237,2024,11
total,resid_h4_k4,2024,12,1493,2024,11,prior_weekly_forecast_errors,1237,2024,11
total,resid_h4_k12,2024,12,1493,2024,11,prior_weekly_forecast_errors,1237,2024,11
total,resid_h16_k4,2024,12,1493,2024,11,prior_weekly_forecast_errors,1237,2024,11
total,resid_h16_k12,2024,12,1493,2024,11,prior_weekly_forecast_errors,1237,2024,11
margin,market_centered,2024,13,1506,2024,12,prior_weekly_forecast_errors,1250,2024,12
margin,market_relationships,2024,13,1506,2024,12,prior_weekly_forecast_errors,1250,2024,12
margin,resid_h4_k4,2024,13,1506,2024,12,prior_weekly_forecast_errors,1250,2024,12
margin,resid_h4_k12,2024,13,1506,2024,12,prior_weekly_forecast_errors,1250,2024,12
margin,resid_h16_k4,2024,13,1506,2024,12,prior_weekly_forecast_errors,1250,2024,12
margin,resid_h16_k12,2024,13,1506,2024,12,prior_weekly_forecast_errors,1250,2024,12
total,market_centered,2024,13,1506,2024,12,prior_weekly_forecast_errors,1250,2024,12
total,market_relationships,2024,13,1506,2024,12,prior_weekly_forecast_errors,1250,2024,12
total,resid_h4_k4,2024,13,1506,2024,12,prior_weekly_forecast_errors,1250,2024,12
total,resid_h4_k12,2024,13,1506,2024,12,prior_weekly_forecast_errors,1250,2024,12
total,resid_h16_k4,2024,13,1506,2024,12,prior_weekly_forecast_errors,1250,2024,12
total,resid_h16_k12,2024,13,1506,2024,12,prior_weekly_forecast_errors,1250,2024,12
margin,market_centered,2024,14,1522,2024,13,prior_weekly_forecast_errors,1266,2024,13
margin,market_relationships,2024,14,1522,2024,13,prior_weekly_forecast_errors,1266,2024,13
margin,resid_h4_k4,2024,14,1522,2024,13,prior_weekly_forecast_errors,1266,2024,13
margin,resid_h4_k12,2024,14,1522,2024,13,prior_weekly_forecast_errors,1266,2024,13
margin,resid_h16_k4,2024,14,1522,2024,13,prior_weekly_forecast_errors,1266,2024,13
margin,resid_h16_k12,2024,14,1522,2024,13,prior_weekly_forecast_errors,1266,2024,13
total,market_centered,2024,14,1522,2024,13,prior_weekly_forecast_errors,1266,2024,13
total,market_relationships,2024,14,1522,2024,13,prior_weekly_forecast_errors,1266,2024,13
total,resid_h4_k4,2024,14,1522,2024,13,prior_weekly_forecast_errors,1266,2024,13
total,resid_h4_k12,2024,14,1522,2024,13,prior_weekly_forecast_errors,1266,2024,13
total,resid_h16_k4,2024,14,1522,2024,13,prior_weekly_forecast_errors,1266,2024,13
total,resid_h16_k12,2024,14,1522,2024,13,prior_weekly_forecast_errors,1266,2024,13
margin,market_centered,2024,15,1535,2024,14,prior_weekly_forecast_errors,1279,2024,14
margin,market_relationships,2024,15,1535,2024,14,prior_weekly_forecast_errors,1279,2024,14
margin,resid_h4_k4,2024,15,1535,2024,14,prior_weekly_forecast_errors,1279,2024,14
margin,resid_h4_k12,2024,15,1535,2024,14,prior_weekly_forecast_errors,1279,2024,14
margin,resid_h16_k4,2024,15,1535,2024,14,prior_weekly_forecast_errors,1279,2024,14
margin,resid_h16_k12,2024,15,1535,2024,14,prior_weekly_forecast_errors,1279,2024,14
total,market_centered,2024,15,1535,2024,14,prior_weekly_forecast_errors,1279,2024,14
total,market_relationships,2024,15,1535,2024,14,prior_weekly_forecast_errors,1279,2024,14
total,resid_h4_k4,2024,15,1535,2024,14,prior_weekly_forecast_errors,1279,2024,14
total,resid_h4_k12,2024,15,1535,2024,14,prior_weekly_forecast_errors,1279,2024,14
total,resid_h16_k4,2024,15,1535,2024,14,prior_weekly_forecast_errors,1279,2024,14
total,resid_h16_k12,2024,15,1535,2024,14,prior_weekly_forecast_errors,1279,2024,14
margin,market_centered,2024,16,1551,2024,15,prior_weekly_forecast_errors,1295,2024,15
margin,market_relationships,2024,16,1551,2024,15,prior_weekly_forecast_errors,1295,2024,15
margin,resid_h4_k4,2024,16,1551,2024,15,prior_weekly_forecast_errors,1295,2024,15
margin,resid_h4_k12,2024,16,1551,2024,15,prior_weekly_forecast_errors,1295,2024,15
margin,resid_h16_k4,2024,16,1551,2024,15,prior_weekly_forecast_errors,1295,2024,15
margin,resid_h16_k12,2024,16,1551,2024,15,prior_weekly_forecast_errors,1295,2024,15
total,market_centered,2024,16,1551,2024,15,prior_weekly_forecast_errors,1295,2024,15
total,market_relationships,2024,16,1551,2024,15,prior_weekly_forecast_errors,1295,2024,15
total,resid_h4_k4,2024,16,1551,2024,15,prior_weekly_forecast_errors,1295,2024,15
total,resid_h4_k12,2024,16,1551,2024,15,prior_weekly_forecast_errors,1295,2024,15
total,resid_h16_k4,2024,16,1551,2024,15,prior_weekly_forecast_errors,1295,2024,15
total,resid_h16_k12,2024,16,1551,2024,15,prior_weekly_forecast_errors,1295,2024,15
margin,market_centered,2024,17,1567,2024,16,prior_weekly_forecast_errors,1311,2024,16
margin,market_relationships,2024,17,1567,2024,16,prior_weekly_forecast_errors,1311,2024,16
margin,resid_h4_k4,2024,17,1567,2024,16,prior_weekly_forecast_errors,1311,2024,16
margin,resid_h4_k12,2024,17,1567,2024,16,prior_weekly_forecast_errors,1311,2024,16
margin,resid_h16_k4,2024,17,1567,2024,16,prior_weekly_forecast_errors,1311,2024,16
margin,resid_h16_k12,2024,17,1567,2024,16,prior_weekly_forecast_errors,1311,2024,16
total,market_centered,2024,17,1567,2024,16,prior_weekly_forecast_errors,1311,2024,16
total,market_relationships,2024,17,1567,2024,16,prior_weekly_forecast_errors,1311,2024,16
total,resid_h4_k4,2024,17,1567,2024,16,prior_weekly_forecast_errors,1311,2024,16
total,resid_h4_k12,2024,17,1567,2024,16,prior_weekly_forecast_errors,1311,2024,16
total,resid_h16_k4,2024,17,1567,2024,16,prior_weekly_forecast_errors,1311,2024,16
total,resid_h16_k12,2024,17,1567,2024,16,prior_weekly_forecast_errors,1311,2024,16
margin,market_centered,2024,18,1583,2024,17,prior_weekly_forecast_errors,1327,2024,17
margin,market_relationships,2024,18,1583,2024,17,prior_weekly_forecast_errors,1327,2024,17
margin,resid_h4_k4,2024,18,1583,2024,17,prior_weekly_forecast_errors,1327,2024,17
margin,resid_h4_k12,2024,18,1583,2024,17,prior_weekly_forecast_errors,1327,2024,17
margin,resid_h16_k4,2024,18,1583,2024,17,prior_weekly_forecast_errors,1327,2024,17
margin,resid_h16_k12,2024,18,1583,2024,17,prior_weekly_forecast_errors,1327,2024,17
total,market_centered,2024,18,1583,2024,17,prior_weekly_forecast_errors,1327,2024,17
total,market_relationships,2024,18,1583,2024,17,prior_weekly_forecast_errors,1327,2024,17
total,resid_h4_k4,2024,18,1583,2024,17,prior_weekly_forecast_errors,1327,2024,17
total,resid_h4_k12,2024,18,1583,2024,17,prior_weekly_forecast_errors,1327,2024,17
total,resid_h16_k4,2024,18,1583,2024,17,prior_weekly_forecast_errors,1327,2024,17
total,resid_h16_k12,2024,18,1583,2024,17,prior_weekly_forecast_errors,1327,2024,17
margin,market_centered,2025,1,1599,2024,18,prior_weekly_forecast_errors,1343,2024,18
margin,market_relationships,2025,1,1599,2024,18,prior_weekly_forecast_errors,1343,2024,18
margin,resid_h4_k4,2025,1,1599,2024,18,prior_weekly_forecast_errors,1343,2024,18
margin,resid_h4_k12,2025,1,1599,2024,18,prior_weekly_forecast_errors,1343,2024,18
margin,resid_h16_k4,2025,1,1599,2024,18,prior_weekly_forecast_errors,1343,2024,18
margin,resid_h16_k12,2025,1,1599,2024,18,prior_weekly_forecast_errors,1343,2024,18
total,market_centered,2025,1,1599,2024,18,prior_weekly_forecast_errors,1343,2024,18
total,market_relationships,2025,1,1599,2024,18,prior_weekly_forecast_errors,1343,2024,18
total,resid_h4_k4,2025,1,1599,2024,18,prior_weekly_forecast_errors,1343,2024,18
total,resid_h4_k12,2025,1,1599,2024,18,prior_weekly_forecast_errors,1343,2024,18
total,resid_h16_k4,2025,1,1599,2024,18,prior_weekly_forecast_errors,1343,2024,18
total,resid_h16_k12,2025,1,1599,2024,18,prior_weekly_forecast_errors,1343,2024,18
margin,market_centered,2025,2,1615,2025,1,prior_weekly_forecast_errors,1359,2025,1
margin,market_relationships,2025,2,1615,2025,1,prior_weekly_forecast_errors,1359,2025,1
margin,resid_h4_k4,2025,2,1615,2025,1,prior_weekly_forecast_errors,1359,2025,1
margin,resid_h4_k12,2025,2,1615,2025,1,prior_weekly_forecast_errors,1359,2025,1
margin,resid_h16_k4,2025,2,1615,2025,1,prior_weekly_forecast_errors,1359,2025,1
margin,resid_h16_k12,2025,2,1615,2025,1,prior_weekly_forecast_errors,1359,2025,1
total,market_centered,2025,2,1615,2025,1,prior_weekly_forecast_errors,1359,2025,1
total,market_relationships,2025,2,1615,2025,1,prior_weekly_forecast_errors,1359,2025,1
total,resid_h4_k4,2025,2,1615,2025,1,prior_weekly_forecast_errors,1359,2025,1
total,resid_h4_k12,2025,2,1615,2025,1,prior_weekly_forecast_errors,1359,2025,1
total,resid_h16_k4,2025,2,1615,2025,1,prior_weekly_forecast_errors,1359,2025,1
total,resid_h16_k12,2025,2,1615,2025,1,prior_weekly_forecast_errors,1359,2025,1
margin,market_centered,2025,3,1631,2025,2,prior_weekly_forecast_errors,1375,2025,2
margin,market_relationships,2025,3,1631,2025,2,prior_weekly_forecast_errors,1375,2025,2
margin,resid_h4_k4,2025,3,1631,2025,2,prior_weekly_forecast_errors,1375,2025,2
margin,resid_h4_k12,2025,3,1631,2025,2,prior_weekly_forecast_errors,1375,2025,2
margin,resid_h16_k4,2025,3,1631,2025,2,prior_weekly_forecast_errors,1375,2025,2
margin,resid_h16_k12,2025,3,1631,2025,2,prior_weekly_forecast_errors,1375,2025,2
total,market_centered,2025,3,1631,2025,2,prior_weekly_forecast_errors,1375,2025,2
total,market_relationships,2025,3,1631,2025,2,prior_weekly_forecast_errors,1375,2025,2
total,resid_h4_k4,2025,3,1631,2025,2,prior_weekly_forecast_errors,1375,2025,2
total,resid_h4_k12,2025,3,1631,2025,2,prior_weekly_forecast_errors,1375,2025,2
total,resid_h16_k4,2025,3,1631,2025,2,prior_weekly_forecast_errors,1375,2025,2
total,resid_h16_k12,2025,3,1631,2025,2,prior_weekly_forecast_errors,1375,2025,2
margin,market_centered,2025,4,1647,2025,3,prior_weekly_forecast_errors,1391,2025,3
margin,market_relationships,2025,4,1647,2025,3,prior_weekly_forecast_errors,1391,2025,3
margin,resid_h4_k4,2025,4,1647,2025,3,prior_weekly_forecast_errors,1391,2025,3
margin,resid_h4_k12,2025,4,1647,2025,3,prior_weekly_forecast_errors,1391,2025,3
margin,resid_h16_k4,2025,4,1647,2025,3,prior_weekly_forecast_errors,1391,2025,3
margin,resid_h16_k12,2025,4,1647,2025,3,prior_weekly_forecast_errors,1391,2025,3
total,market_centered,2025,4,1647,2025,3,prior_weekly_forecast_errors,1391,2025,3
total,market_relationships,2025,4,1647,2025,3,prior_weekly_forecast_errors,1391,2025,3
total,resid_h4_k4,2025,4,1647,2025,3,prior_weekly_forecast_errors,1391,2025,3
total,resid_h4_k12,2025,4,1647,2025,3,prior_weekly_forecast_errors,1391,2025,3
total,resid_h16_k4,2025,4,1647,2025,3,prior_weekly_forecast_errors,1391,2025,3
total,resid_h16_k12,2025,4,1647,2025,3,prior_weekly_forecast_errors,1391,2025,3
margin,market_centered,2025,5,1663,2025,4,prior_weekly_forecast_errors,1407,2025,4
margin,market_relationships,2025,5,1663,2025,4,prior_weekly_forecast_errors,1407,2025,4
margin,resid_h4_k4,2025,5,1663,2025,4,prior_weekly_forecast_errors,1407,2025,4
margin,resid_h4_k12,2025,5,1663,2025,4,prior_weekly_forecast_errors,1407,2025,4
margin,resid_h16_k4,2025,5,1663,2025,4,prior_weekly_forecast_errors,1407,2025,4
margin,resid_h16_k12,2025,5,1663,2025,4,prior_weekly_forecast_errors,1407,2025,4
total,market_centered,2025,5,1663,2025,4,prior_weekly_forecast_errors,1407,2025,4
total,market_relationships,2025,5,1663,2025,4,prior_weekly_forecast_errors,1407,2025,4
total,resid_h4_k4,2025,5,1663,2025,4,prior_weekly_forecast_errors,1407,2025,4
total,resid_h4_k12,2025,5,1663,2025,4,prior_weekly_forecast_errors,1407,2025,4
total,resid_h16_k4,2025,5,1663,2025,4,prior_weekly_forecast_errors,1407,2025,4
total,resid_h16_k12,2025,5,1663,2025,4,prior_weekly_forecast_errors,1407,2025,4
margin,market_centered,2025,6,1677,2025,5,prior_weekly_forecast_errors,1421,2025,5
margin,market_relationships,2025,6,1677,2025,5,prior_weekly_forecast_errors,1421,2025,5
margin,resid_h4_k4,2025,6,1677,2025,5,prior_weekly_forecast_errors,1421,2025,5
margin,resid_h4_k12,2025,6,1677,2025,5,prior_weekly_forecast_errors,1421,2025,5
margin,resid_h16_k4,2025,6,1677,2025,5,prior_weekly_forecast_errors,1421,2025,5
margin,resid_h16_k12,2025,6,1677,2025,5,prior_weekly_forecast_errors,1421,2025,5
total,market_centered,2025,6,1677,2025,5,prior_weekly_forecast_errors,1421,2025,5
total,market_relationships,2025,6,1677,2025,5,prior_weekly_forecast_errors,1421,2025,5
total,resid_h4_k4,2025,6,1677,2025,5,prior_weekly_forecast_errors,1421,2025,5
total,resid_h4_k12,2025,6,1677,2025,5,prior_weekly_forecast_errors,1421,2025,5
total,resid_h16_k4,2025,6,1677,2025,5,prior_weekly_forecast_errors,1421,2025,5
total,resid_h16_k12,2025,6,1677,2025,5,prior_weekly_forecast_errors,1421,2025,5
margin,market_centered,2025,7,1692,2025,6,prior_weekly_forecast_errors,1436,2025,6
margin,market_relationships,2025,7,1692,2025,6,prior_weekly_forecast_errors,1436,2025,6
margin,resid_h4_k4,2025,7,1692,2025,6,prior_weekly_forecast_errors,1436,2025,6
margin,resid_h4_k12,2025,7,1692,2025,6,prior_weekly_forecast_errors,1436,2025,6
margin,resid_h16_k4,2025,7,1692,2025,6,prior_weekly_forecast_errors,1436,2025,6
margin,resid_h16_k12,2025,7,1692,2025,6,prior_weekly_forecast_errors,1436,2025,6
total,market_centered,2025,7,1692,2025,6,prior_weekly_forecast_errors,1436,2025,6
total,market_relationships,2025,7,1692,2025,6,prior_weekly_forecast_errors,1436,2025,6
total,resid_h4_k4,2025,7,1692,2025,6,prior_weekly_forecast_errors,1436,2025,6
total,resid_h4_k12,2025,7,1692,2025,6,prior_weekly_forecast_errors,1436,2025,6
total,resid_h16_k4,2025,7,1692,2025,6,prior_weekly_forecast_errors,1436,2025,6
total,resid_h16_k12,2025,7,1692,2025,6,prior_weekly_forecast_errors,1436,2025,6
margin,market_centered,2025,8,1707,2025,7,prior_weekly_forecast_errors,1451,2025,7
margin,market_relationships,2025,8,1707,2025,7,prior_weekly_forecast_errors,1451,2025,7
margin,resid_h4_k4,2025,8,1707,2025,7,prior_weekly_forecast_errors,1451,2025,7
margin,resid_h4_k12,2025,8,1707,2025,7,prior_weekly_forecast_errors,1451,2025,7
margin,resid_h16_k4,2025,8,1707,2025,7,prior_weekly_forecast_errors,1451,2025,7
margin,resid_h16_k12,2025,8,1707,2025,7,prior_weekly_forecast_errors,1451,2025,7
total,market_centered,2025,8,1707,2025,7,prior_weekly_forecast_errors,1451,2025,7
total,market_relationships,2025,8,1707,2025,7,prior_weekly_forecast_errors,1451,2025,7
total,resid_h4_k4,2025,8,1707,2025,7,prior_weekly_forecast_errors,1451,2025,7
total,resid_h4_k12,2025,8,1707,2025,7,prior_weekly_forecast_errors,1451,2025,7
total,resid_h16_k4,2025,8,1707,2025,7,prior_weekly_forecast_errors,1451,2025,7
total,resid_h16_k12,2025,8,1707,2025,7,prior_weekly_forecast_errors,1451,2025,7
margin,market_centered,2025,9,1720,2025,8,prior_weekly_forecast_errors,1464,2025,8
margin,market_relationships,2025,9,1720,2025,8,prior_weekly_forecast_errors,1464,2025,8
margin,resid_h4_k4,2025,9,1720,2025,8,prior_weekly_forecast_errors,1464,2025,8
margin,resid_h4_k12,2025,9,1720,2025,8,prior_weekly_forecast_errors,1464,2025,8
margin,resid_h16_k4,2025,9,1720,2025,8,prior_weekly_forecast_errors,1464,2025,8
margin,resid_h16_k12,2025,9,1720,2025,8,prior_weekly_forecast_errors,1464,2025,8
total,market_centered,2025,9,1720,2025,8,prior_weekly_forecast_errors,1464,2025,8
total,market_relationships,2025,9,1720,2025,8,prior_weekly_forecast_errors,1464,2025,8
total,resid_h4_k4,2025,9,1720,2025,8,prior_weekly_forecast_errors,1464,2025,8
total,resid_h4_k12,2025,9,1720,2025,8,prior_weekly_forecast_errors,1464,2025,8
total,resid_h16_k4,2025,9,1720,2025,8,prior_weekly_forecast_errors,1464,2025,8
total,resid_h16_k12,2025,9,1720,2025,8,prior_weekly_forecast_errors,1464,2025,8
margin,market_centered,2025,10,1734,2025,9,prior_weekly_forecast_errors,1478,2025,9
margin,market_relationships,2025,10,1734,2025,9,prior_weekly_forecast_errors,1478,2025,9
margin,resid_h4_k4,2025,10,1734,2025,9,prior_weekly_forecast_errors,1478,2025,9
margin,resid_h4_k12,2025,10,1734,2025,9,prior_weekly_forecast_errors,1478,2025,9
margin,resid_h16_k4,2025,10,1734,2025,9,prior_weekly_forecast_errors,1478,2025,9
margin,resid_h16_k12,2025,10,1734,2025,9,prior_weekly_forecast_errors,1478,2025,9
total,market_centered,2025,10,1734,2025,9,prior_weekly_forecast_errors,1478,2025,9
total,market_relationships,2025,10,1734,2025,9,prior_weekly_forecast_errors,1478,2025,9
total,resid_h4_k4,2025,10,1734,2025,9,prior_weekly_forecast_errors,1478,2025,9
total,resid_h4_k12,2025,10,1734,2025,9,prior_weekly_forecast_errors,1478,2025,9
total,resid_h16_k4,2025,10,1734,2025,9,prior_weekly_forecast_errors,1478,2025,9
total,resid_h16_k12,2025,10,1734,2025,9,prior_weekly_forecast_errors,1478,2025,9
margin,market_centered,2025,11,1748,2025,10,prior_weekly_forecast_errors,1492,2025,10
margin,market_relationships,2025,11,1748,2025,10,prior_weekly_forecast_errors,1492,2025,10
margin,resid_h4_k4,2025,11,1748,2025,10,prior_weekly_forecast_errors,1492,2025,10
margin,resid_h4_k12,2025,11,1748,2025,10,prior_weekly_forecast_errors,1492,2025,10
margin,resid_h16_k4,2025,11,1748,2025,10,prior_weekly_forecast_errors,1492,2025,10
margin,resid_h16_k12,2025,11,1748,2025,10,prior_weekly_forecast_errors,1492,2025,10
total,market_centered,2025,11,1748,2025,10,prior_weekly_forecast_errors,1492,2025,10
total,market_relationships,2025,11,1748,2025,10,prior_weekly_forecast_errors,1492,2025,10
total,resid_h4_k4,2025,11,1748,2025,10,prior_weekly_forecast_errors,1492,2025,10
total,resid_h4_k12,2025,11,1748,2025,10,prior_weekly_forecast_errors,1492,2025,10
total,resid_h16_k4,2025,11,1748,2025,10,prior_weekly_forecast_errors,1492,2025,10
total,resid_h16_k12,2025,11,1748,2025,10,prior_weekly_forecast_errors,1492,2025,10
margin,market_centered,2025,12,1763,2025,11,prior_weekly_forecast_errors,1507,2025,11
margin,market_relationships,2025,12,1763,2025,11,prior_weekly_forecast_errors,1507,2025,11
margin,resid_h4_k4,2025,12,1763,2025,11,prior_weekly_forecast_errors,1507,2025,11
margin,resid_h4_k12,2025,12,1763,2025,11,prior_weekly_forecast_errors,1507,2025,11
margin,resid_h16_k4,2025,12,1763,2025,11,prior_weekly_forecast_errors,1507,2025,11
margin,resid_h16_k12,2025,12,1763,2025,11,prior_weekly_forecast_errors,1507,2025,11
total,market_centered,2025,12,1763,2025,11,prior_weekly_forecast_errors,1507,2025,11
total,market_relationships,2025,12,1763,2025,11,prior_weekly_forecast_errors,1507,2025,11
total,resid_h4_k4,2025,12,1763,2025,11,prior_weekly_forecast_errors,1507,2025,11
total,resid_h4_k12,2025,12,1763,2025,11,prior_weekly_forecast_errors,1507,2025,11
total,resid_h16_k4,2025,12,1763,2025,11,prior_weekly_forecast_errors,1507,2025,11
total,resid_h16_k12,2025,12,1763,2025,11,prior_weekly_forecast_errors,1507,2025,11
margin,market_centered,2025,13,1777,2025,12,prior_weekly_forecast_errors,1521,2025,12
margin,market_relationships,2025,13,1777,2025,12,prior_weekly_forecast_errors,1521,2025,12
margin,resid_h4_k4,2025,13,1777,2025,12,prior_weekly_forecast_errors,1521,2025,12
margin,resid_h4_k12,2025,13,1777,2025,12,prior_weekly_forecast_errors,1521,2025,12
margin,resid_h16_k4,2025,13,1777,2025,12,prior_weekly_forecast_errors,1521,2025,12
margin,resid_h16_k12,2025,13,1777,2025,12,prior_weekly_forecast_errors,1521,2025,12
total,market_centered,2025,13,1777,2025,12,prior_weekly_forecast_errors,1521,2025,12
total,market_relationships,2025,13,1777,2025,12,prior_weekly_forecast_errors,1521,2025,12
total,resid_h4_k4,2025,13,1777,2025,12,prior_weekly_forecast_errors,1521,2025,12
total,resid_h4_k12,2025,13,1777,2025,12,prior_weekly_forecast_errors,1521,2025,12
total,resid_h16_k4,2025,13,1777,2025,12,prior_weekly_forecast_errors,1521,2025,12
total,resid_h16_k12,2025,13,1777,2025,12,prior_weekly_forecast_errors,1521,2025,12
margin,market_centered,2025,14,1793,2025,13,prior_weekly_forecast_errors,1537,2025,13
margin,market_relationships,2025,14,1793,2025,13,prior_weekly_forecast_errors,1537,2025,13
margin,resid_h4_k4,2025,14,1793,2025,13,prior_weekly_forecast_errors,1537,2025,13
margin,resid_h4_k12,2025,14,1793,2025,13,prior_weekly_forecast_errors,1537,2025,13
margin,resid_h16_k4,2025,14,1793,2025,13,prior_weekly_forecast_errors,1537,2025,13
margin,resid_h16_k12,2025,14,1793,2025,13,prior_weekly_forecast_errors,1537,2025,13
total,market_centered,2025,14,1793,2025,13,prior_weekly_forecast_errors,1537,2025,13
total,market_relationships,2025,14,1793,2025,13,prior_weekly_forecast_errors,1537,2025,13
total,resid_h4_k4,2025,14,1793,2025,13,prior_weekly_forecast_errors,1537,2025,13
total,resid_h4_k12,2025,14,1793,2025,13,prior_weekly_forecast_errors,1537,2025,13
total,resid_h16_k4,2025,14,1793,2025,13,prior_weekly_forecast_errors,1537,2025,13
total,resid_h16_k12,2025,14,1793,2025,13,prior_weekly_forecast_errors,1537,2025,13
margin,market_centered,2025,15,1807,2025,14,prior_weekly_forecast_errors,1551,2025,14
margin,market_relationships,2025,15,1807,2025,14,prior_weekly_forecast_errors,1551,2025,14
margin,resid_h4_k4,2025,15,1807,2025,14,prior_weekly_forecast_errors,1551,2025,14
margin,resid_h4_k12,2025,15,1807,2025,14,prior_weekly_forecast_errors,1551,2025,14
margin,resid_h16_k4,2025,15,1807,2025,14,prior_weekly_forecast_errors,1551,2025,14
margin,resid_h16_k12,2025,15,1807,2025,14,prior_weekly_forecast_errors,1551,2025,14
total,market_centered,2025,15,1807,2025,14,prior_weekly_forecast_errors,1551,2025,14
total,market_relationships,2025,15,1807,2025,14,prior_weekly_forecast_errors,1551,2025,14
total,resid_h4_k4,2025,15,1807,2025,14,prior_weekly_forecast_errors,1551,2025,14
total,resid_h4_k12,2025,15,1807,2025,14,prior_weekly_forecast_errors,1551,2025,14
total,resid_h16_k4,2025,15,1807,2025,14,prior_weekly_forecast_errors,1551,2025,14
total,resid_h16_k12,2025,15,1807,2025,14,prior_weekly_forecast_errors,1551,2025,14
margin,market_centered,2025,16,1823,2025,15,prior_weekly_forecast_errors,1567,2025,15
margin,market_relationships,2025,16,1823,2025,15,prior_weekly_forecast_errors,1567,2025,15
margin,resid_h4_k4,2025,16,1823,2025,15,prior_weekly_forecast_errors,1567,2025,15
margin,resid_h4_k12,2025,16,1823,2025,15,prior_weekly_forecast_errors,1567,2025,15
margin,resid_h16_k4,2025,16,1823,2025,15,prior_weekly_forecast_errors,1567,2025,15
margin,resid_h16_k12,2025,16,1823,2025,15,prior_weekly_forecast_errors,1567,2025,15
total,market_centered,2025,16,1823,2025,15,prior_weekly_forecast_errors,1567,2025,15
total,market_relationships,2025,16,1823,2025,15,prior_weekly_forecast_errors,1567,2025,15
total,resid_h4_k4,2025,16,1823,2025,15,prior_weekly_forecast_errors,1567,2025,15
total,resid_h4_k12,2025,16,1823,2025,15,prior_weekly_forecast_errors,1567,2025,15
total,resid_h16_k4,2025,16,1823,2025,15,prior_weekly_forecast_errors,1567,2025,15
total,resid_h16_k12,2025,16,1823,2025,15,prior_weekly_forecast_errors,1567,2025,15
margin,market_centered,2025,17,1839,2025,16,prior_weekly_forecast_errors,1583,2025,16
margin,market_relationships,2025,17,1839,2025,16,prior_weekly_forecast_errors,1583,2025,16
margin,resid_h4_k4,2025,17,1839,2025,16,prior_weekly_forecast_errors,1583,2025,16
margin,resid_h4_k12,2025,17,1839,2025,16,prior_weekly_forecast_errors,1583,2025,16
margin,resid_h16_k4,2025,17,1839,2025,16,prior_weekly_forecast_errors,1583,2025,16
margin,resid_h16_k12,2025,17,1839,2025,16,prior_weekly_forecast_errors,1583,2025,16
total,market_centered,2025,17,1839,2025,16,prior_weekly_forecast_errors,1583,2025,16
total,market_relationships,2025,17,1839,2025,16,prior_weekly_forecast_errors,1583,2025,16
total,resid_h4_k4,2025,17,1839,2025,16,prior_weekly_forecast_errors,1583,2025,16
total,resid_h4_k12,2025,17,1839,2025,16,prior_weekly_forecast_errors,1583,2025,16
total,resid_h16_k4,2025,17,1839,2025,16,prior_weekly_forecast_errors,1583,2025,16
total,resid_h16_k12,2025,17,1839,2025,16,prior_weekly_forecast_errors,1583,2025,16
margin,market_centered,2025,18,1855,2025,17,prior_weekly_forecast_errors,1599,2025,17
margin,market_relationships,2025,18,1855,2025,17,prior_weekly_forecast_errors,1599,2025,17
margin,resid_h4_k4,2025,18,1855,2025,17,prior_weekly_forecast_errors,1599,2025,17
margin,resid_h4_k12,2025,18,1855,2025,17,prior_weekly_forecast_errors,1599,2025,17
margin,resid_h16_k4,2025,18,1855,2025,17,prior_weekly_forecast_errors,1599,2025,17
margin,resid_h16_k12,2025,18,1855,2025,17,prior_weekly_forecast_errors,1599,2025,17
total,market_centered,2025,18,1855,2025,17,prior_weekly_forecast_errors,1599,2025,17
total,market_relationships,2025,18,1855,2025,17,prior_weekly_forecast_errors,1599,2025,17
total,resid_h4_k4,2025,18,1855,2025,17,prior_weekly_forecast_errors,1599,2025,17
total,resid_h4_k12,2025,18,1855,2025,17,prior_weekly_forecast_errors,1599,2025,17
total,resid_h16_k4,2025,18,1855,2025,17,prior_weekly_forecast_errors,1599,2025,17
total,resid_h16_k12,2025,18,1855,2025,17,prior_weekly_forecast_errors,1599,2025,17
margin,market_centered,2026,1,1871,2025,18,prior_weekly_forecast_errors,1615,2025,18
margin,market_relationships,2026,1,1871,2025,18,prior_weekly_forecast_errors,1615,2025,18
margin,resid_h4_k4,2026,1,1871,2025,18,prior_weekly_forecast_errors,1615,2025,18
margin,resid_h4_k12,2026,1,1871,2025,18,prior_weekly_forecast_errors,1615,2025,18
margin,resid_h16_k4,2026,1,1871,2025,18,prior_weekly_forecast_errors,1615,2025,18
margin,resid_h16_k12,2026,1,1871,2025,18,prior_weekly_forecast_errors,1615,2025,18
total,market_centered,2026,1,1871,2025,18,prior_weekly_forecast_errors,1615,2025,18
total,market_relationships,2026,1,1871,2025,18,prior_weekly_forecast_errors,1615,2025,18
total,resid_h4_k4,2026,1,1871,2025,18,prior_weekly_forecast_errors,1615,2025,18
total,resid_h4_k12,2026,1,1871,2025,18,prior_weekly_forecast_errors,1615,2025,18
total,resid_h16_k4,2026,1,1871,2025,18,prior_weekly_forecast_errors,1615,2025,18
total,resid_h16_k12,2026,1,1871,2025,18,prior_weekly_forecast_errors,1615,2025,18
margin,market_centered,2026,2,1887,2026,1,prior_weekly_forecast_errors,1631,2026,1
margin,market_relationships,2026,2,1887,2026,1,prior_weekly_forecast_errors,1631,2026,1
margin,resid_h4_k4,2026,2,1887,2026,1,prior_weekly_forecast_errors,1631,2026,1
margin,resid_h4_k12,2026,2,1887,2026,1,prior_weekly_forecast_errors,1631,2026,1
margin,resid_h16_k4,2026,2,1887,2026,1,prior_weekly_forecast_errors,1631,2026,1
margin,resid_h16_k12,2026,2,1887,2026,1,prior_weekly_forecast_errors,1631,2026,1
total,market_centered,2026,2,1887,2026,1,prior_weekly_forecast_errors,1631,2026,1
total,market_relationships,2026,2,1887,2026,1,prior_weekly_forecast_errors,1631,2026,1
total,resid_h4_k4,2026,2,1887,2026,1,prior_weekly_forecast_errors,1631,2026,1
total,resid_h4_k12,2026,2,1887,2026,1,prior_weekly_forecast_errors,1631,2026,1
total,resid_h16_k4,2026,2,1887,2026,1,prior_weekly_forecast_errors,1631,2026,1
total,resid_h16_k12,2026,2,1887,2026,1,prior_weekly_forecast_errors,1631,2026,1
margin,market_centered,2026,3,1903,2026,2,prior_weekly_forecast_errors,1647,2026,2
margin,market_relationships,2026,3,1903,2026,2,prior_weekly_forecast_errors,1647,2026,2
margin,resid_h4_k4,2026,3,1903,2026,2,prior_weekly_forecast_errors,1647,2026,2
margin,resid_h4_k12,2026,3,1903,2026,2,prior_weekly_forecast_errors,1647,2026,2
margin,resid_h16_k4,2026,3,1903,2026,2,prior_weekly_forecast_errors,1647,2026,2
margin,resid_h16_k12,2026,3,1903,2026,2,prior_weekly_forecast_errors,1647,2026,2
total,market_centered,2026,3,1903,2026,2,prior_weekly_forecast_errors,1647,2026,2
total,market_relationships,2026,3,1903,2026,2,prior_weekly_forecast_errors,1647,2026,2
total,resid_h4_k4,2026,3,1903,2026,2,prior_weekly_forecast_errors,1647,2026,2
total,resid_h4_k12,2026,3,1903,2026,2,prior_weekly_forecast_errors,1647,2026,2
total,resid_h16_k4,2026,3,1903,2026,2,prior_weekly_forecast_errors,1647,2026,2
total,resid_h16_k12,2026,3,1903,2026,2,prior_weekly_forecast_errors,1647,2026,2
margin,market_centered,2026,4,1919,2026,3,prior_weekly_forecast_errors,1663,2026,3
margin,market_relationships,2026,4,1919,2026,3,prior_weekly_forecast_errors,1663,2026,3
margin,resid_h4_k4,2026,4,1919,2026,3,prior_weekly_forecast_errors,1663,2026,3
margin,resid_h4_k12,2026,4,1919,2026,3,prior_weekly_forecast_errors,1663,2026,3
margin,resid_h16_k4,2026,4,1919,2026,3,prior_weekly_forecast_errors,1663,2026,3
margin,resid_h16_k12,2026,4,1919,2026,3,prior_weekly_forecast_errors,1663,2026,3
total,market_centered,2026,4,1919,2026,3,prior_weekly_forecast_errors,1663,2026,3
total,market_relationships,2026,4,1919,2026,3,prior_weekly_forecast_errors,1663,2026,3
total,resid_h4_k4,2026,4,1919,2026,3,prior_weekly_forecast_errors,1663,2026,3
total,resid_h4_k12,2026,4,1919,2026,3,prior_weekly_forecast_errors,1663,2026,3
total,resid_h16_k4,2026,4,1919,2026,3,prior_weekly_forecast_errors,1663,2026,3
total,resid_h16_k12,2026,4,1919,2026,3,prior_weekly_forecast_errors,1663,2026,3
margin,market_centered,2026,5,1935,2026,4,prior_weekly_forecast_errors,1679,2026,4
margin,market_relationships,2026,5,1935,2026,4,prior_weekly_forecast_errors,1679,2026,4
margin,resid_h4_k4,2026,5,1935,2026,4,prior_weekly_forecast_errors,1679,2026,4
margin,resid_h4_k12,2026,5,1935,2026,4,prior_weekly_forecast_errors,1679,2026,4
margin,resid_h16_k4,2026,5,1935,2026,4,prior_weekly_forecast_errors,1679,2026,4
margin,resid_h16_k12,2026,5,1935,2026,4,prior_weekly_forecast_errors,1679,2026,4
total,market_centered,2026,5,1935,2026,4,prior_weekly_forecast_errors,1679,2026,4
total,market_relationships,2026,5,1935,2026,4,prior_weekly_forecast_errors,1679,2026,4
total,resid_h4_k4,2026,5,1935,2026,4,prior_weekly_forecast_errors,1679,2026,4
total,resid_h4_k12,2026,5,1935,2026,4,prior_weekly_forecast_errors,1679,2026,4
total,resid_h16_k4,2026,5,1935,2026,4,prior_weekly_forecast_errors,1679,2026,4
total,resid_h16_k12,2026,5,1935,2026,4,prior_weekly_forecast_errors,1679,2026,4
